age,gender,gender_num,race4,race_num,contrib_donate,Contribute_num,faminc_new,incom_num,vchoice_rematch,vchoice_num,employ,employ_num,abrtpre_standard,Abort_num,socdesir_lies,lies_num,secular_reason,secular_num,pew_churatd,Chuch_num,school_racism,racism_num,school_gender,schoolgen_num,trust_soctrust,trust_num,border_legal,border_num,aid_ukraine,ukraine_num,aid_israel,isreal_num,aid_palest,aid_palest_num,
33,Female,2,Black,1,No,0,"$20,000 - $29,999",3,Joe Biden,1,Full-time,1,"By law, a woman should always be able to obtain an abortion as a matter of perso",4,Rarely,4,Both equally,2,Once or twice a month,4,A moderate amount,2,A moderate amount,3,Some of the time,4,About the same,3,Strongly oppose,1,Neither favor nor oppose,3,Neither favor nor oppose,3,
35,Male,1,White,3,No,0,"Less than $10,000",1,Donald Trump,2,Unemployed,3,Other,5,Rarely,4,Both equally,2,More than once a week,6,A little,2,None at all,5,About half the time,3,About the same,3,Somewhat oppose,2,Somewhat favor,4,Strongly oppose,1,
38,Female,2,White,3,No,0,"$60,000 - $69,999",7,Donald Trump,2,Homemaker,6,"The law should permit abortion only in case of rape, incest, or when the woman's",2,Moderately often,3,Reason and evidence,1,Never,1,None at all,1,None at all,5,Never,5,A lot harder,5,Strongly oppose,1,Strongly oppose,1,Strongly oppose,1,
37,Female,2,White,3,Yes,1,"$20,000 - $29,999",3,Joe Biden,1,Permanently disabled,7,Other,5,Moderately often,3,Reason and evidence,1,Seldom,2,A lot,1,A little,4,About half the time,3,Somewhat harder,4,Strongly favor,5,Neither favor nor oppose,3,Strongly favor,5,
74,Female,2,White,3,No,0,"$70,000 - $79,999",8,Donald Trump,2,Full-time,1,"By law, a woman should always be able to obtain an abortion as a matter of perso",4,Rarely,4,Both equally,2,Once or twice a month,4,A great deal,2,None at all,5,About half the time,3,A lot easier,1,Somewhat favor,4,Neither favor nor oppose,3,Somewhat favor,4,
39,Female,2,White,3,No,0,"$150,000 - $199,999",6,Joe Biden,1,Full-time,1,"The law should permit abortion only in case of rape, incest, or when the woman's",2,Rarely,4,Both equally,2,Seldom,2,A moderate amount,2,A moderate amount,3,Some of the time,4,About the same,3,Somewhat oppose,2,Somewhat favor,4,Neither favor nor oppose,3,
38,Female,2,White,3,No,0,"$10,000 - $19,999",2,Donald Trump,2,Part-time,2,"The law should permit abortion for reasons other than rape,",3,Rarely,4,Reason and evidence,1,Never,1,A little,1,None at all,5,Some of the time,4,About the same,3,Somewhat oppose,2,Neither favor nor oppose,3,Neither favor nor oppose,3,
20,Male,1,White,3,No,0,"Less than $10,000",1,Joe Biden,1,Student,4,"By law, a woman should always be able to obtain an abortion as a matter of perso",4,Rarely,4,Reason and evidence,1,Never,1,A great deal,1,A moderate amount,3,Some of the time,4,A lot easier,1,Neither favor nor oppose,3,Strongly oppose,1,Strongly favor,5,
73,Male,1,White,3,No,0,"$20,000 - $29,999",3,Donald Trump,2,Retired,5,"The law should permit abortion for reasons other than rape,",3,Rarely,4,Reason and evidence,1,Never,1,None at all,1,None at all,5,Some of the time,4,Somewhat easier,2,Somewhat favor,4,Strongly favor,5,Somewhat oppose,2,
35,Female,2,Black,1,No,0,"$20,000 - $29,999",3,Joe Biden,1,Unemployed,3,"By law, a woman should always be able to obtain an abortion as a matter of perso",4,Rarely,4,Both equally,2,Never,1,A moderate amount,2,A moderate amount,3,Some of the time,4,About the same,3,Neither favor nor oppose,3,Neither favor nor oppose,3,Neither favor nor oppose,3,
23,Male,1,Hispanic,2,No,0,"$30,000 - $39,999",4,Joe Biden,1,Student,4,"The law should permit abortion only in case of rape, incest, or when the woman's",2,Rarely,4,Both equally,2,Once a week,5,A moderate amount,2,A moderate amount,3,Most of the time,2,Somewhat easier,2,Neither favor nor oppose,3,Neither favor nor oppose,3,Neither favor nor oppose,3,
68,Male,1,White,3,No,0,"$40,000 - $49,999",5,Joe Biden,1,Retired,5,"By law, a woman should always be able to obtain an abortion as a matter of perso",4,Rarely,4,Reason and evidence,1,Once or twice a month,4,A lot,1,A moderate amount,3,Most of the time,2,Somewhat easier,2,Neither favor nor oppose,3,Somewhat oppose,2,Strongly favor,5,
28,Female,2,White,3,No,0,"$70,000 - $79,999",8,Joe Biden,1,Student,4,Other,5,Rarely,4,Both equally,2,More than once a week,6,A little,2,None at all,5,Some of the time,4,About the same,3,Neither favor nor oppose,3,Neither favor nor oppose,3,Neither favor nor oppose,3,
59,Female,2,White,3,No,0,"$30,000 - $39,999",4,Joe Biden,1,Full-time,1,Other,5,Moderately often,3,Both equally,2,A few times a year,3,A lot,2,A little,4,Most of the time,2,A lot easier,1,Strongly favor,5,Somewhat oppose,2,Strongly favor,5,
25,Female,2,White,3,No,0,"Less than $10,000",1,Joe Biden,1,Unemployed,3,"By law, a woman should always be able to obtain an abortion as a matter of perso",4,Rarely,4,Reason and evidence,1,Never,1,A great deal,1,A great deal,1,Never,5,About the same,3,Somewhat favor,4,Strongly oppose,1,Strongly favor,5,
22,Female,2,White,3,No,0,"$30,000 - $39,999",4,Donald Trump,2,Permanently disabled,7,"The law should permit abortion for reasons other than rape,",3,Rarely,4,Both equally,2,More than once a week,6,A moderate amount,2,None at all,5,Most of the time,2,About the same,3,Neither favor nor oppose,3,Neither favor nor oppose,3,Neither favor nor oppose,3,
73,Female,2,White,3,Yes,1,"$20,000 - $29,999",3,Donald Trump,2,Retired,5,"The law should permit abortion for reasons other than rape,",3,Rarely,4,Reason and evidence,1,Seldom,2,None at all,1,None at all,5,Most of the time,2,About the same,3,Neither favor nor oppose,3,Somewhat favor,4,Somewhat oppose,2,
31,Female,2,Black,1,No,0,"$50,000 - $59,999",6,Joe Biden,1,Full-time,1,"The law should permit abortion only in case of rape, incest, or when the woman's",2,Rarely,4,Religious beliefs,3,A few times a year,3,A moderate amount,3,None at all,5,About half the time,3,About the same,3,Somewhat favor,4,Strongly oppose,1,Strongly favor,5,
71,Female,2,White,3,No,0,"$10,000 - $19,999",2,Joe Biden,1,Retired,5,"By law, a woman should always be able to obtain an abortion as a matter of perso",4,Rarely,4,Reason and evidence,1,Seldom,2,A moderate amount,1,None at all,5,Some of the time,4,Somewhat harder,4,Strongly favor,5,Strongly favor,5,Strongly favor,5,
24,Female,2,White,3,No,0,"$50,000 - $59,999",6,Joe Biden,1,Full-time,1,"By law, a woman should always be able to obtain an abortion as a matter of perso",4,Rarely,4,Reason and evidence,1,Seldom,2,A great deal,1,None at all,5,Most of the time,2,Somewhat easier,2,Neither favor nor oppose,3,Strongly oppose,1,Strongly favor,5,
57,Female,2,White,3,No,0,"$10,000 - $19,999",2,Donald Trump,2,Permanently disabled,7,"By law, abortion should never be permitted.",1,Rarely,4,Both equally,2,Seldom,2,None at all,2,None at all,5,Some of the time,4,A lot harder,5,Strongly oppose,1,Strongly oppose,1,Strongly favor,5,
64,Female,2,White,3,Yes,1,"$80,000 - $99,999",9,Joe Biden,1,Full-time,1,"By law, a woman should always be able to obtain an abortion as a matter of perso",4,Rarely,4,Reason and evidence,1,Never,1,A moderate amount,1,A little,4,Most of the time,2,About the same,3,Strongly favor,5,Somewhat oppose,2,Somewhat favor,4,
76,Female,2,White,3,No,0,"$60,000 - $69,999",7,Donald Trump,2,Retired,5,"The law should permit abortion only in case of rape, incest, or when the woman's",2,Rarely,4,Both equally,2,Once a week,5,A moderate amount,2,A moderate amount,3,Most of the time,2,About the same,3,Somewhat favor,4,Somewhat favor,4,Strongly favor,5,
75,Female,2,White,3,No,0,"$20,000 - $29,999",3,Joe Biden,1,Retired,5,"By law, a woman should always be able to obtain an abortion as a matter of perso",4,Rarely,4,Both equally,2,Once or twice a month,4,A little,2,A little,4,Some of the time,4,Somewhat harder,4,Neither favor nor oppose,3,Neither favor nor oppose,3,Neither favor nor oppose,3,
40,Male,1,White,3,No,0,"$40,000 - $49,999",5,Donald Trump,2,Full-time,1,"By law, a woman should always be able to obtain an abortion as a matter of perso",4,Rarely,4,Reason and evidence,1,Never,1,A moderate amount,1,A moderate amount,3,Some of the time,4,Somewhat harder,4,Somewhat favor,4,Somewhat oppose,2,Neither favor nor oppose,3,
63,Male,1,Black,1,No,0,"$20,000 - $29,999",3,Joe Biden,1,Homemaker,6,"By law, a woman should always be able to obtain an abortion as a matter of perso",4,Rarely,4,Both equally,2,Once a week,5,A moderate amount,2,A moderate amount,3,About half the time,3,About the same,3,Neither favor nor oppose,3,Neither favor nor oppose,3,Neither favor nor oppose,3,
76,Male,1,White,3,Yes,1,"$40,000 - $49,999",5,Joe Biden,1,Retired,5,"The law should permit abortion for reasons other than rape,",3,Moderately often,3,Reason and evidence,1,Seldom,2,A lot,1,A moderate amount,3,Most of the time,2,About the same,3,Strongly favor,5,Somewhat favor,4,Somewhat favor,4,
69,Female,2,White,3,No,0,"$30,000 - $39,999",4,Donald Trump,2,Retired,5,"The law should permit abortion only in case of rape, incest, or when the woman's",2,Never,5,Both equally,2,Seldom,2,A little,2,None at all,5,Most of the time,2,About the same,3,Neither favor nor oppose,3,Strongly favor,5,Neither favor nor oppose,3,
58,Female,2,White,3,No,0,"$40,000 - $49,999",5,Donald Trump,2,Unemployed,3,"The law should permit abortion only in case of rape, incest, or when the woman's",2,Never,5,Religious beliefs,3,Seldom,2,None at all,3,None at all,5,Some of the time,4,Somewhat harder,4,Strongly oppose,1,Neither favor nor oppose,3,Strongly favor,5,
77,Male,1,Black,1,Yes,1,"$100,000 - $119,999",11,Joe Biden,1,Retired,5,"By law, a woman should always be able to obtain an abortion as a matter of perso",4,Moderately often,3,Both equally,2,Once or twice a month,4,A great deal,2,A lot,2,About half the time,3,Somewhat harder,4,Strongly favor,5,Somewhat oppose,2,Strongly favor,5,
66,Female,2,White,3,Yes,1,"$10,000 - $19,999",2,Donald Trump,2,Retired,5,"By law, a woman should always be able to obtain an abortion as a matter of perso",4,Rarely,4,Both equally,2,Never,1,A moderate amount,2,None at all,5,Some of the time,4,Somewhat easier,2,Strongly favor,5,Neither favor nor oppose,3,Somewhat favor,4,
62,Male,1,White,3,Yes,1,"$30,000 - $39,999",4,Joe Biden,1,Part-time,2,"By law, a woman should always be able to obtain an abortion as a matter of perso",4,Rarely,4,Reason and evidence,1,A few times a year,3,A great deal,1,A moderate amount,3,Some of the time,4,A lot easier,1,Strongly favor,5,Neither favor nor oppose,3,Strongly favor,5,
67,Female,2,Black,1,No,0,"$50,000 - $59,999",6,Donald Trump,2,Retired,5,"The law should permit abortion for reasons other than rape,",3,Rarely,4,Reason and evidence,1,A few times a year,3,A great deal,1,A lot,2,Some of the time,4,Somewhat harder,4,Strongly oppose,1,Neither favor nor oppose,3,Neither favor nor oppose,3,
55,Female,2,White,3,Yes,1,"$40,000 - $49,999",5,Joe Biden,1,Other,8,"By law, a woman should always be able to obtain an abortion as a matter of perso",4,Rarely,4,Reason and evidence,1,Never,1,A great deal,1,A great deal,1,About half the time,3,A lot easier,1,Somewhat favor,4,Somewhat oppose,2,Somewhat favor,4,
64,Female,2,White,3,No,0,"$120,000 - $149,999",3,Joe Biden,1,Retired,5,"By law, a woman should always be able to obtain an abortion as a matter of perso",4,Rarely,4,Reason and evidence,1,Never,1,A great deal,1,A little,4,About half the time,3,Somewhat harder,4,Somewhat favor,4,Somewhat favor,4,Somewhat favor,4,
74,Female,2,White,3,No,0,"$70,000 - $79,999",8,Joe Biden,1,Part-time,2,"The law should permit abortion for reasons other than rape,",3,Rarely,4,Both equally,2,Once or twice a month,4,A moderate amount,2,A moderate amount,3,Most of the time,2,Somewhat harder,4,Somewhat favor,4,Somewhat oppose,2,Somewhat favor,4,
26,Female,2,White,3,Yes,1,"$50,000 - $59,999",6,Joe Biden,1,Full-time,1,"By law, a woman should always be able to obtain an abortion as a matter of perso",4,Never,5,Reason and evidence,1,Once or twice a month,4,A moderate amount,1,A moderate amount,3,Most of the time,2,About the same,3,Strongly favor,5,Somewhat favor,4,Somewhat favor,4,
53,Male,1,Black,1,Yes,1,"$50,000 - $59,999",6,Joe Biden,1,Part-time,2,"The law should permit abortion for reasons other than rape,",3,Moderately often,3,Reason and evidence,1,Once a week,5,A lot,1,A moderate amount,3,About half the time,3,Somewhat harder,4,Strongly favor,5,Strongly favor,5,Somewhat favor,4,
70,Female,2,White,3,No,0,"$10,000 - $19,999",2,Joe Biden,1,Retired,5,"By law, a woman should always be able to obtain an abortion as a matter of perso",4,Rarely,4,Both equally,2,A few times a year,3,A moderate amount,2,A moderate amount,3,About half the time,3,About the same,3,Somewhat favor,4,Somewhat favor,4,Strongly favor,5,
34,Male,1,White,3,No,0,"$80,000 - $99,999",9,Donald Trump,2,Full-time,1,"The law should permit abortion only in case of rape, incest, or when the woman's",2,Rarely,4,Reason and evidence,1,Never,1,None at all,1,None at all,5,About half the time,3,A lot harder,5,Strongly oppose,1,Strongly oppose,1,Strongly oppose,1,
80,Male,1,White,3,Yes,1,"$30,000 - $39,999",4,Donald Trump,2,Retired,5,"The law should permit abortion only in case of rape, incest, or when the woman's",2,Rarely,4,Both equally,2,A few times a year,3,None at all,2,None at all,5,Most of the time,2,A lot harder,5,Somewhat favor,4,Strongly favor,5,Strongly oppose,1,
58,Male,1,White,3,No,0,"$70,000 - $79,999",8,Joe Biden,1,Other,8,"By law, a woman should always be able to obtain an abortion as a matter of perso",4,Never,5,Reason and evidence,1,Never,1,A lot,1,A moderate amount,3,Most of the time,2,A lot easier,1,Somewhat favor,4,Somewhat oppose,2,Strongly favor,5,
68,Male,1,White,3,No,0,"$70,000 - $79,999",8,Joe Biden,1,Part-time,2,"By law, a woman should always be able to obtain an abortion as a matter of perso",4,Moderately often,3,Reason and evidence,1,Seldom,2,A little,1,A little,4,Most of the time,2,About the same,3,Strongly favor,5,Strongly favor,5,Somewhat oppose,2,
55,Female,2,White,3,No,0,"$20,000 - $29,999",3,Joe Biden,1,Other,8,"By law, a woman should always be able to obtain an abortion as a matter of perso",4,Rarely,4,Both equally,2,A few times a year,3,A moderate amount,2,A moderate amount,3,Most of the time,2,Somewhat easier,2,Strongly favor,5,Neither favor nor oppose,3,Neither favor nor oppose,3,
67,Male,1,White,3,No,0,"$10,000 - $19,999",2,Joe Biden,1,Unemployed,3,"By law, a woman should always be able to obtain an abortion as a matter of perso",4,Never,5,Both equally,2,Never,1,A moderate amount,2,A little,4,Most of the time,2,About the same,3,Strongly favor,5,Strongly favor,5,Strongly favor,5,
69,Male,1,White,3,No,0,"$100,000 - $119,999",11,Joe Biden,1,Full-time,1,"By law, a woman should always be able to obtain an abortion as a matter of perso",4,Never,5,Reason and evidence,1,Never,1,A moderate amount,1,None at all,5,Most of the time,2,Somewhat harder,4,Strongly favor,5,Neither favor nor oppose,3,Neither favor nor oppose,3,
73,Female,2,White,3,No,0,"$50,000 - $59,999",6,Donald Trump,2,Retired,5,"By law, abortion should never be permitted.",1,Rarely,4,Both equally,2,More than once a week,6,A moderate amount,2,None at all,5,Most of the time,2,Somewhat harder,4,Somewhat oppose,2,Neither favor nor oppose,3,Somewhat favor,4,
21,Female,2,White,3,No,0,"$20,000 - $29,999",3,Joe Biden,1,Full-time,1,"By law, a woman should always be able to obtain an abortion as a matter of perso",4,Moderately often,3,Reason and evidence,1,Seldom,2,A great deal,1,A little,4,Some of the time,4,Somewhat easier,2,Somewhat favor,4,Strongly oppose,1,Strongly favor,5,
65,Female,2,White,3,Yes,1,"$70,000 - $79,999",8,Joe Biden,1,Part-time,2,"By law, a woman should always be able to obtain an abortion as a matter of perso",4,Rarely,4,Reason and evidence,1,Once or twice a month,4,A moderate amount,1,A little,4,Most of the time,2,Somewhat easier,2,Strongly favor,5,Somewhat oppose,2,Strongly favor,5,
59,Male,1,White,3,No,0,"$20,000 - $29,999",3,Donald Trump,2,Full-time,1,"The law should permit abortion only in case of rape, incest, or when the woman's",2,Rarely,4,Both equally,2,Seldom,2,A little,2,None at all,5,About half the time,3,Somewhat harder,4,Neither favor nor oppose,3,Somewhat favor,4,Somewhat oppose,2,
71,Female,2,White,3,No,0,"$60,000 - $69,999",7,Joe Biden,1,Retired,5,"By law, a woman should always be able to obtain an abortion as a matter of perso",4,Rarely,4,Reason and evidence,1,Never,1,A moderate amount,1,A moderate amount,3,Most of the time,2,About the same,3,Strongly favor,5,Strongly oppose,1,Neither favor nor oppose,3,
32,Female,2,White,3,No,0,"$30,000 - $39,999",4,Donald Trump,2,Full-time,1,"The law should permit abortion for reasons other than rape,",3,Rarely,4,Both equally,2,Once or twice a month,4,A moderate amount,2,A moderate amount,3,Never,5,Somewhat harder,4,Neither favor nor oppose,3,Neither favor nor oppose,3,Neither favor nor oppose,3,
66,Female,2,White,3,Yes,1,"$120,000 - $149,999",3,Joe Biden,1,Retired,5,Other,5,Never,5,Both equally,2,A few times a year,3,A lot,2,None at all,5,Most of the time,2,About the same,3,Strongly favor,5,Neither favor nor oppose,3,Strongly favor,5,
72,Female,2,White,3,No,0,"$100,000 - $119,999",11,Joe Biden,1,Part-time,2,"The law should permit abortion for reasons other than rape,",3,Rarely,4,Both equally,2,Once or twice a month,4,A moderate amount,2,A little,4,About half the time,3,Somewhat easier,2,Somewhat favor,4,Somewhat favor,4,Somewhat favor,4,
61,Male,1,Hispanic,2,No,0,"$120,000 - $149,999",3,Joe Biden,1,Full-time,1,"By law, a woman should always be able to obtain an abortion as a matter of perso",4,Never,5,Reason and evidence,1,Never,1,A lot,1,A great deal,1,Never,5,A lot easier,1,Strongly favor,5,Strongly oppose,1,Strongly favor,5,
79,Female,2,White,3,Yes,1,"$60,000 - $69,999",7,Donald Trump,2,Retired,5,"The law should permit abortion for reasons other than rape,",3,Never,5,Both equally,2,Once a week,5,None at all,2,None at all,5,Most of the time,2,A lot harder,5,Somewhat favor,4,Strongly favor,5,Strongly oppose,1,
58,Male,1,White,3,No,0,"$60,000 - $69,999",7,Donald Trump,2,Temporarily laid off,9,Other,5,Never,5,Reason and evidence,1,Never,1,A little,1,A lot,2,Some of the time,4,Somewhat harder,4,Somewhat favor,4,Somewhat favor,4,Somewhat favor,4,
21,Male,1,White,3,Yes,1,"$10,000 - $19,999",2,Joe Biden,1,Unemployed,3,"By law, abortion should never be permitted.",1,Very often,2,Both equally,2,A few times a year,3,A moderate amount,2,A moderate amount,3,About half the time,3,A lot harder,5,Somewhat oppose,2,Neither favor nor oppose,3,Somewhat favor,4,
36,Male,1,White,3,No,0,"$50,000 - $59,999",6,Joe Biden,1,Full-time,1,"By law, a woman should always be able to obtain an abortion as a matter of perso",4,Rarely,4,Reason and evidence,1,Never,1,A great deal,1,A little,4,Most of the time,2,Somewhat easier,2,Somewhat favor,4,Strongly oppose,1,Strongly favor,5,
55,Female,2,White,3,No,0,"$80,000 - $99,999",9,Donald Trump,2,Permanently disabled,7,"The law should permit abortion only in case of rape, incest, or when the woman's",2,Rarely,4,Both equally,2,Once a week,5,None at all,2,None at all,5,Most of the time,2,A lot harder,5,Strongly oppose,1,Strongly favor,5,Strongly oppose,1,
73,Male,1,White,3,Yes,1,"$80,000 - $99,999",9,Joe Biden,1,Retired,5,"By law, a woman should always be able to obtain an abortion as a matter of perso",4,Rarely,4,Reason and evidence,1,Once a week,5,A moderate amount,1,A little,4,Some of the time,4,A lot easier,1,Strongly favor,5,Somewhat favor,4,Somewhat favor,4,0
39,Male,1,White,3,Yes,1,"$250,000 - $349,999",6,Joe Biden,1,Full-time,1,"By law, a woman should always be able to obtain an abortion as a matter of perso",4,Moderately often,3,Reason and evidence,1,Never,1,A great deal,1,A great deal,1,About half the time,3,A lot easier,1,Somewhat favor,4,Strongly oppose,1,Strongly favor,5,
24,Male,1,White,3,No,0,"$40,000 - $49,999",5,Joe Biden,1,Full-time,1,"The law should permit abortion only in case of rape, incest, or when the woman's",2,Rarely,4,Reason and evidence,1,Once a week,5,A great deal,1,A great deal,1,Some of the time,4,A lot easier,1,Strongly favor,5,Somewhat favor,4,Neither favor nor oppose,3,
24,Male,1,White,3,Yes,1,"$40,000 - $49,999",5,Joe Biden,1,Part-time,2,"By law, a woman should always be able to obtain an abortion as a matter of perso",4,Rarely,4,Reason and evidence,1,Never,1,A great deal,1,A moderate amount,3,About half the time,3,Somewhat easier,2,Somewhat favor,4,Strongly oppose,1,Strongly favor,5,
76,Female,2,White,3,No,0,"$150,000 - $199,999",6,Joe Biden,1,Retired,5,"By law, a woman should always be able to obtain an abortion as a matter of perso",4,Rarely,4,Both equally,2,Never,1,A moderate amount,2,A moderate amount,3,Some of the time,4,About the same,3,Strongly favor,5,Neither favor nor oppose,3,Neither favor nor oppose,3,
72,Male,1,White,3,Yes,1,"$250,000 - $349,999",6,Joe Biden,1,Retired,5,"By law, a woman should always be able to obtain an abortion as a matter of perso",4,Rarely,4,Reason and evidence,1,Never,1,A great deal,1,A lot,2,Most of the time,2,Somewhat harder,4,Strongly favor,5,Neither favor nor oppose,3,Strongly favor,5,
24,Male,1,Hispanic,2,Yes,1,"$70,000 - $79,999",8,Joe Biden,1,Part-time,2,"The law should permit abortion for reasons other than rape,",3,Moderately often,3,Both equally,2,More than once a week,6,A great deal,2,A lot,2,Most of the time,2,About the same,3,Neither favor nor oppose,3,Somewhat favor,4,Neither favor nor oppose,3,
70,Male,1,White,3,No,0,"$100,000 - $119,999",11,Joe Biden,1,Full-time,1,"By law, a woman should always be able to obtain an abortion as a matter of perso",4,Rarely,4,Reason and evidence,1,Seldom,2,A lot,1,A little,4,About half the time,3,Somewhat harder,4,Strongly favor,5,Somewhat favor,4,Somewhat favor,4,
34,Female,2,White,3,No,0,"$40,000 - $49,999",5,Donald Trump,2,Full-time,1,"By law, abortion should never be permitted.",1,Rarely,4,Both equally,2,More than once a week,6,None at all,2,None at all,5,Some of the time,4,About the same,3,Neither favor nor oppose,3,Strongly favor,5,Neither favor nor oppose,3,
48,Male,1,White,3,No,0,"$150,000 - $199,999",6,Joe Biden,1,Full-time,1,"By law, a woman should always be able to obtain an abortion as a matter of perso",4,Rarely,4,Both equally,2,More than once a week,6,A lot,2,A moderate amount,3,Most of the time,2,Somewhat easier,2,Strongly favor,5,Neither favor nor oppose,3,Strongly favor,5,
39,Female,2,White,3,No,0,"$120,000 - $149,999",3,Joe Biden,1,Homemaker,6,"By law, a woman should always be able to obtain an abortion as a matter of perso",4,Rarely,4,Both equally,2,Once or twice a month,4,A moderate amount,2,A moderate amount,3,Most of the time,2,A lot easier,1,Strongly favor,5,Neither favor nor oppose,3,Strongly favor,5,
54,Male,1,White,3,No,0,"$60,000 - $69,999",7,Donald Trump,2,Unemployed,3,"The law should permit abortion for reasons other than rape,",3,Never,5,Reason and evidence,1,Once or twice a month,4,A little,1,None at all,5,Most of the time,2,Somewhat easier,2,Neither favor nor oppose,3,Neither favor nor oppose,3,Neither favor nor oppose,3,
70,Male,1,White,3,No,0,"$100,000 - $119,999",11,Donald Trump,2,Retired,5,Other,5,Rarely,4,Reason and evidence,1,Never,1,A great deal,1,None at all,5,Most of the time,2,A lot harder,5,Somewhat favor,4,Somewhat favor,4,Neither favor nor oppose,3,
29,Female,2,Black,1,No,0,"$250,000 - $349,999",6,Joe Biden,1,Full-time,1,"The law should permit abortion only in case of rape, incest, or when the woman's",2,Rarely,4,Both equally,2,Once a week,5,A great deal,2,A great deal,1,Most of the time,2,A lot easier,1,Somewhat favor,4,Somewhat favor,4,Strongly favor,5,
65,Female,2,Black,1,No,0,"$40,000 - $49,999",5,Joe Biden,1,Unemployed,3,"By law, a woman should always be able to obtain an abortion as a matter of perso",4,Rarely,4,Reason and evidence,1,Once a week,5,A moderate amount,1,A little,4,Some of the time,4,Somewhat easier,2,Neither favor nor oppose,3,Neither favor nor oppose,3,Neither favor nor oppose,3,
52,Female,2,White,3,No,0,"$70,000 - $79,999",8,Donald Trump,2,Full-time,1,"The law should permit abortion only in case of rape, incest, or when the woman's",2,Rarely,4,Reason and evidence,1,Never,1,A little,1,None at all,5,Some of the time,4,A lot harder,5,Somewhat oppose,2,Strongly favor,5,Strongly oppose,1,
42,Male,1,Black,1,No,0,"$20,000 - $29,999",3,Donald Trump,2,Part-time,2,"By law, a woman should always be able to obtain an abortion as a matter of perso",4,Never,5,Both equally,2,Never,1,A great deal,2,A moderate amount,3,Some of the time,4,A lot harder,5,Neither favor nor oppose,3,Neither favor nor oppose,3,Somewhat favor,4,
61,Female,2,White,3,No,0,"$80,000 - $99,999",9,Donald Trump,2,Other,8,"The law should permit abortion for reasons other than rape,",3,Rarely,4,Both equally,2,Never,1,A little,2,A little,4,Some of the time,4,A lot harder,5,Neither favor nor oppose,3,Neither favor nor oppose,3,Neither favor nor oppose,3,
64,Male,1,White,3,No,0,"$60,000 - $69,999",7,Donald Trump,2,Full-time,1,"The law should permit abortion for reasons other than rape,",3,Never,5,Reason and evidence,1,Once or twice a month,4,None at all,1,None at all,5,Some of the time,4,About the same,3,Strongly oppose,1,Strongly oppose,1,Strongly oppose,1,
57,Male,1,White,3,No,0,"$50,000 - $59,999",6,Donald Trump,2,Full-time,1,"By law, a woman should always be able to obtain an abortion as a matter of perso",4,Rarely,4,Reason and evidence,1,Seldom,2,A little,1,None at all,5,Some of the time,4,About the same,3,Strongly oppose,1,Strongly oppose,1,Neither favor nor oppose,3,
20,Female,2,Hispanic,2,No,0,"$20,000 - $29,999",3,Donald Trump,2,Unemployed,3,"The law should permit abortion only in case of rape, incest, or when the woman's",2,Moderately often,3,Both equally,2,Seldom,2,None at all,2,None at all,5,About half the time,3,A lot harder,5,Strongly oppose,1,Strongly oppose,1,Strongly oppose,1,
57,Male,1,White,3,No,0,"$250,000 - $349,999",6,Donald Trump,2,Full-time,1,Other,5,Rarely,4,Both equally,2,Never,1,A little,2,None at all,5,Most of the time,2,About the same,3,Somewhat oppose,2,Somewhat oppose,2,Strongly oppose,1,
56,Female,2,White,3,No,0,"$40,000 - $49,999",5,Donald Trump,2,Full-time,1,"The law should permit abortion only in case of rape, incest, or when the woman's",2,Rarely,4,Religious beliefs,3,Once a week,5,A moderate amount,3,None at all,5,About half the time,3,A lot harder,5,Somewhat favor,4,Somewhat favor,4,Strongly favor,5,
62,Male,1,White,3,Yes,1,"$60,000 - $69,999",7,Donald Trump,2,Retired,5,"The law should permit abortion for reasons other than rape,",3,Rarely,4,Reason and evidence,1,Never,1,A little,1,None at all,5,Most of the time,2,A lot harder,5,Somewhat oppose,2,Somewhat favor,4,Somewhat favor,4,
43,Male,1,Hispanic,2,Yes,1,"$20,000 - $29,999",3,Joe Biden,1,Homemaker,6,"By law, a woman should always be able to obtain an abortion as a matter of perso",4,Very often,2,Reason and evidence,1,Never,1,A lot,1,A moderate amount,3,Most of the time,2,A lot easier,1,Somewhat favor,4,Somewhat oppose,2,Somewhat oppose,2,
73,Male,1,White,3,No,0,"$60,000 - $69,999",7,Donald Trump,2,Retired,5,"The law should permit abortion only in case of rape, incest, or when the woman's",2,Very often,2,Reason and evidence,1,Never,1,A moderate amount,1,None at all,5,Some of the time,4,About the same,3,Somewhat oppose,2,Strongly favor,5,Neither favor nor oppose,3,
83,Female,2,White,3,No,0,"$30,000 - $39,999",4,Donald Trump,2,Retired,5,"By law, a woman should always be able to obtain an abortion as a matter of perso",4,Rarely,4,Both equally,2,Once or twice a month,4,A little,2,None at all,5,Most of the time,2,Somewhat harder,4,Somewhat favor,4,Neither favor nor oppose,3,Somewhat oppose,2,
59,Female,2,White,3,No,0,"$50,000 - $59,999",6,Donald Trump,2,Full-time,1,"By law, a woman should always be able to obtain an abortion as a matter of perso",4,Rarely,4,Both equally,2,Seldom,2,A moderate amount,2,None at all,5,Some of the time,4,A lot harder,5,Strongly oppose,1,Somewhat oppose,2,Neither favor nor oppose,3,
57,Female,2,White,3,No,0,"$70,000 - $79,999",8,Donald Trump,2,Full-time,1,"By law, a woman should always be able to obtain an abortion as a matter of perso",4,Rarely,4,Both equally,2,A few times a year,3,A moderate amount,2,A little,4,Most of the time,2,Somewhat harder,4,Somewhat favor,4,Neither favor nor oppose,3,Neither favor nor oppose,3,
48,Male,1,White,3,No,0,"$10,000 - $19,999",2,Donald Trump,2,Permanently disabled,7,"The law should permit abortion for reasons other than rape,",3,Rarely,4,Both equally,2,Seldom,2,A moderate amount,2,None at all,5,Some of the time,4,About the same,3,Neither favor nor oppose,3,Neither favor nor oppose,3,Neither favor nor oppose,3,
62,Male,1,White,3,No,0,"$50,000 - $59,999",6,Donald Trump,2,Retired,5,"The law should permit abortion for reasons other than rape,",3,Rarely,4,Both equally,2,A few times a year,3,A great deal,2,A lot,2,Some of the time,4,About the same,3,Somewhat favor,4,Somewhat favor,4,Somewhat favor,4,
63,Female,2,White,3,No,0,"$80,000 - $99,999",9,Donald Trump,2,Full-time,1,"The law should permit abortion for reasons other than rape,",3,Rarely,4,Reason and evidence,1,Once a week,5,A moderate amount,1,None at all,5,Most of the time,2,Somewhat harder,4,Strongly oppose,1,Neither favor nor oppose,3,Strongly oppose,1,
63,Male,1,White,3,No,0,"$10,000 - $19,999",2,Donald Trump,2,Permanently disabled,7,"The law should permit abortion only in case of rape, incest, or when the woman's",2,Rarely,4,Reason and evidence,1,Seldom,2,A great deal,1,None at all,5,Most of the time,2,A lot harder,5,Strongly oppose,1,Strongly favor,5,Strongly oppose,1,
57,Female,2,White,3,No,0,"$70,000 - $79,999",8,Donald Trump,2,Retired,5,"By law, a woman should always be able to obtain an abortion as a matter of perso",4,Rarely,4,Reason and evidence,1,Never,1,A moderate amount,1,None at all,5,About half the time,3,A lot harder,5,Strongly oppose,1,Strongly oppose,1,Somewhat oppose,2,
33,Female,2,Black,1,No,0,"$70,000 - $79,999",8,Donald Trump,2,Homemaker,6,"By law, a woman should always be able to obtain an abortion as a matter of perso",4,Rarely,4,Reason and evidence,1,Never,1,A little,1,None at all,5,Never,5,A lot harder,5,Strongly oppose,1,Strongly oppose,1,Strongly oppose,1,
39,Female,2,White,3,No,0,"$50,000 - $59,999",6,Donald Trump,2,Full-time,1,"The law should permit abortion only in case of rape, incest, or when the woman's",2,Never,5,Both equally,2,A few times a year,3,A moderate amount,2,None at all,5,Never,5,A lot harder,5,Strongly oppose,1,Strongly oppose,1,Neither favor nor oppose,3,
59,Female,2,White,3,No,0,"$80,000 - $99,999",9,Donald Trump,2,Homemaker,6,"The law should permit abortion only in case of rape, incest, or when the woman's",2,Rarely,4,Both equally,2,Never,1,A little,2,None at all,5,About half the time,3,Somewhat easier,2,Strongly favor,5,Strongly favor,5,Somewhat favor,4,
40,Male,1,Hispanic,2,No,0,"$30,000 - $39,999",4,Donald Trump,2,Full-time,1,"By law, abortion should never be permitted.",1,Never,5,Both equally,2,Never,1,None at all,2,None at all,5,Never,5,A lot harder,5,Neither favor nor oppose,3,Strongly oppose,1,Strongly oppose,1,
28,Male,1,White,3,No,0,"$80,000 - $99,999",9,Joe Biden,1,Full-time,1,"The law should permit abortion only in case of rape, incest, or when the woman's",2,Never,5,Both equally,2,Once a week,5,A lot,2,A lot,2,About half the time,3,Somewhat easier,2,Somewhat favor,4,Somewhat favor,4,Neither favor nor oppose,3,
34,Female,2,White,3,No,0,"$80,000 - $99,999",9,Donald Trump,2,Homemaker,6,Other,5,Rarely,4,Both equally,2,More than once a week,6,A little,2,None at all,5,Some of the time,4,Somewhat easier,2,Neither favor nor oppose,3,Neither favor nor oppose,3,Neither favor nor oppose,3,
20,Female,2,White,3,No,0,"$70,000 - $79,999",8,Donald Trump,2,Student,4,"The law should permit abortion for reasons other than rape,",3,Rarely,4,Religious beliefs,3,Once a week,5,A great deal,3,A little,4,About half the time,3,Somewhat easier,2,Somewhat favor,4,Neither favor nor oppose,3,Somewhat favor,4,
28,Male,1,White,3,Yes,1,"$50,000 - $59,999",6,Donald Trump,2,Unemployed,3,"By law, a woman should always be able to obtain an abortion as a matter of perso",4,Moderately often,3,Both equally,2,Seldom,2,A great deal,2,A great deal,1,About half the time,3,About the same,3,Neither favor nor oppose,3,Neither favor nor oppose,3,Neither favor nor oppose,3,
56,Male,1,White,3,No,0,"$30,000 - $39,999",4,Donald Trump,2,Permanently disabled,7,"The law should permit abortion only in case of rape, incest, or when the woman's",2,Rarely,4,Both equally,2,A few times a year,3,A great deal,2,None at all,5,About half the time,3,About the same,3,Strongly oppose,1,Strongly oppose,1,Somewhat oppose,2,
43,Female,2,Black,1,No,0,"$70,000 - $79,999",8,Joe Biden,1,Full-time,1,"The law should permit abortion only in case of rape, incest, or when the woman's",2,Rarely,4,Both equally,2,Once a week,5,A great deal,2,None at all,5,Some of the time,4,About the same,3,Strongly oppose,1,Somewhat favor,4,Somewhat favor,4,
35,Male,1,Hispanic,2,No,0,"$80,000 - $99,999",9,Donald Trump,2,Full-time,1,"The law should permit abortion only in case of rape, incest, or when the woman's",2,Rarely,4,Both equally,2,Once or twice a month,4,None at all,2,None at all,5,About half the time,3,A lot harder,5,Somewhat oppose,2,Strongly favor,5,Strongly oppose,1,
71,Female,2,Hispanic,2,No,0,"Less than $10,000",1,Joe Biden,1,Retired,5,"By law, a woman should always be able to obtain an abortion as a matter of perso",4,Rarely,4,Both equally,2,A few times a year,3,None at all,2,None at all,5,Some of the time,4,About the same,3,Somewhat favor,4,Strongly oppose,1,Neither favor nor oppose,3,
67,Female,2,White,3,No,0,"$60,000 - $69,999",7,Donald Trump,2,Retired,5,"The law should permit abortion only in case of rape, incest, or when the woman's",2,Moderately often,3,Religious beliefs,3,A few times a year,3,A moderate amount,3,None at all,5,Some of the time,4,About the same,3,Strongly oppose,1,Strongly oppose,1,Strongly oppose,1,
46,Female,2,Hispanic,2,No,0,"$70,000 - $79,999",8,Donald Trump,2,Homemaker,6,"By law, abortion should never be permitted.",1,Rarely,4,Both equally,2,More than once a week,6,A moderate amount,2,None at all,5,Never,5,Somewhat harder,4,Neither favor nor oppose,3,Strongly favor,5,Neither favor nor oppose,3,
52,Male,1,Black,1,Yes,1,"$80,000 - $99,999",9,Joe Biden,1,Full-time,1,"By law, a woman should always be able to obtain an abortion as a matter of perso",4,Never,5,Reason and evidence,1,Never,1,A great deal,1,A great deal,1,Most of the time,2,Somewhat easier,2,Somewhat favor,4,Strongly oppose,1,Strongly favor,5,
79,Female,2,White,3,No,0,"$50,000 - $59,999",6,Donald Trump,2,Retired,5,"The law should permit abortion only in case of rape, incest, or when the woman's",2,Rarely,4,Reason and evidence,1,More than once a week,6,A moderate amount,1,None at all,5,Some of the time,4,A lot harder,5,Somewhat oppose,2,Strongly favor,5,Somewhat favor,4,
65,Female,2,White,3,No,0,"$80,000 - $99,999",9,Donald Trump,2,Homemaker,6,"The law should permit abortion only in case of rape, incest, or when the woman's",2,Rarely,4,Both equally,2,Once a week,5,A little,2,None at all,5,Most of the time,2,Somewhat harder,4,Strongly oppose,1,Strongly favor,5,Strongly oppose,1,
33,Female,2,White,3,No,0,"$80,000 - $99,999",9,Donald Trump,2,Full-time,1,"By law, a woman should always be able to obtain an abortion as a matter of perso",4,Rarely,4,Reason and evidence,1,Seldom,2,A moderate amount,1,A moderate amount,3,Some of the time,4,A lot harder,5,Strongly oppose,1,Somewhat oppose,2,Somewhat oppose,2,
60,Female,2,Black,1,No,0,"$70,000 - $79,999",8,Joe Biden,1,Full-time,1,"By law, a woman should always be able to obtain an abortion as a matter of perso",4,Rarely,4,Both equally,2,Once a week,5,A great deal,2,A lot,2,Some of the time,4,A lot easier,1,Strongly favor,5,Strongly favor,5,Strongly favor,5,
72,Female,2,White,3,Yes,1,"$70,000 - $79,999",8,Joe Biden,1,Part-time,2,"By law, a woman should always be able to obtain an abortion as a matter of perso",4,Rarely,4,Both equally,2,Once or twice a month,4,A moderate amount,2,A little,4,About half the time,3,A lot harder,5,Strongly favor,5,Strongly favor,5,Strongly oppose,1,
51,Female,2,White,3,No,0,"$40,000 - $49,999",5,Joe Biden,1,Homemaker,6,"The law should permit abortion for reasons other than rape,",3,Rarely,4,Reason and evidence,1,Never,1,A moderate amount,1,A moderate amount,3,Some of the time,4,About the same,3,Somewhat favor,4,Somewhat favor,4,Strongly favor,5,
40,Male,1,White,3,No,0,"$10,000 - $19,999",2,Donald Trump,2,Permanently disabled,7,"The law should permit abortion only in case of rape, incest, or when the woman's",2,Rarely,4,Both equally,2,Seldom,2,A little,2,None at all,5,About half the time,3,Somewhat harder,4,Neither favor nor oppose,3,Neither favor nor oppose,3,Neither favor nor oppose,3,
27,Male,1,Hispanic,2,No,0,"$100,000 - $119,999",11,Donald Trump,2,Part-time,2,"By law, a woman should always be able to obtain an abortion as a matter of perso",4,Rarely,4,Both equally,2,A few times a year,3,A moderate amount,2,None at all,5,About half the time,3,Somewhat easier,2,Strongly favor,5,Strongly oppose,1,Strongly favor,5,
83,Male,1,White,3,No,0,"$150,000 - $199,999",6,Donald Trump,2,Retired,5,Other,5,Rarely,4,Reason and evidence,1,A few times a year,3,None at all,1,None at all,5,Most of the time,2,About the same,3,Strongly favor,5,Strongly favor,5,Neither favor nor oppose,3,
73,Male,1,White,3,No,0,"$250,000 - $349,999",6,Joe Biden,1,Retired,5,"By law, abortion should never be permitted.",1,Rarely,4,Reason and evidence,1,Once or twice a month,4,A moderate amount,1,A little,4,Most of the time,2,About the same,3,Strongly favor,5,Strongly favor,5,Somewhat favor,4,
69,Female,2,Black,1,No,0,"$10,000 - $19,999",2,Joe Biden,1,Retired,5,"By law, a woman should always be able to obtain an abortion as a matter of perso",4,Rarely,4,Both equally,2,Once a week,5,A moderate amount,2,None at all,5,Most of the time,2,Somewhat harder,4,Neither favor nor oppose,3,Neither favor nor oppose,3,Neither favor nor oppose,3,
62,Male,1,White,3,No,0,"$30,000 - $39,999",4,Donald Trump,2,Full-time,1,Other,5,Moderately often,3,Reason and evidence,1,Never,1,A little,1,None at all,5,Some of the time,4,Somewhat harder,4,Neither favor nor oppose,3,Strongly favor,5,Somewhat oppose,2,
31,Male,1,Black,1,Yes,1,"$70,000 - $79,999",8,Joe Biden,1,Full-time,1,"The law should permit abortion only in case of rape, incest, or when the woman's",2,Rarely,4,Both equally,2,Once a week,5,A lot,2,None at all,5,Never,5,A lot harder,5,Somewhat favor,4,Somewhat oppose,2,Somewhat favor,4,
60,Female,2,White,3,No,0,"Less than $10,000",1,Donald Trump,2,Permanently disabled,7,"The law should permit abortion for reasons other than rape,",3,Rarely,4,Both equally,2,Never,1,None at all,2,None at all,5,About half the time,3,A lot harder,5,Strongly oppose,1,Neither favor nor oppose,3,Neither favor nor oppose,3,
50,Male,1,White,3,No,0,"Less than $10,000",1,Donald Trump,2,Full-time,1,"The law should permit abortion only in case of rape, incest, or when the woman's",2,Never,5,Both equally,2,Never,1,None at all,2,None at all,5,Some of the time,4,A lot harder,5,Strongly oppose,1,Strongly oppose,1,Strongly favor,5,
56,Female,2,White,3,No,0,"$30,000 - $39,999",4,Joe Biden,1,Full-time,1,"By law, a woman should always be able to obtain an abortion as a matter of perso",4,Rarely,4,Reason and evidence,1,Seldom,2,A lot,1,A little,4,Some of the time,4,Somewhat harder,4,Strongly favor,5,Neither favor nor oppose,3,Neither favor nor oppose,3,
63,Female,2,White,3,No,0,"$20,000 - $29,999",3,Donald Trump,2,Permanently disabled,7,"By law, abortion should never be permitted.",1,Rarely,4,Both equally,2,Once or twice a month,4,A moderate amount,2,None at all,5,Some of the time,4,A lot harder,5,Strongly oppose,1,Somewhat favor,4,Neither favor nor oppose,3,
62,Male,1,White,3,No,0,"$20,000 - $29,999",3,Donald Trump,2,Retired,5,"The law should permit abortion only in case of rape, incest, or when the woman's",2,Rarely,4,Both equally,2,Once or twice a month,4,A moderate amount,2,None at all,5,About half the time,3,About the same,3,Somewhat favor,4,Somewhat favor,4,Neither favor nor oppose,3,
69,Male,1,White,3,Yes,1,"$200,000 - $249,999",13,Donald Trump,2,Full-time,1,"The law should permit abortion only in case of rape, incest, or when the woman's",2,Rarely,4,Religious beliefs,3,Once a week,5,None at all,3,None at all,5,About half the time,3,A lot harder,5,Neither favor nor oppose,3,Strongly favor,5,Somewhat favor,4,
71,Female,2,White,3,Yes,1,"$70,000 - $79,999",8,Joe Biden,1,Retired,5,"By law, a woman should always be able to obtain an abortion as a matter of perso",4,Moderately often,3,Reason and evidence,1,Never,1,A lot,1,A lot,2,Most of the time,2,Somewhat easier,2,Strongly favor,5,Strongly oppose,1,Strongly favor,5,
77,Male,1,White,3,No,0,"$70,000 - $79,999",8,Donald Trump,2,Retired,5,"By law, a woman should always be able to obtain an abortion as a matter of perso",4,Rarely,4,Both equally,2,Seldom,2,A little,2,A little,4,Most of the time,2,Somewhat harder,4,Neither favor nor oppose,3,Strongly oppose,1,Neither favor nor oppose,3,
72,Male,1,White,3,No,0,"$20,000 - $29,999",3,Joe Biden,1,Retired,5,"By law, a woman should always be able to obtain an abortion as a matter of perso",4,Rarely,4,Reason and evidence,1,Seldom,2,A great deal,1,A moderate amount,3,Most of the time,2,About the same,3,Somewhat favor,4,Somewhat oppose,2,Strongly favor,5,
72,Female,2,Hispanic,2,Yes,1,"$100,000 - $119,999",11,Joe Biden,1,Retired,5,"The law should permit abortion for reasons other than rape,",3,Rarely,4,Reason and evidence,1,More than once a week,6,A great deal,1,A moderate amount,3,Most of the time,2,Somewhat harder,4,Strongly favor,5,Strongly favor,5,Strongly favor,5,
72,Female,2,White,3,No,0,"$60,000 - $69,999",7,Donald Trump,2,Retired,5,"The law should permit abortion for reasons other than rape,",3,Rarely,4,Both equally,2,Once a week,5,A little,2,None at all,5,Most of the time,2,A lot harder,5,Somewhat favor,4,Somewhat oppose,2,Somewhat oppose,2,
68,Male,1,White,3,No,0,"$20,000 - $29,999",3,Joe Biden,1,Retired,5,"By law, a woman should always be able to obtain an abortion as a matter of perso",4,Rarely,4,Reason and evidence,1,Seldom,2,A lot,1,None at all,5,About half the time,3,Somewhat easier,2,Strongly favor,5,Somewhat favor,4,Strongly favor,5,
75,Male,1,White,3,Yes,1,"$100,000 - $119,999",11,Joe Biden,1,Retired,5,"By law, a woman should always be able to obtain an abortion as a matter of perso",4,Rarely,4,Reason and evidence,1,Once or twice a month,4,A great deal,1,A lot,2,Most of the time,2,Somewhat easier,2,Strongly favor,5,Neither favor nor oppose,3,Strongly favor,5,
23,Male,1,Hispanic,2,No,0,"$100,000 - $119,999",11,Donald Trump,2,Full-time,1,"The law should permit abortion only in case of rape, incest, or when the woman's",2,Moderately often,3,Both equally,2,Once a week,5,A moderate amount,2,None at all,5,Some of the time,4,About the same,3,Neither favor nor oppose,3,Neither favor nor oppose,3,Neither favor nor oppose,3,
67,Male,1,White,3,No,0,"$100,000 - $119,999",11,Joe Biden,1,Retired,5,"The law should permit abortion for reasons other than rape,",3,Never,5,Reason and evidence,1,Never,1,A little,1,A little,4,Most of the time,2,About the same,3,Strongly favor,5,Strongly favor,5,Strongly oppose,1,
64,Male,1,Black,1,No,0,"$50,000 - $59,999",6,Joe Biden,1,Retired,5,"By law, a woman should always be able to obtain an abortion as a matter of perso",4,Rarely,4,Reason and evidence,1,Seldom,2,A moderate amount,1,A little,4,Most of the time,2,Somewhat easier,2,Strongly favor,5,Neither favor nor oppose,3,Neither favor nor oppose,3,
42,Male,1,White,3,No,0,"$20,000 - $29,999",3,Joe Biden,1,Permanently disabled,7,"By law, a woman should always be able to obtain an abortion as a matter of perso",4,Rarely,4,Reason and evidence,1,Seldom,2,None at all,1,None at all,5,Most of the time,2,Somewhat harder,4,Neither favor nor oppose,3,Neither favor nor oppose,3,Neither favor nor oppose,3,
37,Male,1,White,3,No,0,"$120,000 - $149,999",3,Joe Biden,1,Full-time,1,"The law should permit abortion only in case of rape, incest, or when the woman's",2,Rarely,4,Both equally,2,Once a week,5,A little,2,A lot,2,Some of the time,4,About the same,3,Neither favor nor oppose,3,Somewhat favor,4,Strongly oppose,1,
51,Male,1,White,3,No,0,"$20,000 - $29,999",3,Donald Trump,2,Permanently disabled,7,"The law should permit abortion only in case of rape, incest, or when the woman's",2,Never,5,Both equally,2,Never,1,None at all,2,None at all,5,Never,5,Somewhat harder,4,Somewhat favor,4,Somewhat favor,4,Neither favor nor oppose,3,
42,Male,1,White,3,No,0,"$120,000 - $149,999",3,Donald Trump,2,Full-time,1,"The law should permit abortion only in case of rape, incest, or when the woman's",2,Moderately often,3,Both equally,2,Never,1,A moderate amount,2,None at all,5,Some of the time,4,A lot harder,5,Neither favor nor oppose,3,Neither favor nor oppose,3,Neither favor nor oppose,3,
72,Female,2,White,3,Yes,1,"$30,000 - $39,999",4,Joe Biden,1,Retired,5,"By law, a woman should always be able to obtain an abortion as a matter of perso",4,Rarely,4,Reason and evidence,1,Seldom,2,A moderate amount,1,A moderate amount,3,Most of the time,2,Somewhat easier,2,Strongly favor,5,Neither favor nor oppose,3,Strongly favor,5,
71,Female,2,White,3,No,0,"$40,000 - $49,999",5,Donald Trump,2,Other,8,"By law, a woman should always be able to obtain an abortion as a matter of perso",4,Never,5,Both equally,2,A few times a year,3,A moderate amount,2,A little,4,About half the time,3,About the same,3,Somewhat oppose,2,Somewhat favor,4,Neither favor nor oppose,3,
74,Male,1,White,3,No,0,"$20,000 - $29,999",3,Donald Trump,2,Retired,5,"By law, a woman should always be able to obtain an abortion as a matter of perso",4,Rarely,4,Reason and evidence,1,Never,1,A moderate amount,1,None at all,5,About half the time,3,A lot harder,5,Strongly favor,5,Strongly favor,5,Somewhat oppose,2,
74,Male,1,White,3,Yes,1,"$80,000 - $99,999",9,Joe Biden,1,Retired,5,"The law should permit abortion for reasons other than rape,",3,Never,5,Reason and evidence,1,Seldom,2,A great deal,1,A little,4,About half the time,3,Somewhat easier,2,Strongly favor,5,Neither favor nor oppose,3,Strongly favor,5,
76,Male,1,White,3,Yes,1,"$70,000 - $79,999",8,Donald Trump,2,Retired,5,"The law should permit abortion for reasons other than rape,",3,Never,5,Reason and evidence,1,Once a week,5,A little,1,A little,4,About half the time,3,A lot harder,5,Somewhat favor,4,Strongly favor,5,Neither favor nor oppose,3,
69,Male,1,White,3,Yes,1,"$80,000 - $99,999",9,Joe Biden,1,Retired,5,"The law should permit abortion only in case of rape, incest, or when the woman's",2,Very often,2,Both equally,2,Seldom,2,A great deal,2,A little,4,Most of the time,2,Somewhat easier,2,Strongly favor,5,Strongly oppose,1,Strongly favor,5,
67,Male,1,White,3,No,0,"$20,000 - $29,999",3,Joe Biden,1,Retired,5,"By law, a woman should always be able to obtain an abortion as a matter of perso",4,Moderately often,3,Reason and evidence,1,Seldom,2,A lot,1,A lot,2,About half the time,3,About the same,3,Strongly favor,5,Somewhat favor,4,Strongly favor,5,
76,Female,2,White,3,Yes,1,"$40,000 - $49,999",5,Donald Trump,2,Retired,5,"The law should permit abortion for reasons other than rape,",3,Rarely,4,Reason and evidence,1,Never,1,A little,1,None at all,5,Most of the time,2,A lot easier,1,Strongly favor,5,Strongly favor,5,Somewhat favor,4,
75,Male,1,White,3,No,0,"$40,000 - $49,999",5,Joe Biden,1,Retired,5,"By law, a woman should always be able to obtain an abortion as a matter of perso",4,Rarely,4,Both equally,2,Seldom,2,A lot,2,A little,4,Most of the time,2,About the same,3,Strongly favor,5,Somewhat favor,4,Somewhat favor,4,
66,Male,1,White,3,No,0,"$30,000 - $39,999",4,Joe Biden,1,Retired,5,"By law, a woman should always be able to obtain an abortion as a matter of perso",4,Rarely,4,Reason and evidence,1,Never,1,A lot,1,A little,4,Most of the time,2,About the same,3,Strongly favor,5,Somewhat favor,4,Strongly favor,5,
57,Female,2,White,3,No,0,"Less than $10,000",1,Donald Trump,2,Permanently disabled,7,"The law should permit abortion only in case of rape, incest, or when the woman's",2,Rarely,4,Religious beliefs,3,Seldom,2,A moderate amount,3,None at all,5,Some of the time,4,A lot harder,5,Neither favor nor oppose,3,Neither favor nor oppose,3,Neither favor nor oppose,3,
61,Male,1,White,3,No,0,"$30,000 - $39,999",4,Donald Trump,2,Retired,5,"By law, a woman should always be able to obtain an abortion as a matter of perso",4,Rarely,4,Reason and evidence,1,Never,1,A lot,1,None at all,5,Some of the time,4,A lot harder,5,Strongly oppose,1,Strongly oppose,1,Neither favor nor oppose,3,
85,Male,1,White,3,No,0,"$80,000 - $99,999",9,Donald Trump,2,Retired,5,"The law should permit abortion for reasons other than rape,",3,Rarely,4,Reason and evidence,1,Seldom,2,None at all,1,None at all,5,Most of the time,2,A lot harder,5,Somewhat oppose,2,Somewhat oppose,2,Strongly oppose,1,
76,Male,1,White,3,No,0,"$120,000 - $149,999",3,Joe Biden,1,Full-time,1,"By law, a woman should always be able to obtain an abortion as a matter of perso",4,Rarely,4,Reason and evidence,1,Never,1,A little,1,A little,4,Most of the time,2,Somewhat harder,4,Strongly favor,5,Strongly favor,5,Neither favor nor oppose,3,
76,Male,1,White,3,No,0,"$70,000 - $79,999",8,Donald Trump,2,Retired,5,"The law should permit abortion for reasons other than rape,",3,Rarely,4,Reason and evidence,1,Never,1,A little,1,None at all,5,Most of the time,2,About the same,3,Neither favor nor oppose,3,Somewhat favor,4,Somewhat oppose,2,
77,Male,1,White,3,No,0,"$60,000 - $69,999",7,Joe Biden,1,Retired,5,"By law, a woman should always be able to obtain an abortion as a matter of perso",4,Rarely,4,Both equally,2,Seldom,2,A lot,2,A little,4,Most of the time,2,About the same,3,Strongly favor,5,Strongly favor,5,Somewhat favor,4,
66,Male,1,White,3,Yes,1,"$30,000 - $39,999",4,Donald Trump,2,Permanently disabled,7,"The law should permit abortion only in case of rape, incest, or when the woman's",2,Rarely,4,Both equally,2,More than once a week,6,A moderate amount,2,None at all,5,About half the time,3,Somewhat harder,4,Somewhat favor,4,Strongly favor,5,Neither favor nor oppose,3,
62,Female,2,White,3,No,0,"$80,000 - $99,999",9,Donald Trump,2,Full-time,1,"By law, a woman should always be able to obtain an abortion as a matter of perso",4,Rarely,4,Both equally,2,Once a week,5,A little,2,None at all,5,Most of the time,2,Somewhat easier,2,Neither favor nor oppose,3,Neither favor nor oppose,3,Neither favor nor oppose,3,
34,Male,1,White,3,No,0,"$100,000 - $119,999",11,Joe Biden,1,Full-time,1,"By law, a woman should always be able to obtain an abortion as a matter of perso",4,Rarely,4,Reason and evidence,1,A few times a year,3,A lot,1,A little,4,Most of the time,2,A lot easier,1,Somewhat favor,4,Neither favor nor oppose,3,Strongly favor,5,
57,Female,2,Hispanic,2,No,0,"$150,000 - $199,999",6,Joe Biden,1,Full-time,1,"By law, abortion should never be permitted.",1,Moderately often,3,Both equally,2,More than once a week,6,A lot,2,A little,4,About half the time,3,A lot harder,5,Somewhat oppose,2,Neither favor nor oppose,3,Somewhat oppose,2,
62,Male,1,White,3,No,0,"$100,000 - $119,999",11,Donald Trump,2,Full-time,1,"The law should permit abortion for reasons other than rape,",3,Rarely,4,Reason and evidence,1,Seldom,2,A little,1,None at all,5,Most of the time,2,Somewhat harder,4,Strongly oppose,1,Strongly oppose,1,Strongly oppose,1,
57,Female,2,White,3,Yes,1,"$200,000 - $249,999",13,Donald Trump,2,Retired,5,"The law should permit abortion only in case of rape, incest, or when the woman's",2,Rarely,4,Both equally,2,Once a week,5,A moderate amount,2,None at all,5,About half the time,3,A lot harder,5,Somewhat favor,4,Somewhat favor,4,Somewhat favor,4,
39,Female,2,Hispanic,2,Yes,1,"$350,000 - $499,999",6,Donald Trump,2,Homemaker,6,"The law should permit abortion only in case of rape, incest, or when the woman's",2,Rarely,4,Religious beliefs,3,Once a week,5,None at all,3,None at all,5,Some of the time,4,Somewhat easier,2,Somewhat favor,4,Strongly favor,5,Somewhat oppose,2,
52,Male,1,White,3,No,0,"$100,000 - $119,999",11,Joe Biden,1,Full-time,1,"By law, a woman should always be able to obtain an abortion as a matter of perso",4,Rarely,4,Reason and evidence,1,A few times a year,3,A lot,1,A little,4,About half the time,3,A lot easier,1,Strongly favor,5,Somewhat favor,4,Strongly favor,5,
72,Male,1,White,3,No,0,"$60,000 - $69,999",7,Joe Biden,1,Retired,5,"The law should permit abortion for reasons other than rape,",3,Rarely,4,Reason and evidence,1,Never,1,A little,1,None at all,5,About half the time,3,Somewhat easier,2,Somewhat favor,4,Somewhat oppose,2,Strongly favor,5,
39,Male,1,White,3,No,0,"$70,000 - $79,999",8,Joe Biden,1,Full-time,1,"By law, a woman should always be able to obtain an abortion as a matter of perso",4,Rarely,4,Reason and evidence,1,Seldom,2,A moderate amount,1,A little,4,Most of the time,2,Somewhat easier,2,Somewhat favor,4,Somewhat favor,4,Somewhat favor,4,
76,Male,1,White,3,Yes,1,"$50,000 - $59,999",6,Donald Trump,2,Retired,5,"By law, a woman should always be able to obtain an abortion as a matter of perso",4,Never,5,Both equally,2,Seldom,2,A moderate amount,2,A little,4,About half the time,3,Somewhat harder,4,Neither favor nor oppose,3,Neither favor nor oppose,3,Neither favor nor oppose,3,
67,Male,1,Hispanic,2,No,0,"$80,000 - $99,999",9,Donald Trump,2,Other,8,"By law, a woman should always be able to obtain an abortion as a matter of perso",4,Rarely,4,Reason and evidence,1,Never,1,A moderate amount,1,None at all,5,Never,5,About the same,3,Somewhat favor,4,Strongly favor,5,Strongly favor,5,
71,Female,2,White,3,No,0,"$60,000 - $69,999",7,Donald Trump,2,Retired,5,"By law, a woman should always be able to obtain an abortion as a matter of perso",4,Rarely,4,Both equally,2,Seldom,2,A moderate amount,2,None at all,5,Some of the time,4,Somewhat harder,4,Neither favor nor oppose,3,Somewhat favor,4,Somewhat oppose,2,
75,Female,2,White,3,Yes,1,"$30,000 - $39,999",4,Joe Biden,1,Retired,5,"By law, a woman should always be able to obtain an abortion as a matter of perso",4,Rarely,4,Reason and evidence,1,Don't know,7,A lot,1,A lot,2,About half the time,3,About the same,3,Strongly favor,5,Neither favor nor oppose,3,Neither favor nor oppose,3,
70,Male,1,White,3,No,0,"$20,000 - $29,999",3,Joe Biden,1,Retired,5,"The law should permit abortion only in case of rape, incest, or when the woman's",2,Moderately often,3,Both equally,2,Once a week,5,A moderate amount,2,A little,4,Most of the time,2,About the same,3,Somewhat favor,4,Neither favor nor oppose,3,Neither favor nor oppose,3,
78,Male,1,White,3,No,0,"$100,000 - $119,999",11,Donald Trump,2,Retired,5,"The law should permit abortion only in case of rape, incest, or when the woman's",2,Rarely,4,Both equally,2,Once a week,5,A little,2,None at all,5,Most of the time,2,About the same,3,Neither favor nor oppose,3,Strongly favor,5,Somewhat favor,4,
57,Male,1,White,3,No,0,"$70,000 - $79,999",8,Donald Trump,2,Full-time,1,"The law should permit abortion only in case of rape, incest, or when the woman's",2,Rarely,4,Both equally,2,Seldom,2,None at all,2,None at all,5,Most of the time,2,A lot harder,5,Somewhat oppose,2,Strongly favor,5,Somewhat oppose,2,
43,Male,1,White,3,No,0,"$60,000 - $69,999",7,Joe Biden,1,Full-time,1,"By law, a woman should always be able to obtain an abortion as a matter of perso",4,Never,5,Religious beliefs,3,Never,1,A moderate amount,3,A moderate amount,3,Never,5,A lot harder,5,Strongly oppose,1,Strongly oppose,1,Strongly oppose,1,
29,Female,2,White,3,No,0,"$500,000 or more",16,Donald Trump,2,Temporarily laid off,9,"By law, a woman should always be able to obtain an abortion as a matter of perso",4,Very often,2,Both equally,2,Never,1,A great deal,2,None at all,5,Some of the time,4,About the same,3,Neither favor nor oppose,3,Strongly oppose,1,Strongly favor,5,
58,Male,1,White,3,Yes,1,"$80,000 - $99,999",9,Donald Trump,2,Full-time,1,"The law should permit abortion only in case of rape, incest, or when the woman's",2,Rarely,4,Both equally,2,Once or twice a month,4,None at all,2,None at all,5,Always,1,A lot harder,5,Somewhat favor,4,Strongly favor,5,Strongly oppose,1,
60,Male,1,White,3,No,0,"$100,000 - $119,999",11,Donald Trump,2,Full-time,1,Other,5,Rarely,4,Reason and evidence,1,Never,1,A little,1,None at all,5,About half the time,3,About the same,3,Neither favor nor oppose,3,Somewhat favor,4,Neither favor nor oppose,3,
23,Male,1,Black,1,No,0,"$30,000 - $39,999",4,Donald Trump,2,Part-time,2,"The law should permit abortion for reasons other than rape,",3,Moderately often,3,Both equally,2,More than once a week,6,A lot,2,A lot,2,Most of the time,2,Somewhat harder,4,Neither favor nor oppose,3,Somewhat favor,4,Neither favor nor oppose,3,
80,Male,1,White,3,Yes,1,"$150,000 - $199,999",6,Donald Trump,2,Retired,5,"The law should permit abortion only in case of rape, incest, or when the woman's",2,Rarely,4,Both equally,2,A few times a year,3,A little,2,None at all,5,Some of the time,4,A lot harder,5,Neither favor nor oppose,3,Somewhat favor,4,Strongly oppose,1,
78,Male,1,White,3,No,0,"$40,000 - $49,999",5,Donald Trump,2,Retired,5,"The law should permit abortion only in case of rape, incest, or when the woman's",2,Rarely,4,Religious beliefs,3,Once a week,5,None at all,3,None at all,5,Some of the time,4,About the same,3,Somewhat oppose,2,Somewhat favor,4,Strongly oppose,1,
65,Male,1,White,3,No,0,"$250,000 - $349,999",6,Donald Trump,2,Full-time,1,"By law, abortion should never be permitted.",1,Rarely,4,Both equally,2,More than once a week,6,A little,2,None at all,5,Some of the time,4,About the same,3,Somewhat favor,4,Strongly favor,5,Somewhat oppose,2,
80,Male,1,White,3,Yes,1,"$70,000 - $79,999",8,Joe Biden,1,Retired,5,"By law, a woman should always be able to obtain an abortion as a matter of perso",4,Rarely,4,Reason and evidence,1,Seldom,2,A lot,1,A little,4,Most of the time,2,Somewhat easier,2,Strongly favor,5,Somewhat favor,4,Strongly favor,5,
69,Male,1,White,3,No,0,"$20,000 - $29,999",3,Joe Biden,1,Retired,5,"By law, abortion should never be permitted.",1,Rarely,4,Religious beliefs,3,Once a week,5,A great deal,3,None at all,5,Most of the time,2,A lot harder,5,Strongly favor,5,Neither favor nor oppose,3,Neither favor nor oppose,3,
77,Male,1,White,3,Yes,1,"$100,000 - $119,999",11,Donald Trump,2,Retired,5,"The law should permit abortion only in case of rape, incest, or when the woman's",2,Rarely,4,Reason and evidence,1,Once a week,5,A lot,1,A little,4,Most of the time,2,A lot easier,1,Strongly favor,5,Strongly favor,5,Neither favor nor oppose,3,
74,Female,2,Hispanic,2,No,0,"$50,000 - $59,999",6,Donald Trump,2,Other,8,"The law should permit abortion for reasons other than rape,",3,Rarely,4,Both equally,2,Seldom,2,None at all,2,None at all,5,Some of the time,4,A lot harder,5,Strongly oppose,1,Somewhat favor,4,Strongly oppose,1,
37,Female,2,Hispanic,2,No,0,"$10,000 - $19,999",2,Joe Biden,1,Part-time,2,"By law, a woman should always be able to obtain an abortion as a matter of perso",4,Never,5,Both equally,2,A few times a year,3,A little,2,A moderate amount,3,About half the time,3,About the same,3,Neither favor nor oppose,3,Strongly oppose,1,Neither favor nor oppose,3,
24,Female,2,White,3,No,0,"$80,000 - $99,999",9,Joe Biden,1,Part-time,2,"By law, a woman should always be able to obtain an abortion as a matter of perso",4,Very often,2,Both equally,2,Never,1,A great deal,2,A lot,2,Some of the time,4,Somewhat easier,2,Strongly oppose,1,Somewhat favor,4,Neither favor nor oppose,3,
51,Male,1,White,3,No,0,"$350,000 - $499,999",6,Donald Trump,2,Full-time,1,"The law should permit abortion only in case of rape, incest, or when the woman's",2,Rarely,4,Reason and evidence,1,Seldom,2,A little,1,None at all,5,About half the time,3,About the same,3,Somewhat oppose,2,Somewhat favor,4,Somewhat oppose,2,
64,Male,1,White,3,No,0,"$80,000 - $99,999",9,Donald Trump,2,Retired,5,"The law should permit abortion for reasons other than rape,",3,Rarely,4,Both equally,2,Never,1,None at all,2,None at all,5,Most of the time,2,Somewhat harder,4,Somewhat favor,4,Strongly favor,5,Neither favor nor oppose,3,
18,Male,1,White,3,No,0,"$80,000 - $99,999",9,Joe Biden,1,Student,4,"The law should permit abortion for reasons other than rape,",3,Rarely,4,Both equally,2,Once or twice a month,4,A little,2,A moderate amount,3,Most of the time,2,About the same,3,Somewhat favor,4,Neither favor nor oppose,3,Somewhat favor,4,
65,Female,2,White,3,No,0,"$10,000 - $19,999",2,Joe Biden,1,Retired,5,"By law, a woman should always be able to obtain an abortion as a matter of perso",4,Never,5,Reason and evidence,1,Seldom,2,A moderate amount,1,A little,4,About half the time,3,Somewhat harder,4,Strongly favor,5,Strongly oppose,1,Strongly favor,5,
71,Female,2,White,3,Yes,1,"$10,000 - $19,999",2,Donald Trump,2,Retired,5,"The law should permit abortion only in case of rape, incest, or when the woman's",2,Rarely,4,Reason and evidence,1,Once a week,5,A moderate amount,1,None at all,5,Most of the time,2,About the same,3,Somewhat oppose,2,Strongly favor,5,Somewhat favor,4,
70,Female,2,White,3,Yes,1,"$80,000 - $99,999",9,Donald Trump,2,Retired,5,"By law, abortion should never be permitted.",1,Rarely,4,Both equally,2,More than once a week,6,A little,2,None at all,5,Most of the time,2,Somewhat easier,2,Neither favor nor oppose,3,Somewhat favor,4,Somewhat oppose,2,
53,Female,2,Hispanic,2,No,0,"$150,000 - $199,999",6,Joe Biden,1,Full-time,1,"The law should permit abortion only in case of rape, incest, or when the woman's",2,Rarely,4,Reason and evidence,1,Once or twice a month,4,A great deal,1,None at all,5,Some of the time,4,About the same,3,Strongly oppose,1,Strongly oppose,1,Strongly oppose,1,
71,Male,1,White,3,No,0,"$80,000 - $99,999",9,Joe Biden,1,Full-time,1,"By law, a woman should always be able to obtain an abortion as a matter of perso",4,Rarely,4,Reason and evidence,1,Never,1,A lot,1,A moderate amount,3,Most of the time,2,A lot harder,5,Strongly favor,5,Somewhat oppose,2,Somewhat favor,4,
51,Male,1,White,3,No,0,"$120,000 - $149,999",3,Donald Trump,2,Full-time,1,"The law should permit abortion only in case of rape, incest, or when the woman's",2,Rarely,4,Both equally,2,Once a week,5,None at all,2,None at all,5,Some of the time,4,A lot harder,5,Somewhat oppose,2,Neither favor nor oppose,3,Strongly oppose,1,
51,Female,2,White,3,No,0,"$70,000 - $79,999",8,Donald Trump,2,Full-time,1,"The law should permit abortion only in case of rape, incest, or when the woman's",2,Never,5,Both equally,2,More than once a week,6,None at all,2,None at all,5,About half the time,3,A lot harder,5,Strongly oppose,1,Strongly oppose,1,Strongly favor,5,
43,Female,2,White,3,No,0,"$150,000 - $199,999",6,Joe Biden,1,Homemaker,6,"The law should permit abortion for reasons other than rape,",3,Rarely,4,Both equally,2,More than once a week,6,A moderate amount,2,A moderate amount,3,Some of the time,4,A lot easier,1,Strongly favor,5,Neither favor nor oppose,3,Strongly favor,5,
20,Female,2,White,3,No,0,"$10,000 - $19,999",2,Joe Biden,1,Student,4,"The law should permit abortion only in case of rape, incest, or when the woman's",2,Rarely,4,Both equally,2,A few times a year,3,A great deal,2,A great deal,1,Some of the time,4,About the same,3,Somewhat favor,4,Strongly favor,5,Neither favor nor oppose,3,
78,Female,2,White,3,Yes,1,"$70,000 - $79,999",8,Joe Biden,1,Retired,5,"By law, a woman should always be able to obtain an abortion as a matter of perso",4,Moderately often,3,Reason and evidence,1,Seldom,2,A lot,1,A little,4,Most of the time,2,Somewhat harder,4,Strongly favor,5,Somewhat oppose,2,Strongly favor,5,
77,Female,2,White,3,Yes,1,"$100,000 - $119,999",11,Joe Biden,1,Retired,5,"The law should permit abortion for reasons other than rape,",3,Rarely,4,Both equally,2,A few times a year,3,A lot,2,A little,4,Most of the time,2,About the same,3,Somewhat favor,4,Strongly oppose,1,Strongly favor,5,
71,Male,1,White,3,No,0,"$80,000 - $99,999",9,Joe Biden,1,Retired,5,"The law should permit abortion for reasons other than rape,",3,Rarely,4,Reason and evidence,1,Never,1,A moderate amount,1,A moderate amount,3,Some of the time,4,About the same,3,Strongly favor,5,Somewhat favor,4,Strongly favor,5,
77,Male,1,White,3,Yes,1,"$100,000 - $119,999",11,Donald Trump,2,Retired,5,Other,5,Rarely,4,Both equally,2,Don't know,7,None at all,2,None at all,5,Some of the time,4,A lot harder,5,Somewhat favor,4,Strongly favor,5,Strongly oppose,1,
27,Female,2,White,3,No,0,"$70,000 - $79,999",8,Donald Trump,2,Homemaker,6,"The law should permit abortion only in case of rape, incest, or when the woman's",2,Rarely,4,Reason and evidence,1,Once or twice a month,4,A little,1,None at all,5,About half the time,3,Somewhat easier,2,Strongly oppose,1,Somewhat favor,4,Strongly oppose,1,
65,Male,1,White,3,No,0,"$100,000 - $119,999",11,Donald Trump,2,Full-time,1,"By law, a woman should always be able to obtain an abortion as a matter of perso",4,Rarely,4,Reason and evidence,1,Seldom,2,A moderate amount,1,None at all,5,About half the time,3,A lot harder,5,Strongly oppose,1,Strongly oppose,1,Strongly oppose,1,
69,Female,2,Hispanic,2,No,0,"$40,000 - $49,999",5,Donald Trump,2,Retired,5,"By law, a woman should always be able to obtain an abortion as a matter of perso",4,Rarely,4,Reason and evidence,1,A few times a year,3,A lot,1,None at all,5,Most of the time,2,Somewhat harder,4,Somewhat favor,4,Neither favor nor oppose,3,Somewhat favor,4,
27,Female,2,Black,1,No,0,"Less than $10,000",1,Joe Biden,1,Permanently disabled,7,"The law should permit abortion for reasons other than rape,",3,Moderately often,3,Both equally,2,Once or twice a month,4,A moderate amount,2,A moderate amount,3,Some of the time,4,A lot easier,1,Strongly oppose,1,Neither favor nor oppose,3,Somewhat oppose,2,
35,Female,2,White,3,No,0,"$20,000 - $29,999",3,Donald Trump,2,Unemployed,3,"The law should permit abortion for reasons other than rape,",3,Rarely,4,Reason and evidence,1,Seldom,2,None at all,1,None at all,5,Never,5,About the same,3,Somewhat oppose,2,Somewhat oppose,2,Somewhat oppose,2,
81,Male,1,White,3,No,0,"$60,000 - $69,999",7,Donald Trump,2,Retired,5,"By law, a woman should always be able to obtain an abortion as a matter of perso",4,Never,5,Both equally,2,Seldom,2,None at all,2,None at all,5,Some of the time,4,About the same,3,Neither favor nor oppose,3,Neither favor nor oppose,3,Neither favor nor oppose,3,
69,Male,1,Black,1,Yes,1,"$70,000 - $79,999",8,Donald Trump,2,Retired,5,"The law should permit abortion only in case of rape, incest, or when the woman's",2,Rarely,4,Both equally,2,Once a week,5,A little,2,None at all,5,About half the time,3,About the same,3,Neither favor nor oppose,3,Strongly favor,5,Strongly oppose,1,
71,Male,1,White,3,No,0,"$50,000 - $59,999",6,Joe Biden,1,Retired,5,"By law, a woman should always be able to obtain an abortion as a matter of perso",4,Rarely,4,Reason and evidence,1,Seldom,2,A great deal,1,A little,4,Some of the time,4,A lot easier,1,Strongly favor,5,Somewhat oppose,2,Strongly favor,5,
69,Male,1,White,3,Yes,1,"$20,000 - $29,999",3,Donald Trump,2,Retired,5,"The law should permit abortion only in case of rape, incest, or when the woman's",2,Never,5,Both equally,2,Once or twice a month,4,A great deal,2,A great deal,1,About half the time,3,About the same,3,Strongly favor,5,Strongly favor,5,Strongly favor,5,
42,Male,1,Hispanic,2,Yes,1,"$60,000 - $69,999",7,Joe Biden,1,Part-time,2,"By law, a woman should always be able to obtain an abortion as a matter of perso",4,Rarely,4,Reason and evidence,1,Seldom,2,A lot,1,A little,4,About half the time,3,Somewhat easier,2,Strongly favor,5,Neither favor nor oppose,3,Somewhat favor,4,
27,Female,2,White,3,No,0,"$60,000 - $69,999",7,Donald Trump,2,Full-time,1,"The law should permit abortion for reasons other than rape,",3,Very often,2,Both equally,2,A few times a year,3,A moderate amount,2,A lot,2,About half the time,3,About the same,3,Neither favor nor oppose,3,Neither favor nor oppose,3,Neither favor nor oppose,3,
38,Female,2,Black,1,No,0,"$20,000 - $29,999",3,Joe Biden,1,Full-time,1,"The law should permit abortion for reasons other than rape,",3,Rarely,4,Both equally,2,Never,1,A great deal,2,A moderate amount,3,About half the time,3,Somewhat easier,2,Neither favor nor oppose,3,Neither favor nor oppose,3,Neither favor nor oppose,3,
44,Female,2,Black,1,No,0,"$30,000 - $39,999",4,Joe Biden,1,Full-time,1,"The law should permit abortion for reasons other than rape,",3,Rarely,4,Reason and evidence,1,More than once a week,6,A lot,1,A lot,2,About half the time,3,Somewhat harder,4,Somewhat favor,4,Somewhat favor,4,Somewhat favor,4,
23,Female,2,White,3,No,0,"$500,000 or more",16,Joe Biden,1,Student,4,"The law should permit abortion for reasons other than rape,",3,Rarely,4,Both equally,2,More than once a week,6,A moderate amount,2,A little,4,About half the time,3,About the same,3,Somewhat favor,4,Neither favor nor oppose,3,Neither favor nor oppose,3,
74,Female,2,White,3,Yes,1,"$150,000 - $199,999",6,Joe Biden,1,Retired,5,Other,5,Rarely,4,Reason and evidence,1,Never,1,A lot,1,A moderate amount,3,Most of the time,2,Somewhat harder,4,Strongly favor,5,Somewhat oppose,2,Somewhat favor,4,
69,Male,1,White,3,No,0,"$150,000 - $199,999",6,Joe Biden,1,Retired,5,"By law, a woman should always be able to obtain an abortion as a matter of perso",4,Rarely,4,Reason and evidence,1,Seldom,2,A lot,1,A moderate amount,3,Some of the time,4,A lot harder,5,Strongly favor,5,Strongly favor,5,Strongly favor,5,
75,Male,1,White,3,No,0,"$250,000 - $349,999",6,Joe Biden,1,Retired,5,"The law should permit abortion for reasons other than rape,",3,Rarely,4,Both equally,2,A few times a year,3,A moderate amount,2,A moderate amount,3,Some of the time,4,A lot harder,5,Strongly favor,5,Strongly favor,5,Strongly favor,5,
75,Female,2,White,3,Yes,1,"$30,000 - $39,999",4,Joe Biden,1,Full-time,1,"By law, a woman should always be able to obtain an abortion as a matter of perso",4,Rarely,4,Reason and evidence,1,Never,1,A great deal,1,A lot,2,Most of the time,2,Somewhat harder,4,Strongly favor,5,Neither favor nor oppose,3,Strongly favor,5,
68,Male,1,White,3,Yes,1,"$70,000 - $79,999",8,Joe Biden,1,Full-time,1,"By law, a woman should always be able to obtain an abortion as a matter of perso",4,Moderately often,3,Reason and evidence,1,Never,1,A lot,1,A moderate amount,3,Some of the time,4,A lot easier,1,Strongly favor,5,Somewhat oppose,2,Strongly favor,5,
76,Male,1,White,3,Yes,1,"$150,000 - $199,999",6,Joe Biden,1,Permanently disabled,7,"By law, a woman should always be able to obtain an abortion as a matter of perso",4,Rarely,4,Reason and evidence,1,Never,1,A moderate amount,1,A moderate amount,3,Most of the time,2,About the same,3,Strongly favor,5,Strongly favor,5,Strongly favor,5,
67,Male,1,Black,1,No,0,"$20,000 - $29,999",3,Joe Biden,1,Retired,5,"The law should permit abortion only in case of rape, incest, or when the woman's",2,Rarely,4,Both equally,2,A few times a year,3,A great deal,2,A lot,2,Most of the time,2,Somewhat harder,4,Strongly favor,5,Strongly favor,5,Neither favor nor oppose,3,
72,Male,1,White,3,Yes,1,"$60,000 - $69,999",7,Donald Trump,2,Retired,5,"The law should permit abortion for reasons other than rape,",3,Rarely,4,Both equally,2,More than once a week,6,A little,2,A moderate amount,3,About half the time,3,Somewhat harder,4,Somewhat favor,4,Somewhat favor,4,Somewhat favor,4,
21,Female,2,White,3,No,0,"$80,000 - $99,999",9,Joe Biden,1,Part-time,2,"The law should permit abortion for reasons other than rape,",3,Rarely,4,Reason and evidence,1,Once a week,5,A little,1,A moderate amount,3,About half the time,3,Somewhat easier,2,Neither favor nor oppose,3,Neither favor nor oppose,3,Neither favor nor oppose,3,
24,Female,2,White,3,No,0,"$150,000 - $199,999",6,Joe Biden,1,Full-time,1,"By law, a woman should always be able to obtain an abortion as a matter of perso",4,Rarely,4,Reason and evidence,1,Never,1,A moderate amount,1,A little,4,Most of the time,2,Somewhat harder,4,Somewhat oppose,2,Somewhat favor,4,Somewhat favor,4,
73,Male,1,White,3,Yes,1,"$30,000 - $39,999",4,Donald Trump,2,Retired,5,"The law should permit abortion for reasons other than rape,",3,Rarely,4,Both equally,2,Once or twice a month,4,A little,2,None at all,5,Most of the time,2,Somewhat harder,4,Somewhat favor,4,Strongly favor,5,Somewhat oppose,2,
66,Male,1,White,3,No,0,"$80,000 - $99,999",9,Donald Trump,2,Retired,5,Other,5,Rarely,4,Reason and evidence,1,Once a week,5,None at all,1,None at all,5,Most of the time,2,About the same,3,Somewhat favor,4,Strongly favor,5,Strongly oppose,1,
71,Male,1,White,3,No,0,"$40,000 - $49,999",5,Donald Trump,2,Retired,5,"The law should permit abortion only in case of rape, incest, or when the woman's",2,Rarely,4,Both equally,2,Once or twice a month,4,A little,2,None at all,5,Most of the time,2,Somewhat easier,2,Strongly favor,5,Somewhat favor,4,Somewhat favor,4,
35,Female,2,Hispanic,2,No,0,"$50,000 - $59,999",6,Donald Trump,2,Other,8,"By law, a woman should always be able to obtain an abortion as a matter of perso",4,Rarely,4,Reason and evidence,1,Never,1,A little,1,None at all,5,Some of the time,4,Somewhat harder,4,Somewhat favor,4,Strongly oppose,1,Strongly favor,5,
48,Male,1,White,3,No,0,"$200,000 - $249,999",13,Donald Trump,2,Full-time,1,Other,5,Never,5,Reason and evidence,1,Never,1,None at all,1,None at all,5,Most of the time,2,Somewhat easier,2,Strongly favor,5,Somewhat favor,4,Strongly oppose,1,
25,Male,1,White,3,No,0,"$40,000 - $49,999",5,Joe Biden,1,Full-time,1,"By law, a woman should always be able to obtain an abortion as a matter of perso",4,Moderately often,3,Reason and evidence,1,Never,1,A lot,1,A lot,2,Most of the time,2,Somewhat easier,2,Strongly favor,5,Somewhat oppose,2,Strongly favor,5,
64,Female,2,White,3,No,0,"$20,000 - $29,999",3,Joe Biden,1,Part-time,2,"By law, a woman should always be able to obtain an abortion as a matter of perso",4,Rarely,4,Reason and evidence,1,Never,1,A lot,1,A moderate amount,3,About half the time,3,A lot easier,1,Somewhat favor,4,Somewhat oppose,2,Strongly favor,5,
36,Female,2,Black,1,No,0,"$100,000 - $119,999",11,Joe Biden,1,Full-time,1,"The law should permit abortion for reasons other than rape,",3,Rarely,4,Reason and evidence,1,Seldom,2,A great deal,1,A little,4,About half the time,3,Somewhat harder,4,Strongly oppose,1,Strongly oppose,1,Somewhat oppose,2,
61,Female,2,White,3,No,0,"$10,000 - $19,999",2,Donald Trump,2,Permanently disabled,7,"The law should permit abortion only in case of rape, incest, or when the woman's",2,Rarely,4,Religious beliefs,3,Never,1,None at all,3,None at all,5,Some of the time,4,A lot harder,5,Strongly oppose,1,Somewhat favor,4,Strongly oppose,1,
63,Male,1,White,3,No,0,"$20,000 - $29,999",3,Donald Trump,2,Retired,5,"The law should permit abortion only in case of rape, incest, or when the woman's",2,Never,5,Both equally,2,Seldom,2,A moderate amount,2,A moderate amount,3,Some of the time,4,About the same,3,Somewhat favor,4,Somewhat favor,4,Neither favor nor oppose,3,
31,Male,1,Black,1,No,0,"$120,000 - $149,999",3,Donald Trump,2,Full-time,1,"By law, abortion should never be permitted.",1,Rarely,4,Reason and evidence,1,Once a week,5,A great deal,1,A great deal,1,Most of the time,2,Somewhat harder,4,Strongly favor,5,Strongly favor,5,Strongly favor,5,
64,Male,1,White,3,No,0,"$30,000 - $39,999",4,Donald Trump,2,Part-time,2,"The law should permit abortion only in case of rape, incest, or when the woman's",2,Rarely,4,Both equally,2,Never,1,A little,2,None at all,5,About half the time,3,About the same,3,Somewhat oppose,2,Neither favor nor oppose,3,Somewhat oppose,2,
47,Male,1,White,3,No,0,"$40,000 - $49,999",5,Donald Trump,2,Full-time,1,"The law should permit abortion only in case of rape, incest, or when the woman's",2,Moderately often,3,Both equally,2,Seldom,2,A little,2,None at all,5,Some of the time,4,A lot harder,5,Strongly oppose,1,Strongly oppose,1,Strongly oppose,1,
20,Female,2,Hispanic,2,No,0,"$60,000 - $69,999",7,Donald Trump,2,Part-time,2,"The law should permit abortion for reasons other than rape,",3,Rarely,4,Reason and evidence,1,A few times a year,3,A little,1,A little,4,About half the time,3,Somewhat easier,2,Somewhat oppose,2,Somewhat oppose,2,Somewhat oppose,2,
51,Male,1,White,3,No,0,"$70,000 - $79,999",8,Donald Trump,2,Other,8,"By law, abortion should never be permitted.",1,Rarely,4,Both equally,2,More than once a week,6,None at all,2,None at all,5,Some of the time,4,Somewhat easier,2,Somewhat oppose,2,Somewhat favor,4,Somewhat oppose,2,
52,Male,1,White,3,No,0,"$60,000 - $69,999",7,Joe Biden,1,Full-time,1,"By law, a woman should always be able to obtain an abortion as a matter of perso",4,Moderately often,3,Reason and evidence,1,Once or twice a month,4,A lot,1,A moderate amount,3,About half the time,3,About the same,3,Somewhat favor,4,Somewhat oppose,2,Neither favor nor oppose,3,
64,Male,1,White,3,No,0,"$40,000 - $49,999",5,Joe Biden,1,Other,8,"The law should permit abortion only in case of rape, incest, or when the woman's",2,Rarely,4,Both equally,2,Never,1,A moderate amount,2,A moderate amount,3,Some of the time,4,Somewhat easier,2,Somewhat favor,4,Somewhat favor,4,Somewhat favor,4,
20,Female,2,White,3,No,0,"$30,000 - $39,999",4,Joe Biden,1,Student,4,"By law, a woman should always be able to obtain an abortion as a matter of perso",4,Rarely,4,Reason and evidence,1,Never,1,A moderate amount,1,None at all,5,Some of the time,4,A lot easier,1,Neither favor nor oppose,3,Strongly oppose,1,Strongly favor,5,
44,Male,1,White,3,No,0,"$40,000 - $49,999",5,Joe Biden,1,Full-time,1,"By law, a woman should always be able to obtain an abortion as a matter of perso",4,Rarely,4,Reason and evidence,1,Never,1,A great deal,1,A moderate amount,3,About half the time,3,Somewhat easier,2,Somewhat favor,4,Strongly oppose,1,Strongly favor,5,
60,Female,2,White,3,No,0,"$50,000 - $59,999",6,Donald Trump,2,Full-time,1,"The law should permit abortion for reasons other than rape,",3,Moderately often,3,Religious beliefs,3,Seldom,2,A little,3,A moderate amount,3,About half the time,3,A lot harder,5,Somewhat favor,4,Strongly favor,5,Strongly oppose,1,
20,Female,2,Hispanic,2,No,0,"$60,000 - $69,999",7,Donald Trump,2,Part-time,2,"The law should permit abortion for reasons other than rape,",3,Rarely,4,Both equally,2,A few times a year,3,A lot,2,A moderate amount,3,Some of the time,4,About the same,3,Strongly favor,5,Somewhat oppose,2,Strongly favor,5,
50,Female,2,White,3,No,0,"$10,000 - $19,999",2,Joe Biden,1,Part-time,2,"By law, a woman should always be able to obtain an abortion as a matter of perso",4,Moderately often,3,Both equally,2,Once or twice a month,4,A moderate amount,2,A moderate amount,3,Some of the time,4,Somewhat easier,2,Somewhat favor,4,Neither favor nor oppose,3,Neither favor nor oppose,3,
38,Male,1,Hispanic,2,No,0,"$70,000 - $79,999",8,Joe Biden,1,Full-time,1,"The law should permit abortion for reasons other than rape,",3,Rarely,4,Both equally,2,Never,1,A moderate amount,2,A moderate amount,3,About half the time,3,About the same,3,Neither favor nor oppose,3,Somewhat oppose,2,Somewhat favor,4,
47,Female,2,Hispanic,2,No,0,"$20,000 - $29,999",3,Donald Trump,2,Unemployed,3,"By law, a woman should always be able to obtain an abortion as a matter of perso",4,Rarely,4,Both equally,2,A few times a year,3,None at all,2,A moderate amount,3,Some of the time,4,About the same,3,Somewhat oppose,2,Somewhat oppose,2,Somewhat oppose,2,
54,Female,2,Hispanic,2,No,0,"Less than $10,000",1,Joe Biden,1,Part-time,2,"By law, abortion should never be permitted.",1,Never,5,Reason and evidence,1,Seldom,2,A moderate amount,1,A little,4,Never,5,A lot harder,5,Strongly oppose,1,Strongly oppose,1,Strongly oppose,1,
43,Female,2,White,3,No,0,"$10,000 - $19,999",2,Joe Biden,1,Unemployed,3,"By law, a woman should always be able to obtain an abortion as a matter of perso",4,Rarely,4,Both equally,2,Never,1,A moderate amount,2,A moderate amount,3,Never,5,About the same,3,Strongly oppose,1,Strongly oppose,1,Strongly oppose,1,
65,Female,2,Black,1,Yes,1,"$100,000 - $119,999",11,Joe Biden,1,Full-time,1,"By law, a woman should always be able to obtain an abortion as a matter of perso",4,Rarely,4,Both equally,2,Seldom,2,A lot,2,None at all,5,Some of the time,4,Somewhat easier,2,Strongly favor,5,Strongly oppose,1,Strongly favor,5,
27,Male,1,White,3,No,0,"$60,000 - $69,999",7,Joe Biden,1,Part-time,2,"The law should permit abortion only in case of rape, incest, or when the woman's",2,Rarely,4,Both equally,2,Seldom,2,A moderate amount,2,A moderate amount,3,About half the time,3,Somewhat easier,2,Neither favor nor oppose,3,Somewhat favor,4,Neither favor nor oppose,3,
24,Female,2,Hispanic,2,No,0,"$80,000 - $99,999",9,Donald Trump,2,Student,4,"The law should permit abortion only in case of rape, incest, or when the woman's",2,Rarely,4,Both equally,2,Seldom,2,A moderate amount,2,A little,4,Never,5,Somewhat harder,4,Strongly oppose,1,Somewhat oppose,2,Somewhat oppose,2,
27,Female,2,Black,1,No,0,"Less than $10,000",1,Joe Biden,1,Student,4,"The law should permit abortion for reasons other than rape,",3,Rarely,4,Reason and evidence,1,Never,1,A moderate amount,1,A little,4,Some of the time,4,About the same,3,Neither favor nor oppose,3,Neither favor nor oppose,3,Neither favor nor oppose,3,
20,Female,2,Black,1,No,0,"$10,000 - $19,999",2,Donald Trump,2,Part-time,2,"By law, a woman should always be able to obtain an abortion as a matter of perso",4,Rarely,4,Both equally,2,More than once a week,6,A great deal,2,A great deal,1,Some of the time,4,About the same,3,Somewhat favor,4,Strongly favor,5,Neither favor nor oppose,3,
58,Female,2,Black,1,No,0,"Less than $10,000",1,Joe Biden,1,Unemployed,3,"The law should permit abortion only in case of rape, incest, or when the woman's",2,Rarely,4,Religious beliefs,3,Never,1,A great deal,3,A lot,2,Never,5,A lot harder,5,Somewhat favor,4,Neither favor nor oppose,3,Neither favor nor oppose,3,
26,Female,2,Hispanic,2,No,0,"$70,000 - $79,999",8,Joe Biden,1,Full-time,1,"By law, a woman should always be able to obtain an abortion as a matter of perso",4,Rarely,4,Reason and evidence,1,Seldom,2,A moderate amount,1,A little,4,Some of the time,4,About the same,3,Neither favor nor oppose,3,Strongly oppose,1,Strongly favor,5,
26,Female,2,Hispanic,2,No,0,"$20,000 - $29,999",3,Donald Trump,2,Full-time,1,"The law should permit abortion for reasons other than rape,",3,Never,5,Both equally,2,More than once a week,6,None at all,2,None at all,5,Never,5,About the same,3,Neither favor nor oppose,3,Neither favor nor oppose,3,Neither favor nor oppose,3,
58,Male,1,Hispanic,2,Yes,1,"$100,000 - $119,999",11,Donald Trump,2,Full-time,1,Other,5,Rarely,4,Reason and evidence,1,Once a week,5,A moderate amount,1,None at all,5,About half the time,3,A lot harder,5,Strongly favor,5,Neither favor nor oppose,3,Somewhat oppose,2,
57,Male,1,White,3,No,0,"$100,000 - $119,999",11,Donald Trump,2,Full-time,1,"By law, abortion should never be permitted.",1,Rarely,4,Both equally,2,More than once a week,6,None at all,2,None at all,5,Most of the time,2,A lot harder,5,Strongly oppose,1,Strongly oppose,1,Neither favor nor oppose,3,
39,Male,1,Black,1,No,0,"$10,000 - $19,999",2,Donald Trump,2,Unemployed,3,"By law, a woman should always be able to obtain an abortion as a matter of perso",4,Very often,2,Reason and evidence,1,Never,1,A great deal,1,A great deal,1,About half the time,3,A lot harder,5,Strongly oppose,1,Strongly oppose,1,Strongly oppose,1,
31,Male,1,Black,1,Yes,1,"$100,000 - $119,999",11,Donald Trump,2,Full-time,1,"By law, a woman should always be able to obtain an abortion as a matter of perso",4,Moderately often,3,Reason and evidence,1,Once a week,5,A great deal,1,A great deal,1,Most of the time,2,Somewhat easier,2,Strongly favor,5,Strongly favor,5,Strongly favor,5,
30,Female,2,White,3,No,0,"$20,000 - $29,999",3,Donald Trump,2,Unemployed,3,"The law should permit abortion for reasons other than rape,",3,Rarely,4,Both equally,2,Never,1,A moderate amount,2,A little,4,Most of the time,2,A lot harder,5,Somewhat oppose,2,Neither favor nor oppose,3,Somewhat favor,4,
59,Female,2,White,3,No,0,"$80,000 - $99,999",9,Donald Trump,2,Unemployed,3,"The law should permit abortion only in case of rape, incest, or when the woman's",2,Rarely,4,Both equally,2,Seldom,2,A lot,2,None at all,5,About half the time,3,About the same,3,Neither favor nor oppose,3,Neither favor nor oppose,3,Somewhat oppose,2,
26,Male,1,White,3,Yes,1,"$20,000 - $29,999",3,Joe Biden,1,Other,8,"By law, a woman should always be able to obtain an abortion as a matter of perso",4,Never,5,Reason and evidence,1,Never,1,A little,1,None at all,5,Some of the time,4,A lot easier,1,Strongly favor,5,Strongly favor,5,Strongly oppose,1,
42,Female,2,White,3,No,0,"Less than $10,000",1,Joe Biden,1,Other,8,"The law should permit abortion only in case of rape, incest, or when the woman's",2,Rarely,4,Reason and evidence,1,Never,1,A moderate amount,1,A moderate amount,3,Some of the time,4,A lot harder,5,Neither favor nor oppose,3,Neither favor nor oppose,3,Neither favor nor oppose,3,
32,Female,2,White,3,No,0,"$10,000 - $19,999",2,Joe Biden,1,Unemployed,3,"By law, a woman should always be able to obtain an abortion as a matter of perso",4,Rarely,4,Both equally,2,Never,1,A lot,2,None at all,5,Some of the time,4,About the same,3,Neither favor nor oppose,3,Neither favor nor oppose,3,Neither favor nor oppose,3,
58,Female,2,Black,1,No,0,"$10,000 - $19,999",2,Donald Trump,2,Homemaker,6,"The law should permit abortion only in case of rape, incest, or when the woman's",2,Rarely,4,Religious beliefs,3,More than once a week,6,A great deal,3,A great deal,1,Never,5,A lot harder,5,Strongly favor,5,Strongly favor,5,Strongly favor,5,
64,Female,2,White,3,No,0,"$10,000 - $19,999",2,Donald Trump,2,Retired,5,"By law, abortion should never be permitted.",1,Rarely,4,Both equally,2,Seldom,2,A little,2,None at all,5,Some of the time,4,Somewhat easier,2,Somewhat favor,4,Strongly favor,5,Somewhat favor,4,
20,Female,2,Hispanic,2,No,0,"$30,000 - $39,999",4,Joe Biden,1,Student,4,"By law, a woman should always be able to obtain an abortion as a matter of perso",4,Rarely,4,Reason and evidence,1,Once a week,5,A great deal,1,A lot,2,About half the time,3,Somewhat easier,2,Neither favor nor oppose,3,Strongly oppose,1,Strongly favor,5,
38,Male,1,White,3,No,0,"$70,000 - $79,999",8,Joe Biden,1,Full-time,1,"The law should permit abortion for reasons other than rape,",3,Rarely,4,Reason and evidence,1,Never,1,A moderate amount,1,None at all,5,Most of the time,2,Somewhat harder,4,Strongly favor,5,Somewhat oppose,2,Somewhat oppose,2,
55,Female,2,White,3,No,0,"Less than $10,000",1,Donald Trump,2,Unemployed,3,"The law should permit abortion only in case of rape, incest, or when the woman's",2,Rarely,4,Both equally,2,Seldom,2,A lot,2,None at all,5,About half the time,3,A lot easier,1,Neither favor nor oppose,3,Strongly favor,5,Strongly favor,5,
37,Male,1,Hispanic,2,No,0,"Less than $10,000",1,Donald Trump,2,Unemployed,3,"The law should permit abortion only in case of rape, incest, or when the woman's",2,Never,5,Both equally,2,Never,1,None at all,2,A moderate amount,3,Never,5,A lot harder,5,Strongly oppose,1,Strongly oppose,1,Strongly oppose,1,
51,Female,2,White,3,No,0,"$70,000 - $79,999",8,Donald Trump,2,Full-time,1,"By law, a woman should always be able to obtain an abortion as a matter of perso",4,Rarely,4,Reason and evidence,1,Once a week,5,A moderate amount,1,A moderate amount,3,Most of the time,2,About the same,3,Strongly favor,5,Strongly favor,5,Strongly favor,5,
63,Male,1,White,3,No,0,"$10,000 - $19,999",2,Donald Trump,2,Permanently disabled,7,"The law should permit abortion only in case of rape, incest, or when the woman's",2,Rarely,4,Reason and evidence,1,Never,1,None at all,1,None at all,5,Some of the time,4,A lot harder,5,Strongly oppose,1,Strongly oppose,1,Strongly oppose,1,
41,Male,1,White,3,No,0,"$20,000 - $29,999",3,Joe Biden,1,Unemployed,3,"By law, a woman should always be able to obtain an abortion as a matter of perso",4,Moderately often,3,Both equally,2,Never,1,A lot,2,A moderate amount,3,Most of the time,2,A lot easier,1,Strongly favor,5,Somewhat oppose,2,Strongly favor,5,
51,Female,2,White,3,No,0,"$40,000 - $49,999",5,Donald Trump,2,Student,4,"The law should permit abortion only in case of rape, incest, or when the woman's",2,Rarely,4,Both equally,2,Once a week,5,A little,2,None at all,5,Most of the time,2,About the same,3,Somewhat favor,4,Somewhat favor,4,Somewhat favor,4,
63,Female,2,White,3,No,0,"$80,000 - $99,999",9,Donald Trump,2,Homemaker,6,"By law, abortion should never be permitted.",1,Rarely,4,Religious beliefs,3,Once a week,5,None at all,3,None at all,5,Some of the time,4,A lot harder,5,Somewhat favor,4,Strongly favor,5,Somewhat favor,4,
48,Female,2,White,3,No,0,"$50,000 - $59,999",6,Joe Biden,1,Permanently disabled,7,"The law should permit abortion for reasons other than rape,",3,Rarely,4,Both equally,2,Never,1,A moderate amount,2,A moderate amount,3,About half the time,3,About the same,3,Strongly favor,5,Strongly oppose,1,Strongly favor,5,
60,Male,1,Hispanic,2,Yes,1,"$150,000 - $199,999",6,Joe Biden,1,Full-time,1,"By law, a woman should always be able to obtain an abortion as a matter of perso",4,Rarely,4,Reason and evidence,1,Never,1,A great deal,1,A great deal,1,Most of the time,2,A lot easier,1,Strongly favor,5,Strongly favor,5,Strongly favor,5,
56,Male,1,White,3,No,0,"$120,000 - $149,999",3,Donald Trump,2,Full-time,1,"By law, a woman should always be able to obtain an abortion as a matter of perso",4,Rarely,4,Reason and evidence,1,Never,1,A moderate amount,1,None at all,5,Most of the time,2,Somewhat harder,4,Strongly oppose,1,Strongly oppose,1,Strongly oppose,1,
55,Male,1,White,3,No,0,"$120,000 - $149,999",3,Donald Trump,2,Full-time,1,"The law should permit abortion only in case of rape, incest, or when the woman's",2,Rarely,4,Reason and evidence,1,Never,1,None at all,1,None at all,5,Most of the time,2,A lot harder,5,Strongly oppose,1,Strongly oppose,1,Strongly oppose,1,
24,Male,1,White,3,Yes,1,"$40,000 - $49,999",5,Joe Biden,1,Part-time,2,"The law should permit abortion for reasons other than rape,",3,Very often,2,Reason and evidence,1,Once a week,5,A moderate amount,1,A little,4,About half the time,3,Somewhat harder,4,Neither favor nor oppose,3,Somewhat favor,4,Somewhat oppose,2,
60,Female,2,White,3,No,0,"$20,000 - $29,999",3,Donald Trump,2,Retired,5,"By law, a woman should always be able to obtain an abortion as a matter of perso",4,Never,5,Reason and evidence,1,Never,1,A little,1,None at all,5,Most of the time,2,A lot harder,5,Neither favor nor oppose,3,Neither favor nor oppose,3,Neither favor nor oppose,3,
31,Female,2,White,3,No,0,"$70,000 - $79,999",8,Donald Trump,2,Full-time,1,"By law, a woman should always be able to obtain an abortion as a matter of perso",4,Rarely,4,Reason and evidence,1,A few times a year,3,None at all,1,None at all,5,Most of the time,2,A lot harder,5,Strongly oppose,1,Strongly oppose,1,Strongly oppose,1,
44,Male,1,Hispanic,2,No,0,"$120,000 - $149,999",3,Joe Biden,1,Full-time,1,"By law, a woman should always be able to obtain an abortion as a matter of perso",4,Rarely,4,Reason and evidence,1,Never,1,A lot,1,A moderate amount,3,Most of the time,2,Somewhat easier,2,Strongly favor,5,Neither favor nor oppose,3,Strongly favor,5,
59,Male,1,White,3,No,0,"$20,000 - $29,999",3,Donald Trump,2,Permanently disabled,7,"By law, a woman should always be able to obtain an abortion as a matter of perso",4,Never,5,Reason and evidence,1,Never,1,A little,1,A lot,2,Never,5,A lot harder,5,Somewhat favor,4,Neither favor nor oppose,3,Strongly oppose,1,
52,Female,2,White,3,No,0,"$30,000 - $39,999",4,Donald Trump,2,Full-time,1,"The law should permit abortion only in case of rape, incest, or when the woman's",2,Rarely,4,Both equally,2,Never,1,None at all,2,None at all,5,About half the time,3,A lot harder,5,Strongly oppose,1,Neither favor nor oppose,3,Neither favor nor oppose,3,
62,Male,1,White,3,Yes,1,"$10,000 - $19,999",2,Donald Trump,2,Retired,5,"The law should permit abortion for reasons other than rape,",3,Rarely,4,Both equally,2,Never,1,None at all,2,None at all,5,About half the time,3,About the same,3,Somewhat oppose,2,Strongly favor,5,Somewhat oppose,2,
36,Female,2,White,3,No,0,"Less than $10,000",1,Donald Trump,2,Unemployed,3,"By law, a woman should always be able to obtain an abortion as a matter of perso",4,Moderately often,3,Reason and evidence,1,Never,1,A great deal,1,A moderate amount,3,Most of the time,2,A lot easier,1,Strongly favor,5,Strongly oppose,1,Strongly favor,5,
28,Male,1,Black,1,No,0,"Less than $10,000",1,Donald Trump,2,Part-time,2,"By law, a woman should always be able to obtain an abortion as a matter of perso",4,Rarely,4,Both equally,2,A few times a year,3,A lot,2,A moderate amount,3,About half the time,3,Somewhat easier,2,Neither favor nor oppose,3,Neither favor nor oppose,3,Neither favor nor oppose,3,
64,Male,1,White,3,No,0,"$20,000 - $29,999",3,Donald Trump,2,Permanently disabled,7,"The law should permit abortion only in case of rape, incest, or when the woman's",2,Never,5,Both equally,2,Seldom,2,None at all,2,None at all,5,Some of the time,4,A lot harder,5,Somewhat oppose,2,Somewhat oppose,2,Somewhat favor,4,
62,Female,2,Black,1,No,0,"$30,000 - $39,999",4,Joe Biden,1,Retired,5,"By law, a woman should always be able to obtain an abortion as a matter of perso",4,Rarely,4,Reason and evidence,1,A few times a year,3,A great deal,1,A little,4,About half the time,3,Somewhat easier,2,Strongly favor,5,Somewhat oppose,2,Strongly favor,5,
61,Female,2,White,3,No,0,"$100,000 - $119,999",11,Joe Biden,1,Unemployed,3,"By law, a woman should always be able to obtain an abortion as a matter of perso",4,Never,5,Reason and evidence,1,Once a week,5,A moderate amount,1,A little,4,Some of the time,4,About the same,3,Neither favor nor oppose,3,Neither favor nor oppose,3,Neither favor nor oppose,3,
62,Female,2,White,3,No,0,"$20,000 - $29,999",3,Joe Biden,1,Permanently disabled,7,"The law should permit abortion only in case of rape, incest, or when the woman's",2,Rarely,4,Both equally,2,Never,1,A little,2,None at all,5,Some of the time,4,A lot easier,1,Neither favor nor oppose,3,Neither favor nor oppose,3,Neither favor nor oppose,3,
45,Male,1,White,3,No,0,"$200,000 - $249,999",13,Donald Trump,2,Full-time,1,Other,5,Rarely,4,Both equally,2,Seldom,2,A little,2,None at all,5,Most of the time,2,A lot harder,5,Strongly oppose,1,Strongly favor,5,Strongly favor,5,
61,Female,2,White,3,No,0,"$10,000 - $19,999",2,Donald Trump,2,Permanently disabled,7,"By law, a woman should always be able to obtain an abortion as a matter of perso",4,Never,5,Reason and evidence,1,Never,1,A moderate amount,1,None at all,5,Most of the time,2,Somewhat easier,2,Neither favor nor oppose,3,Somewhat favor,4,Somewhat favor,4,
44,Male,1,White,3,No,0,"$20,000 - $29,999",3,Joe Biden,1,Part-time,2,"By law, a woman should always be able to obtain an abortion as a matter of perso",4,Rarely,4,Reason and evidence,1,Never,1,A great deal,1,A moderate amount,3,Most of the time,2,Somewhat harder,4,Strongly favor,5,Somewhat oppose,2,Somewhat oppose,2,
79,Male,1,White,3,Yes,1,"$50,000 - $59,999",6,Donald Trump,2,Retired,5,"The law should permit abortion only in case of rape, incest, or when the woman's",2,Rarely,4,Both equally,2,Seldom,2,A little,2,None at all,5,Most of the time,2,About the same,3,Somewhat favor,4,Strongly oppose,1,Strongly oppose,1,
36,Male,1,White,3,No,0,"$10,000 - $19,999",2,Donald Trump,2,Retired,5,"The law should permit abortion only in case of rape, incest, or when the woman's",2,Never,5,Both equally,2,Don't know,7,A moderate amount,2,A moderate amount,3,About half the time,3,Somewhat harder,4,Strongly oppose,1,Somewhat favor,4,Neither favor nor oppose,3,
22,Male,1,Hispanic,2,No,0,"Less than $10,000",1,Joe Biden,1,Student,4,"The law should permit abortion only in case of rape, incest, or when the woman's",2,Very often,2,Reason and evidence,1,Once or twice a month,4,A moderate amount,1,A moderate amount,3,About half the time,3,About the same,3,Somewhat oppose,2,Somewhat favor,4,Neither favor nor oppose,3,
54,Female,2,White,3,No,0,"$10,000 - $19,999",2,Joe Biden,1,Permanently disabled,7,Other,5,Never,5,Reason and evidence,1,Never,1,A little,1,A little,4,Some of the time,4,About the same,3,Neither favor nor oppose,3,Neither favor nor oppose,3,Neither favor nor oppose,3,
56,Female,2,White,3,Yes,1,"$150,000 - $199,999",6,Donald Trump,2,Homemaker,6,"The law should permit abortion only in case of rape, incest, or when the woman's",2,Rarely,4,Reason and evidence,1,Seldom,2,None at all,1,None at all,5,Never,5,A lot harder,5,Neither favor nor oppose,3,Strongly favor,5,Strongly oppose,1,
56,Female,2,White,3,No,0,"$10,000 - $19,999",2,Joe Biden,1,Unemployed,3,"The law should permit abortion only in case of rape, incest, or when the woman's",2,Never,5,Both equally,2,A few times a year,3,A great deal,2,A little,4,Some of the time,4,About the same,3,Somewhat favor,4,Neither favor nor oppose,3,Neither favor nor oppose,3,
29,Male,1,Black,1,No,0,"$120,000 - $149,999",3,Joe Biden,1,Unemployed,3,"By law, abortion should never be permitted.",1,Rarely,4,Reason and evidence,1,Don't know,7,A great deal,1,A moderate amount,3,Some of the time,4,A lot harder,5,Somewhat oppose,2,Somewhat oppose,2,Neither favor nor oppose,3,
67,Male,1,Hispanic,2,No,0,"$10,000 - $19,999",2,Joe Biden,1,Part-time,2,"The law should permit abortion only in case of rape, incest, or when the woman's",2,Very often,2,Both equally,2,A few times a year,3,A lot,2,A moderate amount,3,Some of the time,4,A lot easier,1,Neither favor nor oppose,3,Neither favor nor oppose,3,Neither favor nor oppose,3,
58,Female,2,White,3,No,0,"$40,000 - $49,999",5,Donald Trump,2,Homemaker,6,"The law should permit abortion only in case of rape, incest, or when the woman's",2,Never,5,Religious beliefs,3,More than once a week,6,None at all,3,None at all,5,Some of the time,4,A lot harder,5,Neither favor nor oppose,3,Neither favor nor oppose,3,Neither favor nor oppose,3,
45,Male,1,Black,1,Yes,1,"$50,000 - $59,999",6,Joe Biden,1,Full-time,1,"The law should permit abortion for reasons other than rape,",3,Extremely often,1,Both equally,2,Once a week,5,A great deal,2,A great deal,1,Always,1,A lot easier,1,Strongly oppose,1,Strongly oppose,1,Strongly oppose,1,
26,Female,2,White,3,Yes,1,"$10,000 - $19,999",2,Joe Biden,1,Homemaker,6,"By law, a woman should always be able to obtain an abortion as a matter of perso",4,Rarely,4,Reason and evidence,1,Never,1,A moderate amount,1,None at all,5,Never,5,About the same,3,Neither favor nor oppose,3,Neither favor nor oppose,3,Somewhat favor,4,
25,Male,1,Black,1,No,0,"$40,000 - $49,999",5,Joe Biden,1,Full-time,1,"The law should permit abortion for reasons other than rape,",3,Never,5,Religious beliefs,3,More than once a week,6,A moderate amount,3,A great deal,1,Most of the time,2,Somewhat easier,2,Strongly favor,5,Neither favor nor oppose,3,Somewhat favor,4,
52,Female,2,White,3,No,0,"$70,000 - $79,999",8,Donald Trump,2,Permanently disabled,7,Other,5,Rarely,4,Reason and evidence,1,Never,1,A great deal,1,None at all,5,Never,5,A lot harder,5,Somewhat oppose,2,Somewhat favor,4,Neither favor nor oppose,3,
38,Male,1,White,3,No,0,"$30,000 - $39,999",4,Donald Trump,2,Full-time,1,"By law, abortion should never be permitted.",1,Never,5,Religious beliefs,3,Don't know,7,None at all,3,None at all,5,Never,5,A lot harder,5,Neither favor nor oppose,3,Neither favor nor oppose,3,Neither favor nor oppose,3,
52,Male,1,Hispanic,2,Yes,1,"$50,000 - $59,999",6,Donald Trump,2,Full-time,1,"The law should permit abortion only in case of rape, incest, or when the woman's",2,Rarely,4,Both equally,2,Seldom,2,None at all,2,None at all,5,Most of the time,2,A lot harder,5,Somewhat oppose,2,Somewhat favor,4,Somewhat oppose,2,
43,Female,2,White,3,Yes,1,"$100,000 - $119,999",11,Joe Biden,1,Part-time,2,"The law should permit abortion only in case of rape, incest, or when the woman's",2,Very often,2,Reason and evidence,1,Once a week,5,A lot,1,A lot,2,Most of the time,2,Somewhat easier,2,Somewhat favor,4,Somewhat favor,4,Somewhat favor,4,
64,Female,2,White,3,No,0,"$70,000 - $79,999",8,Joe Biden,1,Retired,5,"By law, a woman should always be able to obtain an abortion as a matter of perso",4,Never,5,Both equally,2,Never,1,A little,2,None at all,5,Some of the time,4,About the same,3,Strongly favor,5,Strongly favor,5,Strongly favor,5,
53,Female,2,White,3,Yes,1,"$60,000 - $69,999",7,Joe Biden,1,Other,8,"By law, a woman should always be able to obtain an abortion as a matter of perso",4,Rarely,4,Reason and evidence,1,Seldom,2,A great deal,1,A lot,2,Some of the time,4,About the same,3,Somewhat favor,4,Neither favor nor oppose,3,Somewhat favor,4,
44,Female,2,Hispanic,2,Yes,1,"$80,000 - $99,999",9,Joe Biden,1,Full-time,1,"By law, a woman should always be able to obtain an abortion as a matter of perso",4,Rarely,4,Reason and evidence,1,Never,1,A moderate amount,1,A moderate amount,3,About half the time,3,A lot easier,1,Strongly favor,5,Strongly oppose,1,Strongly favor,5,
82,Female,2,White,3,No,0,"$50,000 - $59,999",6,Joe Biden,1,Retired,5,"By law, a woman should always be able to obtain an abortion as a matter of perso",4,Never,5,Reason and evidence,1,Seldom,2,A lot,1,A moderate amount,3,About half the time,3,Somewhat harder,4,Strongly favor,5,Strongly favor,5,Somewhat oppose,2,
53,Female,2,White,3,No,0,"$10,000 - $19,999",2,Joe Biden,1,Retired,5,"The law should permit abortion only in case of rape, incest, or when the woman's",2,Rarely,4,Reason and evidence,1,Seldom,2,A moderate amount,1,A lot,2,About half the time,3,A lot harder,5,Somewhat oppose,2,Neither favor nor oppose,3,Somewhat favor,4,
58,Female,2,White,3,No,0,"$120,000 - $149,999",3,Donald Trump,2,Full-time,1,"The law should permit abortion only in case of rape, incest, or when the woman's",2,Moderately often,3,Both equally,2,Seldom,2,A little,2,None at all,5,About half the time,3,About the same,3,Neither favor nor oppose,3,Neither favor nor oppose,3,Neither favor nor oppose,3,
39,Female,2,Hispanic,2,No,0,"$60,000 - $69,999",7,Joe Biden,1,Full-time,1,"By law, a woman should always be able to obtain an abortion as a matter of perso",4,Never,5,Reason and evidence,1,Seldom,2,A lot,1,A little,4,About half the time,3,About the same,3,Strongly favor,5,Somewhat oppose,2,Strongly favor,5,
50,Female,2,Hispanic,2,No,0,"$120,000 - $149,999",3,Joe Biden,1,Homemaker,6,"By law, a woman should always be able to obtain an abortion as a matter of perso",4,Rarely,4,Reason and evidence,1,Never,1,A moderate amount,1,None at all,5,Most of the time,2,Somewhat easier,2,Neither favor nor oppose,3,Somewhat oppose,2,Somewhat oppose,2,
61,Male,1,White,3,No,0,"$120,000 - $149,999",3,Donald Trump,2,Full-time,1,"The law should permit abortion only in case of rape, incest, or when the woman's",2,Rarely,4,Reason and evidence,1,Seldom,2,A moderate amount,1,None at all,5,Some of the time,4,About the same,3,Somewhat favor,4,Strongly favor,5,Neither favor nor oppose,3,
43,Male,1,White,3,No,0,"$150,000 - $199,999",6,Joe Biden,1,Full-time,1,"The law should permit abortion for reasons other than rape,",3,Rarely,4,Reason and evidence,1,Never,1,A little,1,A little,4,Most of the time,2,About the same,3,Strongly favor,5,Somewhat oppose,2,Strongly favor,5,
29,Male,1,White,3,No,0,"$80,000 - $99,999",9,Donald Trump,2,Full-time,1,"The law should permit abortion only in case of rape, incest, or when the woman's",2,Rarely,4,Both equally,2,Seldom,2,A little,2,None at all,5,Some of the time,4,A lot harder,5,Neither favor nor oppose,3,Strongly favor,5,Strongly oppose,1,
23,Male,1,Hispanic,2,No,0,"$120,000 - $149,999",3,Donald Trump,2,Full-time,1,"The law should permit abortion for reasons other than rape,",3,Moderately often,3,Religious beliefs,3,Never,1,A moderate amount,3,None at all,5,Most of the time,2,About the same,3,Somewhat favor,4,Somewhat oppose,2,Somewhat favor,4,
61,Female,2,White,3,No,0,"$60,000 - $69,999",7,Donald Trump,2,Homemaker,6,"By law, abortion should never be permitted.",1,Rarely,4,Both equally,2,A few times a year,3,A moderate amount,2,None at all,5,About half the time,3,Somewhat easier,2,Neither favor nor oppose,3,Strongly favor,5,Strongly favor,5,
46,Female,2,Hispanic,2,No,0,"$100,000 - $119,999",11,Joe Biden,1,Full-time,1,"The law should permit abortion only in case of rape, incest, or when the woman's",2,Rarely,4,Reason and evidence,1,Seldom,2,A lot,1,A little,4,Some of the time,4,Somewhat harder,4,Neither favor nor oppose,3,Somewhat oppose,2,Somewhat favor,4,
63,Male,1,Black,1,No,0,"$30,000 - $39,999",4,Joe Biden,1,Retired,5,"By law, a woman should always be able to obtain an abortion as a matter of perso",4,Rarely,4,Reason and evidence,1,Once a week,5,A moderate amount,1,A moderate amount,3,Most of the time,2,About the same,3,Neither favor nor oppose,3,Neither favor nor oppose,3,Neither favor nor oppose,3,
49,Female,2,Hispanic,2,No,0,"$120,000 - $149,999",3,Joe Biden,1,Homemaker,6,"The law should permit abortion for reasons other than rape,",3,Never,5,Both equally,2,Never,1,A lot,2,A lot,2,About half the time,3,Somewhat harder,4,Neither favor nor oppose,3,Strongly oppose,1,Neither favor nor oppose,3,
43,Female,2,Hispanic,2,No,0,"$100,000 - $119,999",11,Joe Biden,1,Full-time,1,"By law, a woman should always be able to obtain an abortion as a matter of perso",4,Never,5,Reason and evidence,1,Seldom,2,A great deal,1,A great deal,1,Most of the time,2,Somewhat easier,2,Neither favor nor oppose,3,Neither favor nor oppose,3,Neither favor nor oppose,3,
48,Male,1,White,3,No,0,"$120,000 - $149,999",3,Donald Trump,2,Full-time,1,"The law should permit abortion only in case of rape, incest, or when the woman's",2,Rarely,4,Both equally,2,Never,1,A lot,2,None at all,5,Some of the time,4,A lot harder,5,Somewhat oppose,2,Neither favor nor oppose,3,Neither favor nor oppose,3,
59,Male,1,White,3,No,0,"$100,000 - $119,999",11,Donald Trump,2,Full-time,1,Other,5,Rarely,4,Reason and evidence,1,Never,1,A moderate amount,1,None at all,5,About half the time,3,A lot harder,5,Somewhat favor,4,Somewhat favor,4,Neither favor nor oppose,3,
44,Male,1,White,3,No,0,"$350,000 - $499,999",6,Joe Biden,1,Full-time,1,"By law, a woman should always be able to obtain an abortion as a matter of perso",4,Rarely,4,Reason and evidence,1,Never,1,A lot,1,A moderate amount,3,Most of the time,2,A lot easier,1,Strongly favor,5,Somewhat favor,4,Strongly favor,5,
64,Female,2,Black,1,No,0,"$10,000 - $19,999",2,Joe Biden,1,Permanently disabled,7,"By law, a woman should always be able to obtain an abortion as a matter of perso",4,Rarely,4,Religious beliefs,3,Never,1,A great deal,3,A moderate amount,3,Some of the time,4,A lot harder,5,Strongly oppose,1,Strongly oppose,1,Neither favor nor oppose,3,
39,Male,1,White,3,No,0,"$20,000 - $29,999",3,Joe Biden,1,Part-time,2,"By law, a woman should always be able to obtain an abortion as a matter of perso",4,Moderately often,3,Both equally,2,Never,1,A lot,2,A lot,2,About half the time,3,About the same,3,Strongly favor,5,Strongly favor,5,Strongly favor,5,
26,Female,2,White,3,No,0,"$20,000 - $29,999",3,Donald Trump,2,Full-time,1,"By law, abortion should never be permitted.",1,Rarely,4,Both equally,2,More than once a week,6,None at all,2,None at all,5,Never,5,A lot easier,1,Neither favor nor oppose,3,Neither favor nor oppose,3,Neither favor nor oppose,3,
63,Male,1,White,3,Yes,1,"$120,000 - $149,999",3,Donald Trump,2,Full-time,1,"The law should permit abortion for reasons other than rape,",3,Rarely,4,Both equally,2,Once a week,5,A lot,2,None at all,5,Most of the time,2,A lot harder,5,Strongly favor,5,Somewhat favor,4,Strongly favor,5,
35,Male,1,White,3,No,0,"$120,000 - $149,999",3,Joe Biden,1,Full-time,1,"By law, a woman should always be able to obtain an abortion as a matter of perso",4,Rarely,4,Reason and evidence,1,Never,1,A lot,1,A lot,2,Most of the time,2,Somewhat easier,2,Strongly favor,5,Neither favor nor oppose,3,Strongly favor,5,
55,Female,2,Black,1,No,0,"$20,000 - $29,999",3,Joe Biden,1,Unemployed,3,"The law should permit abortion for reasons other than rape,",3,Rarely,4,Both equally,2,Seldom,2,A moderate amount,2,A little,4,About half the time,3,Somewhat harder,4,Neither favor nor oppose,3,Somewhat favor,4,Somewhat favor,4,
63,Male,1,White,3,No,0,"$30,000 - $39,999",4,Donald Trump,2,Permanently disabled,7,"The law should permit abortion for reasons other than rape,",3,Rarely,4,Reason and evidence,1,Never,1,None at all,1,None at all,5,Most of the time,2,About the same,3,Neither favor nor oppose,3,Strongly favor,5,Strongly oppose,1,
53,Male,1,Hispanic,2,No,0,"$200,000 - $249,999",13,Donald Trump,2,Full-time,1,"By law, a woman should always be able to obtain an abortion as a matter of perso",4,Rarely,4,Reason and evidence,1,Once or twice a month,4,None at all,1,None at all,5,About half the time,3,A lot harder,5,Strongly oppose,1,Somewhat oppose,2,Strongly oppose,1,
36,Male,1,White,3,No,0,"$40,000 - $49,999",5,Donald Trump,2,Full-time,1,"The law should permit abortion only in case of rape, incest, or when the woman's",2,Rarely,4,Both equally,2,Once or twice a month,4,None at all,2,None at all,5,Most of the time,2,Somewhat harder,4,Strongly oppose,1,Somewhat favor,4,Strongly oppose,1,
47,Male,1,White,3,No,0,"$40,000 - $49,999",5,Donald Trump,2,Permanently disabled,7,"The law should permit abortion only in case of rape, incest, or when the woman's",2,Rarely,4,Both equally,2,Once a week,5,A great deal,2,A moderate amount,3,About half the time,3,A lot harder,5,Strongly oppose,1,Strongly oppose,1,Strongly favor,5,
33,Male,1,Black,1,No,0,"$20,000 - $29,999",3,Joe Biden,1,Full-time,1,"The law should permit abortion only in case of rape, incest, or when the woman's",2,Never,5,Reason and evidence,1,A few times a year,3,A moderate amount,1,A little,4,Some of the time,4,Somewhat harder,4,Somewhat oppose,2,Somewhat oppose,2,Somewhat oppose,2,
60,Female,2,Hispanic,2,No,0,"$40,000 - $49,999",5,Donald Trump,2,Homemaker,6,"The law should permit abortion only in case of rape, incest, or when the woman's",2,Moderately often,3,Both equally,2,Never,1,None at all,2,None at all,5,Some of the time,4,A lot harder,5,Strongly oppose,1,Neither favor nor oppose,3,Strongly oppose,1,
32,Male,1,Hispanic,2,No,0,"$60,000 - $69,999",7,Joe Biden,1,Full-time,1,"By law, a woman should always be able to obtain an abortion as a matter of perso",4,Moderately often,3,Reason and evidence,1,Never,1,A great deal,1,A great deal,1,Some of the time,4,Somewhat easier,2,Strongly favor,5,Strongly oppose,1,Strongly favor,5,
62,Female,2,Black,1,No,0,"$20,000 - $29,999",3,Joe Biden,1,Retired,5,"The law should permit abortion only in case of rape, incest, or when the woman's",2,Rarely,4,Religious beliefs,3,More than once a week,6,A great deal,3,None at all,5,Most of the time,2,A lot harder,5,Somewhat favor,4,Somewhat favor,4,Strongly favor,5,
31,Female,2,Hispanic,2,No,0,"$100,000 - $119,999",11,Joe Biden,1,Temporarily laid off,9,"The law should permit abortion for reasons other than rape,",3,Moderately often,3,Both equally,2,A few times a year,3,A great deal,2,A moderate amount,3,Most of the time,2,Somewhat easier,2,Neither favor nor oppose,3,Strongly oppose,1,Strongly favor,5,
47,Male,1,Black,1,Yes,1,"$40,000 - $49,999",5,Donald Trump,2,Retired,5,"The law should permit abortion only in case of rape, incest, or when the woman's",2,Very often,2,Reason and evidence,1,Seldom,2,A lot,1,A lot,2,Some of the time,4,About the same,3,Strongly oppose,1,Strongly oppose,1,Strongly oppose,1,
59,Female,2,White,3,No,0,"$10,000 - $19,999",2,Donald Trump,2,Part-time,2,"By law, abortion should never be permitted.",1,Rarely,4,Reason and evidence,1,Once a week,5,A lot,1,A moderate amount,3,About half the time,3,Somewhat harder,4,Strongly oppose,1,Strongly oppose,1,Strongly oppose,1,
32,Female,2,Black,1,No,0,"Less than $10,000",1,Joe Biden,1,Part-time,2,"The law should permit abortion only in case of rape, incest, or when the woman's",2,Rarely,4,Both equally,2,A few times a year,3,A great deal,2,None at all,5,About half the time,3,About the same,3,Neither favor nor oppose,3,Neither favor nor oppose,3,Neither favor nor oppose,3,
59,Female,2,Black,1,No,0,"$20,000 - $29,999",3,Joe Biden,1,Part-time,2,"By law, a woman should always be able to obtain an abortion as a matter of perso",4,Rarely,4,Religious beliefs,3,Once a week,5,A great deal,3,None at all,5,About half the time,3,About the same,3,Somewhat oppose,2,Neither favor nor oppose,3,Neither favor nor oppose,3,
55,Male,1,Hispanic,2,No,0,"$60,000 - $69,999",7,Donald Trump,2,Retired,5,"The law should permit abortion only in case of rape, incest, or when the woman's",2,Never,5,Reason and evidence,1,Once or twice a month,4,A little,1,A little,4,Most of the time,2,Somewhat harder,4,Somewhat favor,4,Somewhat favor,4,Somewhat favor,4,
44,Male,1,Hispanic,2,No,0,"$40,000 - $49,999",5,Joe Biden,1,Full-time,1,"By law, a woman should always be able to obtain an abortion as a matter of perso",4,Rarely,4,Reason and evidence,1,Seldom,2,A great deal,1,A moderate amount,3,About half the time,3,A lot harder,5,Strongly oppose,1,Strongly oppose,1,Strongly oppose,1,
39,Male,1,Black,1,No,0,"$150,000 - $199,999",6,Joe Biden,1,Full-time,1,"The law should permit abortion only in case of rape, incest, or when the woman's",2,Very often,2,Religious beliefs,3,Once a week,5,A moderate amount,3,A moderate amount,3,Most of the time,2,About the same,3,Neither favor nor oppose,3,Neither favor nor oppose,3,Neither favor nor oppose,3,
49,Female,2,Black,1,No,0,"$70,000 - $79,999",8,Donald Trump,2,Homemaker,6,Other,5,Never,5,Both equally,2,Never,1,A great deal,2,None at all,5,Never,5,A lot harder,5,Strongly oppose,1,Strongly favor,5,Neither favor nor oppose,3,
51,Female,2,Black,1,No,0,"$40,000 - $49,999",5,Donald Trump,2,Other,8,"By law, a woman should always be able to obtain an abortion as a matter of perso",4,Rarely,4,Religious beliefs,3,Once a week,5,A great deal,3,A little,4,Some of the time,4,A lot harder,5,Strongly oppose,1,Strongly favor,5,Strongly oppose,1,
42,Male,1,Hispanic,2,No,0,"$100,000 - $119,999",11,Joe Biden,1,Full-time,1,"By law, a woman should always be able to obtain an abortion as a matter of perso",4,Rarely,4,Reason and evidence,1,A few times a year,3,A great deal,1,A little,4,About half the time,3,Somewhat easier,2,Strongly favor,5,Strongly oppose,1,Strongly favor,5,
60,Female,2,Black,1,No,0,"$200,000 - $249,999",13,Joe Biden,1,Full-time,1,"By law, a woman should always be able to obtain an abortion as a matter of perso",4,Never,5,Reason and evidence,1,Never,1,A moderate amount,1,A little,4,Some of the time,4,Somewhat harder,4,Somewhat favor,4,Somewhat favor,4,Neither favor nor oppose,3,
56,Female,2,Black,1,No,0,"$10,000 - $19,999",2,Joe Biden,1,Permanently disabled,7,"By law, a woman should always be able to obtain an abortion as a matter of perso",4,Rarely,4,Reason and evidence,1,Seldom,2,A great deal,1,A moderate amount,3,Never,5,A lot easier,1,Strongly favor,5,Neither favor nor oppose,3,Strongly favor,5,
53,Female,2,White,3,Yes,1,"$70,000 - $79,999",8,Joe Biden,1,Full-time,1,"By law, a woman should always be able to obtain an abortion as a matter of perso",4,Rarely,4,Reason and evidence,1,A few times a year,3,A lot,1,A moderate amount,3,Most of the time,2,Somewhat easier,2,Neither favor nor oppose,3,Somewhat oppose,2,Strongly favor,5,
54,Female,2,White,3,Yes,1,"$30,000 - $39,999",4,Joe Biden,1,Full-time,1,"By law, a woman should always be able to obtain an abortion as a matter of perso",4,Rarely,4,Both equally,2,Once a week,5,A lot,2,A lot,2,Most of the time,2,A lot easier,1,Somewhat favor,4,Somewhat oppose,2,Strongly favor,5,
44,Female,2,White,3,No,0,"$50,000 - $59,999",6,Donald Trump,2,Full-time,1,"By law, a woman should always be able to obtain an abortion as a matter of perso",4,Rarely,4,Both equally,2,A few times a year,3,A moderate amount,2,None at all,5,About half the time,3,A lot harder,5,Strongly oppose,1,Neither favor nor oppose,3,Neither favor nor oppose,3,
36,Female,2,White,3,No,0,"Less than $10,000",1,Donald Trump,2,Unemployed,3,"By law, a woman should always be able to obtain an abortion as a matter of perso",4,Rarely,4,Both equally,2,Seldom,2,A moderate amount,2,A moderate amount,3,Some of the time,4,A lot harder,5,Strongly oppose,1,Strongly oppose,1,Strongly oppose,1,
38,Male,1,White,3,No,0,"$80,000 - $99,999",9,Donald Trump,2,Full-time,1,"By law, abortion should never be permitted.",1,Rarely,4,Both equally,2,Seldom,2,None at all,2,None at all,5,Most of the time,2,About the same,3,Strongly oppose,1,Strongly oppose,1,Neither favor nor oppose,3,
22,Female,2,Black,1,No,0,"Less than $10,000",1,Joe Biden,1,Unemployed,3,"By law, a woman should always be able to obtain an abortion as a matter of perso",4,Never,5,Both equally,2,Seldom,2,A moderate amount,2,A moderate amount,3,Some of the time,4,About the same,3,Neither favor nor oppose,3,Somewhat oppose,2,Neither favor nor oppose,3,
36,Female,2,White,3,No,0,"Less than $10,000",1,Joe Biden,1,Full-time,1,"By law, a woman should always be able to obtain an abortion as a matter of perso",4,Very often,2,Both equally,2,Never,1,A lot,2,A great deal,1,Some of the time,4,About the same,3,Strongly favor,5,Somewhat oppose,2,Strongly favor,5,
29,Female,2,White,3,No,0,"$50,000 - $59,999",6,Donald Trump,2,Full-time,1,"The law should permit abortion only in case of rape, incest, or when the woman's",2,Moderately often,3,Reason and evidence,1,Never,1,A lot,1,A moderate amount,3,Some of the time,4,About the same,3,Strongly favor,5,Somewhat oppose,2,Strongly favor,5,
28,Male,1,White,3,Yes,1,"$20,000 - $29,999",3,Joe Biden,1,Part-time,2,"By law, abortion should never be permitted.",1,Moderately often,3,Reason and evidence,1,More than once a week,6,A lot,1,A lot,2,Most of the time,2,Somewhat easier,2,Somewhat favor,4,Strongly favor,5,Neither favor nor oppose,3,
36,Female,2,White,3,Yes,1,"$100,000 - $119,999",11,Joe Biden,1,Full-time,1,"By law, a woman should always be able to obtain an abortion as a matter of perso",4,Rarely,4,Reason and evidence,1,Never,1,A great deal,1,A lot,2,Most of the time,2,A lot easier,1,Somewhat favor,4,Strongly oppose,1,Strongly favor,5,
43,Male,1,White,3,No,0,"$80,000 - $99,999",9,Joe Biden,1,Full-time,1,"The law should permit abortion only in case of rape, incest, or when the woman's",2,Never,5,Both equally,2,Seldom,2,A moderate amount,2,A moderate amount,3,Most of the time,2,Somewhat easier,2,Strongly oppose,1,Strongly oppose,1,Strongly favor,5,
53,Male,1,White,3,No,0,"$40,000 - $49,999",5,Donald Trump,2,Full-time,1,"The law should permit abortion only in case of rape, incest, or when the woman's",2,Rarely,4,Religious beliefs,3,Seldom,2,None at all,3,None at all,5,Some of the time,4,A lot harder,5,Neither favor nor oppose,3,Neither favor nor oppose,3,Neither favor nor oppose,3,
39,Female,2,White,3,No,0,"$80,000 - $99,999",9,Donald Trump,2,Part-time,2,Other,5,Never,5,Reason and evidence,1,Don't know,7,None at all,1,None at all,5,Some of the time,4,Somewhat harder,4,Neither favor nor oppose,3,Neither favor nor oppose,3,Somewhat favor,4,
26,Female,2,White,3,No,0,"$40,000 - $49,999",5,Donald Trump,2,Homemaker,6,Other,5,Rarely,4,Religious beliefs,3,Once a week,5,A little,3,None at all,5,Some of the time,4,Somewhat easier,2,Somewhat favor,4,Neither favor nor oppose,3,Neither favor nor oppose,3,
28,Male,1,White,3,No,0,"$80,000 - $99,999",9,Joe Biden,1,Full-time,1,"The law should permit abortion only in case of rape, incest, or when the woman's",2,Rarely,4,Reason and evidence,1,Once a week,5,A lot,1,A great deal,1,About half the time,3,About the same,3,Somewhat oppose,2,Somewhat favor,4,Neither favor nor oppose,3,
56,Male,1,Hispanic,2,Yes,1,"$80,000 - $99,999",9,Donald Trump,2,Full-time,1,"The law should permit abortion only in case of rape, incest, or when the woman's",2,Moderately often,3,Both equally,2,Once a week,5,A lot,2,A lot,2,Never,5,A lot easier,1,Neither favor nor oppose,3,Neither favor nor oppose,3,Neither favor nor oppose,3,
35,Female,2,Hispanic,2,Yes,1,"$80,000 - $99,999",9,Donald Trump,2,Full-time,1,"The law should permit abortion for reasons other than rape,",3,Rarely,4,Both equally,2,Once a week,5,None at all,2,None at all,5,Never,5,A lot harder,5,Strongly favor,5,Neither favor nor oppose,3,Strongly oppose,1,
31,Male,1,White,3,No,0,"Less than $10,000",1,Joe Biden,1,Full-time,1,"By law, a woman should always be able to obtain an abortion as a matter of perso",4,Moderately often,3,Both equally,2,Never,1,A great deal,2,A great deal,1,Never,5,A lot harder,5,Strongly oppose,1,Strongly oppose,1,Strongly oppose,1,
31,Female,2,White,3,No,0,"$150,000 - $199,999",6,Donald Trump,2,Full-time,1,"The law should permit abortion for reasons other than rape,",3,Rarely,4,Reason and evidence,1,Once a week,5,A moderate amount,1,A lot,2,Most of the time,2,About the same,3,Neither favor nor oppose,3,Neither favor nor oppose,3,Somewhat favor,4,
30,Female,2,White,3,No,0,"$70,000 - $79,999",8,Donald Trump,2,Full-time,1,"The law should permit abortion for reasons other than rape,",3,Rarely,4,Reason and evidence,1,Once or twice a month,4,A moderate amount,1,A moderate amount,3,Some of the time,4,Somewhat easier,2,Neither favor nor oppose,3,Neither favor nor oppose,3,Neither favor nor oppose,3,
63,Female,2,White,3,No,0,"$100,000 - $119,999",11,Donald Trump,2,Full-time,1,"By law, abortion should never be permitted.",1,Never,5,Religious beliefs,3,Once or twice a month,4,None at all,3,A lot,2,Some of the time,4,About the same,3,Neither favor nor oppose,3,Somewhat favor,4,Neither favor nor oppose,3,
58,Female,2,White,3,No,0,"$120,000 - $149,999",3,Donald Trump,2,Full-time,1,"The law should permit abortion for reasons other than rape,",3,Rarely,4,Both equally,2,Once or twice a month,4,None at all,2,None at all,5,Some of the time,4,A lot harder,5,Neither favor nor oppose,3,Strongly favor,5,Neither favor nor oppose,3,
41,Female,2,Hispanic,2,Yes,1,"$200,000 - $249,999",13,Joe Biden,1,Full-time,1,"By law, a woman should always be able to obtain an abortion as a matter of perso",4,Never,5,Reason and evidence,1,Never,1,A moderate amount,1,A little,4,Most of the time,2,About the same,3,Strongly favor,5,Neither favor nor oppose,3,Somewhat favor,4,
35,Female,2,White,3,No,0,"$120,000 - $149,999",3,Joe Biden,1,Part-time,2,"By law, a woman should always be able to obtain an abortion as a matter of perso",4,Rarely,4,Reason and evidence,1,Never,1,A little,1,A little,4,Most of the time,2,Somewhat easier,2,Neither favor nor oppose,3,Neither favor nor oppose,3,Neither favor nor oppose,3,
18,Male,1,White,3,No,0,"$100,000 - $119,999",11,Donald Trump,2,Part-time,2,"The law should permit abortion for reasons other than rape,",3,Never,5,Both equally,2,Don't know,7,A little,2,None at all,5,Some of the time,4,About the same,3,Strongly oppose,1,Strongly oppose,1,Strongly oppose,1,
46,Male,1,White,3,No,0,"$80,000 - $99,999",9,Donald Trump,2,Retired,5,"By law, abortion should never be permitted.",1,Never,5,Reason and evidence,1,More than once a week,6,A moderate amount,1,A moderate amount,3,Always,1,Somewhat easier,2,Somewhat favor,4,Somewhat favor,4,Somewhat favor,4,
61,Male,1,White,3,Yes,1,"$10,000 - $19,999",2,Donald Trump,2,Permanently disabled,7,"The law should permit abortion only in case of rape, incest, or when the woman's",2,Never,5,Religious beliefs,3,Never,1,A moderate amount,3,None at all,5,Some of the time,4,A lot easier,1,Neither favor nor oppose,3,Strongly favor,5,Somewhat favor,4,
44,Male,1,White,3,No,0,"$60,000 - $69,999",7,Joe Biden,1,Full-time,1,"The law should permit abortion for reasons other than rape,",3,Never,5,Both equally,2,A few times a year,3,A lot,2,A moderate amount,3,Some of the time,4,A lot harder,5,Somewhat favor,4,Somewhat favor,4,Neither favor nor oppose,3,
43,Female,2,White,3,No,0,"$60,000 - $69,999",7,Donald Trump,2,Unemployed,3,"By law, a woman should always be able to obtain an abortion as a matter of perso",4,Rarely,4,Reason and evidence,1,Never,1,None at all,1,A little,4,Some of the time,4,A lot harder,5,Strongly oppose,1,Strongly oppose,1,Strongly oppose,1,
43,Female,2,White,3,No,0,"$40,000 - $49,999",5,Donald Trump,2,Homemaker,6,"The law should permit abortion only in case of rape, incest, or when the woman's",2,Rarely,4,Both equally,2,Once a week,5,A little,2,None at all,5,Some of the time,4,Somewhat harder,4,Neither favor nor oppose,3,Neither favor nor oppose,3,Neither favor nor oppose,3,
33,Male,1,White,3,Yes,1,"$120,000 - $149,999",3,Joe Biden,1,Full-time,1,"The law should permit abortion for reasons other than rape,",3,Rarely,4,Reason and evidence,1,Once or twice a month,4,A lot,1,A lot,2,Most of the time,2,Somewhat harder,4,Somewhat favor,4,Strongly favor,5,Neither favor nor oppose,3,
33,Male,1,White,3,No,0,"$30,000 - $39,999",4,Donald Trump,2,Full-time,1,"The law should permit abortion only in case of rape, incest, or when the woman's",2,Rarely,4,Reason and evidence,1,Never,1,None at all,1,None at all,5,About half the time,3,A lot harder,5,Strongly oppose,1,Strongly oppose,1,Strongly oppose,1,
22,Female,2,White,3,No,0,"$30,000 - $39,999",4,Joe Biden,1,Full-time,1,"By law, a woman should always be able to obtain an abortion as a matter of perso",4,Moderately often,3,Reason and evidence,1,Never,1,A great deal,1,A moderate amount,3,Most of the time,2,Somewhat easier,2,Strongly favor,5,Strongly oppose,1,Strongly favor,5,
54,Male,1,White,3,No,0,"$120,000 - $149,999",3,Donald Trump,2,Full-time,1,"The law should permit abortion for reasons other than rape,",3,Rarely,4,Reason and evidence,1,Never,1,None at all,1,A moderate amount,3,Never,5,Somewhat easier,2,Neither favor nor oppose,3,Strongly favor,5,Neither favor nor oppose,3,
21,Male,1,Black,1,No,0,"$80,000 - $99,999",9,Donald Trump,2,Student,4,"The law should permit abortion only in case of rape, incest, or when the woman's",2,Rarely,4,Reason and evidence,1,A few times a year,3,A lot,1,A lot,2,About half the time,3,Somewhat easier,2,Somewhat favor,4,Somewhat favor,4,Somewhat favor,4,
27,Female,2,Hispanic,2,No,0,"$70,000 - $79,999",8,Donald Trump,2,Full-time,1,"By law, a woman should always be able to obtain an abortion as a matter of perso",4,Rarely,4,Reason and evidence,1,Once or twice a month,4,A moderate amount,1,None at all,5,Some of the time,4,Somewhat easier,2,Neither favor nor oppose,3,Strongly oppose,1,Somewhat favor,4,
28,Female,2,White,3,No,0,"$120,000 - $149,999",3,Donald Trump,2,Full-time,1,"By law, a woman should always be able to obtain an abortion as a matter of perso",4,Rarely,4,Reason and evidence,1,Never,1,A lot,1,None at all,5,Some of the time,4,About the same,3,Somewhat oppose,2,Somewhat oppose,2,Somewhat oppose,2,
22,Female,2,White,3,No,0,"$50,000 - $59,999",6,Joe Biden,1,Part-time,2,"By law, a woman should always be able to obtain an abortion as a matter of perso",4,Moderately often,3,Reason and evidence,1,Never,1,A moderate amount,1,A little,4,Never,5,Somewhat easier,2,Neither favor nor oppose,3,Neither favor nor oppose,3,Strongly favor,5,
40,Male,1,White,3,No,0,"$70,000 - $79,999",8,Donald Trump,2,Full-time,1,"The law should permit abortion only in case of rape, incest, or when the woman's",2,Moderately often,3,Both equally,2,Seldom,2,A moderate amount,2,A moderate amount,3,About half the time,3,About the same,3,Neither favor nor oppose,3,Neither favor nor oppose,3,Neither favor nor oppose,3,
36,Male,1,White,3,No,0,"$10,000 - $19,999",2,Joe Biden,1,Permanently disabled,7,"The law should permit abortion for reasons other than rape,",3,Rarely,4,Reason and evidence,1,Seldom,2,A great deal,1,A lot,2,Never,5,A lot harder,5,Somewhat favor,4,Strongly oppose,1,Somewhat favor,4,
48,Male,1,White,3,Yes,1,"$80,000 - $99,999",9,Joe Biden,1,Full-time,1,"By law, abortion should never be permitted.",1,Very often,2,Both equally,2,More than once a week,6,A moderate amount,2,A great deal,1,Some of the time,4,A lot easier,1,Somewhat oppose,2,Neither favor nor oppose,3,Neither favor nor oppose,3,
56,Male,1,White,3,No,0,"Less than $10,000",1,Donald Trump,2,Permanently disabled,7,"By law, a woman should always be able to obtain an abortion as a matter of perso",4,Rarely,4,Reason and evidence,1,Never,1,A moderate amount,1,A moderate amount,3,Some of the time,4,Somewhat harder,4,Strongly oppose,1,Strongly oppose,1,Strongly favor,5,
24,Male,1,White,3,No,0,"$80,000 - $99,999",9,Joe Biden,1,Full-time,1,"The law should permit abortion for reasons other than rape,",3,Never,5,Both equally,2,A few times a year,3,A great deal,2,A great deal,1,Most of the time,2,About the same,3,Strongly favor,5,Strongly favor,5,Somewhat favor,4,
38,Male,1,White,3,No,0,"$120,000 - $149,999",3,Joe Biden,1,Full-time,1,"The law should permit abortion for reasons other than rape,",3,Never,5,Reason and evidence,1,Once or twice a month,4,A great deal,1,A great deal,1,Some of the time,4,Somewhat easier,2,Somewhat favor,4,Somewhat favor,4,Strongly favor,5,
30,Male,1,White,3,No,0,"$10,000 - $19,999",2,Joe Biden,1,Part-time,2,"The law should permit abortion only in case of rape, incest, or when the woman's",2,Rarely,4,Both equally,2,Once a week,5,A great deal,2,A moderate amount,3,Most of the time,2,Somewhat easier,2,Strongly favor,5,Neither favor nor oppose,3,Strongly favor,5,
55,Male,1,White,3,No,0,"$120,000 - $149,999",3,Joe Biden,1,Full-time,1,"By law, a woman should always be able to obtain an abortion as a matter of perso",4,Rarely,4,Reason and evidence,1,Seldom,2,A moderate amount,1,A little,4,Most of the time,2,About the same,3,Strongly favor,5,Somewhat favor,4,Strongly favor,5,
42,Male,1,White,3,No,0,"$120,000 - $149,999",3,Joe Biden,1,Full-time,1,"By law, a woman should always be able to obtain an abortion as a matter of perso",4,Never,5,Both equally,2,Once or twice a month,4,A moderate amount,2,A lot,2,Some of the time,4,A lot easier,1,Strongly favor,5,Strongly favor,5,Strongly oppose,1,
55,Male,1,White,3,No,0,"$10,000 - $19,999",2,Joe Biden,1,Retired,5,"By law, a woman should always be able to obtain an abortion as a matter of perso",4,Rarely,4,Reason and evidence,1,Never,1,A moderate amount,1,A moderate amount,3,Some of the time,4,Somewhat harder,4,Strongly favor,5,Somewhat favor,4,Strongly favor,5,
33,Male,1,Hispanic,2,No,0,"$40,000 - $49,999",5,Donald Trump,2,Full-time,1,"By law, a woman should always be able to obtain an abortion as a matter of perso",4,Rarely,4,Reason and evidence,1,Never,1,A moderate amount,1,A lot,2,Some of the time,4,About the same,3,Neither favor nor oppose,3,Neither favor nor oppose,3,Somewhat oppose,2,
42,Female,2,White,3,Yes,1,"$70,000 - $79,999",8,Joe Biden,1,Full-time,1,"By law, a woman should always be able to obtain an abortion as a matter of perso",4,Rarely,4,Reason and evidence,1,Seldom,2,A great deal,1,A little,4,Most of the time,2,A lot easier,1,Somewhat oppose,2,Somewhat oppose,2,Somewhat favor,4,
32,Female,2,White,3,No,0,"$150,000 - $199,999",6,Joe Biden,1,Homemaker,6,"The law should permit abortion for reasons other than rape,",3,Moderately often,3,Reason and evidence,1,A few times a year,3,A moderate amount,1,A moderate amount,3,Some of the time,4,Somewhat harder,4,Somewhat favor,4,Neither favor nor oppose,3,Somewhat favor,4,
64,Male,1,White,3,Yes,1,"$40,000 - $49,999",5,Joe Biden,1,Permanently disabled,7,"The law should permit abortion only in case of rape, incest, or when the woman's",2,Rarely,4,Both equally,2,Never,1,A lot,2,None at all,5,Some of the time,4,About the same,3,Somewhat favor,4,Neither favor nor oppose,3,Somewhat favor,4,
48,Male,1,White,3,No,0,"$200,000 - $249,999",13,Joe Biden,1,Full-time,1,"The law should permit abortion for reasons other than rape,",3,Rarely,4,Both equally,2,Once a week,5,A moderate amount,2,A moderate amount,3,Some of the time,4,Somewhat easier,2,Neither favor nor oppose,3,Somewhat favor,4,Somewhat oppose,2,
27,Female,2,Hispanic,2,Yes,1,"$40,000 - $49,999",5,Joe Biden,1,Full-time,1,"By law, a woman should always be able to obtain an abortion as a matter of perso",4,Moderately often,3,Reason and evidence,1,Never,1,A great deal,1,A great deal,1,About half the time,3,Somewhat harder,4,Somewhat oppose,2,Strongly oppose,1,Neither favor nor oppose,3,
43,Female,2,White,3,No,0,"$250,000 - $349,999",6,Joe Biden,1,Full-time,1,"By law, a woman should always be able to obtain an abortion as a matter of perso",4,Rarely,4,Reason and evidence,1,A few times a year,3,A moderate amount,1,A moderate amount,3,About half the time,3,About the same,3,Somewhat favor,4,Somewhat favor,4,Somewhat favor,4,
36,Female,2,White,3,No,0,"$120,000 - $149,999",3,Donald Trump,2,Full-time,1,Other,5,Rarely,4,Reason and evidence,1,Never,1,A little,1,None at all,5,About half the time,3,About the same,3,Neither favor nor oppose,3,Neither favor nor oppose,3,Neither favor nor oppose,3,
44,Female,2,White,3,Yes,1,"$150,000 - $199,999",6,Joe Biden,1,Homemaker,6,"By law, a woman should always be able to obtain an abortion as a matter of perso",4,Rarely,4,Reason and evidence,1,Never,1,A moderate amount,1,A little,4,About half the time,3,A lot easier,1,Strongly favor,5,Neither favor nor oppose,3,Somewhat oppose,2,
33,Female,2,White,3,No,0,"$100,000 - $119,999",11,Joe Biden,1,Full-time,1,"By law, a woman should always be able to obtain an abortion as a matter of perso",4,Never,5,Reason and evidence,1,Never,1,A great deal,1,A little,4,Never,5,About the same,3,Strongly favor,5,Strongly oppose,1,Somewhat favor,4,
32,Female,2,White,3,Yes,1,"$150,000 - $199,999",6,Joe Biden,1,Full-time,1,"By law, a woman should always be able to obtain an abortion as a matter of perso",4,Rarely,4,Reason and evidence,1,Never,1,A lot,1,A moderate amount,3,About half the time,3,Somewhat easier,2,Strongly favor,5,Strongly oppose,1,Strongly favor,5,
49,Female,2,White,3,Yes,1,"$80,000 - $99,999",9,Donald Trump,2,Full-time,1,"By law, a woman should always be able to obtain an abortion as a matter of perso",4,Never,5,Both equally,2,Never,1,None at all,2,None at all,5,Never,5,A lot harder,5,Strongly oppose,1,Strongly oppose,1,Strongly oppose,1,
44,Male,1,Hispanic,2,No,0,"$60,000 - $69,999",7,Donald Trump,2,Full-time,1,"By law, abortion should never be permitted.",1,Rarely,4,Religious beliefs,3,More than once a week,6,A moderate amount,3,None at all,5,Most of the time,2,Somewhat harder,4,Neither favor nor oppose,3,Strongly favor,5,Somewhat oppose,2,
20,Male,1,Hispanic,2,No,0,"Less than $10,000",1,Donald Trump,2,Student,4,"By law, a woman should always be able to obtain an abortion as a matter of perso",4,Moderately often,3,Both equally,2,Once a week,5,A moderate amount,2,None at all,5,Most of the time,2,Somewhat harder,4,Neither favor nor oppose,3,Somewhat oppose,2,Neither favor nor oppose,3,
45,Female,2,White,3,Yes,1,"$120,000 - $149,999",3,Joe Biden,1,Other,8,"By law, a woman should always be able to obtain an abortion as a matter of perso",4,Rarely,4,Reason and evidence,1,Seldom,2,None at all,1,None at all,5,Most of the time,2,About the same,3,Somewhat favor,4,Somewhat oppose,2,Neither favor nor oppose,3,
28,Male,1,White,3,Yes,1,"$250,000 - $349,999",6,Joe Biden,1,Full-time,1,"The law should permit abortion for reasons other than rape,",3,Rarely,4,Reason and evidence,1,A few times a year,3,A lot,1,A lot,2,Most of the time,2,Somewhat harder,4,Somewhat favor,4,Strongly favor,5,Neither favor nor oppose,3,
46,Male,1,Black,1,No,0,"$20,000 - $29,999",3,Donald Trump,2,Unemployed,3,"By law, abortion should never be permitted.",1,Moderately often,3,Both equally,2,Never,1,A great deal,2,A lot,2,Some of the time,4,A lot harder,5,Strongly favor,5,Somewhat favor,4,Somewhat favor,4,
52,Male,1,Hispanic,2,No,0,"$70,000 - $79,999",8,Donald Trump,2,Full-time,1,"By law, a woman should always be able to obtain an abortion as a matter of perso",4,Never,5,Both equally,2,Seldom,2,A great deal,2,None at all,5,Some of the time,4,A lot harder,5,Neither favor nor oppose,3,Strongly oppose,1,Strongly oppose,1,
23,Male,1,Hispanic,2,No,0,"$40,000 - $49,999",5,Donald Trump,2,Unemployed,3,"The law should permit abortion for reasons other than rape,",3,Moderately often,3,Both equally,2,Seldom,2,A moderate amount,2,A moderate amount,3,Always,1,About the same,3,Neither favor nor oppose,3,Somewhat favor,4,Somewhat favor,4,
41,Female,2,White,3,No,0,"$80,000 - $99,999",9,Donald Trump,2,Part-time,2,"The law should permit abortion for reasons other than rape,",3,Never,5,Both equally,2,Seldom,2,None at all,2,None at all,5,Most of the time,2,About the same,3,Strongly oppose,1,Strongly oppose,1,Strongly oppose,1,
22,Female,2,White,3,No,0,"Less than $10,000",1,Donald Trump,2,Unemployed,3,"By law, a woman should always be able to obtain an abortion as a matter of perso",4,Never,5,Both equally,2,Never,1,A moderate amount,2,A moderate amount,3,Never,5,About the same,3,Neither favor nor oppose,3,Neither favor nor oppose,3,Neither favor nor oppose,3,
34,Female,2,White,3,No,0,"$60,000 - $69,999",7,Donald Trump,2,Full-time,1,"By law, a woman should always be able to obtain an abortion as a matter of perso",4,Moderately often,3,Reason and evidence,1,Never,1,A moderate amount,1,None at all,5,About half the time,3,A lot easier,1,Strongly oppose,1,Strongly oppose,1,Somewhat favor,4,
30,Female,2,White,3,No,0,"$60,000 - $69,999",7,Donald Trump,2,Homemaker,6,"By law, abortion should never be permitted.",1,Rarely,4,Both equally,2,More than once a week,6,A little,2,None at all,5,Never,5,A lot harder,5,Strongly oppose,1,Somewhat favor,4,Strongly oppose,1,
41,Female,2,White,3,No,0,"$60,000 - $69,999",7,Joe Biden,1,Full-time,1,"The law should permit abortion for reasons other than rape,",3,Rarely,4,Both equally,2,Seldom,2,A moderate amount,2,A little,4,About half the time,3,Somewhat easier,2,Neither favor nor oppose,3,Neither favor nor oppose,3,Neither favor nor oppose,3,
20,Male,1,White,3,No,0,"$10,000 - $19,999",2,Joe Biden,1,Student,4,"By law, a woman should always be able to obtain an abortion as a matter of perso",4,Moderately often,3,Reason and evidence,1,Never,1,A moderate amount,1,None at all,5,Some of the time,4,A lot harder,5,Somewhat favor,4,Somewhat favor,4,Somewhat favor,4,
19,Female,2,White,3,No,0,"$60,000 - $69,999",7,Donald Trump,2,Student,4,"By law, abortion should never be permitted.",1,Rarely,4,Both equally,2,More than once a week,6,None at all,2,None at all,5,About half the time,3,A lot easier,1,Neither favor nor oppose,3,Strongly favor,5,Neither favor nor oppose,3,
18,Female,2,White,3,No,0,"$120,000 - $149,999",3,Donald Trump,2,Part-time,2,"By law, abortion should never be permitted.",1,Rarely,4,Both equally,2,More than once a week,6,None at all,2,None at all,5,Some of the time,4,About the same,3,Strongly oppose,1,Neither favor nor oppose,3,Strongly oppose,1,
59,Female,2,White,3,No,0,"$30,000 - $39,999",4,Donald Trump,2,Full-time,1,"The law should permit abortion only in case of rape, incest, or when the woman's",2,Moderately often,3,Both equally,2,Once a week,5,A moderate amount,2,A little,4,About half the time,3,A lot harder,5,Neither favor nor oppose,3,Neither favor nor oppose,3,Neither favor nor oppose,3,
20,Female,2,Hispanic,2,No,0,"$50,000 - $59,999",6,Joe Biden,1,Student,4,"The law should permit abortion for reasons other than rape,",3,Rarely,4,Both equally,2,A few times a year,3,A moderate amount,2,None at all,5,About half the time,3,Somewhat easier,2,Neither favor nor oppose,3,Somewhat oppose,2,Neither favor nor oppose,3,
38,Female,2,White,3,No,0,"$100,000 - $119,999",11,Joe Biden,1,Full-time,1,"The law should permit abortion for reasons other than rape,",3,Rarely,4,Reason and evidence,1,Seldom,2,A lot,1,A little,4,About half the time,3,About the same,3,Neither favor nor oppose,3,Somewhat favor,4,Somewhat favor,4,
29,Male,1,Hispanic,2,No,0,"$150,000 - $199,999",6,Joe Biden,1,Part-time,2,"By law, a woman should always be able to obtain an abortion as a matter of perso",4,Moderately often,3,Reason and evidence,1,Never,1,A lot,1,A lot,2,About half the time,3,A lot easier,1,Somewhat favor,4,Neither favor nor oppose,3,Neither favor nor oppose,3,
45,Male,1,Black,1,Yes,1,"$100,000 - $119,999",11,Donald Trump,2,Full-time,1,"The law should permit abortion only in case of rape, incest, or when the woman's",2,Very often,2,Both equally,2,Once a week,5,A moderate amount,2,None at all,5,Most of the time,2,About the same,3,Somewhat oppose,2,Neither favor nor oppose,3,Somewhat favor,4,
19,Male,1,White,3,No,0,"$120,000 - $149,999",3,Donald Trump,2,Student,4,"The law should permit abortion for reasons other than rape,",3,Moderately often,3,Reason and evidence,1,Once or twice a month,4,A great deal,1,A moderate amount,3,Some of the time,4,A lot harder,5,Strongly favor,5,Strongly favor,5,Strongly oppose,1,
59,Female,2,White,3,No,0,"$200,000 - $249,999",13,Donald Trump,2,Full-time,1,"By law, a woman should always be able to obtain an abortion as a matter of perso",4,Rarely,4,Reason and evidence,1,Seldom,2,A little,1,None at all,5,Some of the time,4,A lot harder,5,Somewhat oppose,2,Somewhat oppose,2,Somewhat oppose,2,
26,Male,1,Hispanic,2,No,0,"$60,000 - $69,999",7,Joe Biden,1,Full-time,1,"By law, abortion should never be permitted.",1,Moderately often,3,Both equally,2,Once a week,5,A great deal,2,A lot,2,About half the time,3,A lot easier,1,Neither favor nor oppose,3,Neither favor nor oppose,3,Somewhat favor,4,
56,Male,1,Hispanic,2,No,0,"$100,000 - $119,999",11,Donald Trump,2,Full-time,1,"The law should permit abortion only in case of rape, incest, or when the woman's",2,Rarely,4,Both equally,2,More than once a week,6,A moderate amount,2,A great deal,1,Most of the time,2,Somewhat easier,2,Somewhat oppose,2,Neither favor nor oppose,3,Somewhat oppose,2,
54,Female,2,White,3,Yes,1,"$200,000 - $249,999",13,Donald Trump,2,Full-time,1,"The law should permit abortion for reasons other than rape,",3,Moderately often,3,Both equally,2,Seldom,2,A little,2,None at all,5,Most of the time,2,A lot harder,5,Neither favor nor oppose,3,Neither favor nor oppose,3,Neither favor nor oppose,3,
46,Female,2,White,3,No,0,"$80,000 - $99,999",9,Donald Trump,2,Part-time,2,Other,5,Rarely,4,Reason and evidence,1,Seldom,2,None at all,1,None at all,5,Never,5,About the same,3,Neither favor nor oppose,3,Neither favor nor oppose,3,Neither favor nor oppose,3,
22,Male,1,White,3,No,0,"$50,000 - $59,999",6,Joe Biden,1,Part-time,2,"The law should permit abortion only in case of rape, incest, or when the woman's",2,Moderately often,3,Reason and evidence,1,A few times a year,3,A moderate amount,1,A lot,2,Most of the time,2,Somewhat harder,4,Neither favor nor oppose,3,Strongly oppose,1,Strongly favor,5,
25,Male,1,White,3,No,0,"$30,000 - $39,999",4,Donald Trump,2,Full-time,1,"By law, a woman should always be able to obtain an abortion as a matter of perso",4,Rarely,4,Both equally,2,Once or twice a month,4,A lot,2,A moderate amount,3,Some of the time,4,A lot harder,5,Somewhat favor,4,Strongly favor,5,Somewhat favor,4,
62,Male,1,Black,1,No,0,"$10,000 - $19,999",2,Joe Biden,1,Permanently disabled,7,"The law should permit abortion for reasons other than rape,",3,Rarely,4,Reason and evidence,1,Once or twice a month,4,None at all,1,A moderate amount,3,Never,5,A lot harder,5,Neither favor nor oppose,3,Neither favor nor oppose,3,Neither favor nor oppose,3,
29,Female,2,White,3,No,0,"$80,000 - $99,999",9,Donald Trump,2,Homemaker,6,"By law, a woman should always be able to obtain an abortion as a matter of perso",4,Rarely,4,Both equally,2,A few times a year,3,A little,2,None at all,5,Some of the time,4,About the same,3,Neither favor nor oppose,3,Neither favor nor oppose,3,Neither favor nor oppose,3,
58,Male,1,White,3,Yes,1,"$150,000 - $199,999",6,Joe Biden,1,Full-time,1,"By law, a woman should always be able to obtain an abortion as a matter of perso",4,Rarely,4,Reason and evidence,1,Never,1,A little,1,A little,4,About half the time,3,Somewhat harder,4,Strongly favor,5,Neither favor nor oppose,3,Neither favor nor oppose,3,
58,Female,2,Hispanic,2,No,0,"$60,000 - $69,999",7,Joe Biden,1,Part-time,2,"By law, a woman should always be able to obtain an abortion as a matter of perso",4,Rarely,4,Reason and evidence,1,A few times a year,3,A great deal,1,A little,4,About half the time,3,About the same,3,Somewhat favor,4,Strongly favor,5,Strongly favor,5,
35,Male,1,Black,1,No,0,"$20,000 - $29,999",3,Donald Trump,2,Unemployed,3,"By law, abortion should never be permitted.",1,Rarely,4,Both equally,2,Seldom,2,A great deal,2,A great deal,1,Some of the time,4,About the same,3,Neither favor nor oppose,3,Somewhat oppose,2,Somewhat oppose,2,
39,Female,2,Black,1,No,0,"$70,000 - $79,999",8,Joe Biden,1,Full-time,1,"By law, a woman should always be able to obtain an abortion as a matter of perso",4,Rarely,4,Both equally,2,More than once a week,6,A great deal,2,A lot,2,Most of the time,2,About the same,3,Neither favor nor oppose,3,Strongly favor,5,Somewhat favor,4,
42,Male,1,White,3,No,0,"Less than $10,000",1,Donald Trump,2,Unemployed,3,"The law should permit abortion for reasons other than rape,",3,Never,5,Reason and evidence,1,Never,1,A little,1,A little,4,Most of the time,2,About the same,3,Strongly oppose,1,Somewhat favor,4,Neither favor nor oppose,3,
56,Male,1,White,3,Yes,1,"$30,000 - $39,999",4,Joe Biden,1,Full-time,1,"By law, a woman should always be able to obtain an abortion as a matter of perso",4,Rarely,4,Reason and evidence,1,Never,1,A lot,1,A moderate amount,3,About half the time,3,About the same,3,Neither favor nor oppose,3,Strongly oppose,1,Strongly favor,5,
67,Male,1,White,3,No,0,"$150,000 - $199,999",6,Donald Trump,2,Full-time,1,"The law should permit abortion only in case of rape, incest, or when the woman's",2,Never,5,Reason and evidence,1,Seldom,2,A little,1,None at all,5,Some of the time,4,A lot easier,1,Neither favor nor oppose,3,Somewhat favor,4,Strongly oppose,1,
20,Male,1,White,3,No,0,"$10,000 - $19,999",2,Joe Biden,1,Student,4,"By law, abortion should never be permitted.",1,Rarely,4,Religious beliefs,3,Once a week,5,A great deal,3,A great deal,1,Most of the time,2,Somewhat easier,2,Somewhat favor,4,Somewhat favor,4,Somewhat favor,4,
45,Male,1,White,3,No,0,"$20,000 - $29,999",3,Donald Trump,2,Unemployed,3,"By law, abortion should never be permitted.",1,Moderately often,3,Both equally,2,Never,1,A little,2,None at all,5,Some of the time,4,About the same,3,Strongly oppose,1,Strongly favor,5,Neither favor nor oppose,3,
64,Male,1,White,3,No,0,"$30,000 - $39,999",4,Joe Biden,1,Permanently disabled,7,Other,5,Rarely,4,Both equally,2,Never,1,A great deal,2,None at all,5,Some of the time,4,Somewhat harder,4,Strongly favor,5,Neither favor nor oppose,3,Somewhat favor,4,
28,Male,1,Black,1,Yes,1,"$100,000 - $119,999",11,Joe Biden,1,Part-time,2,"The law should permit abortion for reasons other than rape,",3,Very often,2,Reason and evidence,1,Once a week,5,A lot,1,A lot,2,About half the time,3,Somewhat easier,2,Neither favor nor oppose,3,Somewhat favor,4,Strongly favor,5,
53,Female,2,White,3,No,0,"$10,000 - $19,999",2,Donald Trump,2,Part-time,2,"The law should permit abortion for reasons other than rape,",3,Rarely,4,Both equally,2,A few times a year,3,A moderate amount,2,None at all,5,Some of the time,4,Somewhat harder,4,Neither favor nor oppose,3,Neither favor nor oppose,3,Somewhat favor,4,
53,Female,2,White,3,No,0,"Less than $10,000",1,Donald Trump,2,Permanently disabled,7,"The law should permit abortion for reasons other than rape,",3,Never,5,Both equally,2,Once a week,5,A moderate amount,2,A moderate amount,3,About half the time,3,A lot harder,5,Somewhat favor,4,Neither favor nor oppose,3,Neither favor nor oppose,3,
64,Female,2,White,3,No,0,"$40,000 - $49,999",5,Donald Trump,2,Unemployed,3,"The law should permit abortion only in case of rape, incest, or when the woman's",2,Rarely,4,Both equally,2,Never,1,A moderate amount,2,None at all,5,Some of the time,4,Somewhat harder,4,Neither favor nor oppose,3,Neither favor nor oppose,3,Neither favor nor oppose,3,
60,Male,1,White,3,No,0,"$350,000 - $499,999",6,Donald Trump,2,Full-time,1,"The law should permit abortion for reasons other than rape,",3,Rarely,4,Reason and evidence,1,Once or twice a month,4,None at all,1,None at all,5,Some of the time,4,A lot harder,5,Strongly oppose,1,Strongly favor,5,Strongly oppose,1,
19,Male,1,Hispanic,2,No,0,"$100,000 - $119,999",11,Joe Biden,1,Part-time,2,"The law should permit abortion only in case of rape, incest, or when the woman's",2,Rarely,4,Reason and evidence,1,A few times a year,3,A great deal,1,A lot,2,Some of the time,4,About the same,3,Somewhat favor,4,Somewhat favor,4,Somewhat oppose,2,
86,Female,2,White,3,No,0,"$50,000 - $59,999",6,Donald Trump,2,Retired,5,"The law should permit abortion only in case of rape, incest, or when the woman's",2,Moderately often,3,Religious beliefs,3,Once a week,5,None at all,3,None at all,5,Most of the time,2,A lot easier,1,Neither favor nor oppose,3,Somewhat favor,4,Neither favor nor oppose,3,
67,Female,2,White,3,No,0,"$50,000 - $59,999",6,Donald Trump,2,Part-time,2,"By law, abortion should never be permitted.",1,Rarely,4,Both equally,2,Once a week,5,A moderate amount,2,A little,4,About half the time,3,Somewhat easier,2,Strongly oppose,1,Strongly favor,5,Strongly favor,5,
37,Male,1,White,3,No,0,"$70,000 - $79,999",8,Joe Biden,1,Full-time,1,"By law, a woman should always be able to obtain an abortion as a matter of perso",4,Moderately often,3,Both equally,2,Never,1,A moderate amount,2,A moderate amount,3,Most of the time,2,About the same,3,Neither favor nor oppose,3,Neither favor nor oppose,3,Neither favor nor oppose,3,
61,Male,1,Hispanic,2,No,0,"$80,000 - $99,999",9,Donald Trump,2,Full-time,1,"The law should permit abortion only in case of rape, incest, or when the woman's",2,Rarely,4,Both equally,2,Once a week,5,A moderate amount,2,None at all,5,About half the time,3,Somewhat easier,2,Neither favor nor oppose,3,Somewhat favor,4,Neither favor nor oppose,3,
38,Male,1,White,3,Yes,1,"$150,000 - $199,999",6,Joe Biden,1,Full-time,1,"By law, a woman should always be able to obtain an abortion as a matter of perso",4,Rarely,4,Reason and evidence,1,A few times a year,3,A moderate amount,1,A little,4,Most of the time,2,About the same,3,Strongly favor,5,Strongly oppose,1,Strongly favor,5,
56,Female,2,Black,1,Yes,1,"$70,000 - $79,999",8,Joe Biden,1,Full-time,1,"By law, a woman should always be able to obtain an abortion as a matter of perso",4,Rarely,4,Reason and evidence,1,Never,1,A great deal,1,A lot,2,Some of the time,4,About the same,3,Somewhat favor,4,Strongly oppose,1,Strongly favor,5,
69,Female,2,White,3,Yes,1,"$80,000 - $99,999",9,Donald Trump,2,Part-time,2,"The law should permit abortion only in case of rape, incest, or when the woman's",2,Moderately often,3,Both equally,2,Once a week,5,A lot,2,None at all,5,Most of the time,2,Somewhat harder,4,Neither favor nor oppose,3,Strongly favor,5,Neither favor nor oppose,3,
25,Female,2,White,3,No,0,"$40,000 - $49,999",5,Donald Trump,2,Homemaker,6,"The law should permit abortion only in case of rape, incest, or when the woman's",2,Never,5,Religious beliefs,3,Once or twice a month,4,A lot,3,None at all,5,Some of the time,4,Somewhat easier,2,Somewhat oppose,2,Somewhat favor,4,Neither favor nor oppose,3,
21,Male,1,Hispanic,2,No,0,"Less than $10,000",1,Donald Trump,2,Full-time,1,"By law, abortion should never be permitted.",1,Moderately often,3,Reason and evidence,1,Once or twice a month,4,None at all,1,A moderate amount,3,Most of the time,2,Somewhat easier,2,Neither favor nor oppose,3,Neither favor nor oppose,3,Neither favor nor oppose,3,
37,Male,1,White,3,No,0,"$100,000 - $119,999",11,Joe Biden,1,Full-time,1,"The law should permit abortion for reasons other than rape,",3,Rarely,4,Reason and evidence,1,Once a week,5,A moderate amount,1,A lot,2,Most of the time,2,About the same,3,Somewhat oppose,2,Strongly oppose,1,Neither favor nor oppose,3,
32,Male,1,Black,1,No,0,"$30,000 - $39,999",4,Joe Biden,1,Full-time,1,"The law should permit abortion only in case of rape, incest, or when the woman's",2,Rarely,4,Reason and evidence,1,Once a week,5,A lot,1,A great deal,1,Most of the time,2,A lot harder,5,Somewhat favor,4,Strongly favor,5,Somewhat favor,4,
45,Male,1,White,3,Yes,1,"$120,000 - $149,999",3,Joe Biden,1,Full-time,1,"By law, a woman should always be able to obtain an abortion as a matter of perso",4,Never,5,Reason and evidence,1,Never,1,A moderate amount,1,A little,4,Some of the time,4,A lot easier,1,Strongly favor,5,Somewhat oppose,2,Strongly favor,5,
29,Female,2,White,3,No,0,"$100,000 - $119,999",11,Joe Biden,1,Part-time,2,"By law, a woman should always be able to obtain an abortion as a matter of perso",4,Moderately often,3,Both equally,2,Once a week,5,A moderate amount,2,A moderate amount,3,Some of the time,4,About the same,3,Neither favor nor oppose,3,Neither favor nor oppose,3,Neither favor nor oppose,3,
34,Female,2,White,3,Yes,1,"$70,000 - $79,999",8,Joe Biden,1,Full-time,1,"By law, a woman should always be able to obtain an abortion as a matter of perso",4,Rarely,4,Both equally,2,Once or twice a month,4,A moderate amount,2,A moderate amount,3,About half the time,3,A lot easier,1,Strongly favor,5,Strongly favor,5,Strongly oppose,1,
61,Female,2,White,3,Yes,1,"$80,000 - $99,999",9,Donald Trump,2,Full-time,1,Other,5,Rarely,4,Reason and evidence,1,Seldom,2,A little,1,None at all,5,About half the time,3,Somewhat harder,4,Somewhat oppose,2,Somewhat favor,4,Neither favor nor oppose,3,
43,Female,2,White,3,Yes,1,"$60,000 - $69,999",7,Joe Biden,1,Full-time,1,"By law, a woman should always be able to obtain an abortion as a matter of perso",4,Rarely,4,Reason and evidence,1,Never,1,A great deal,1,A moderate amount,3,Most of the time,2,A lot easier,1,Strongly oppose,1,Strongly oppose,1,Strongly favor,5,
82,Female,2,White,3,No,0,"$30,000 - $39,999",4,Donald Trump,2,Retired,5,"The law should permit abortion only in case of rape, incest, or when the woman's",2,Never,5,Both equally,2,Once a week,5,None at all,2,None at all,5,Most of the time,2,About the same,3,Somewhat favor,4,Neither favor nor oppose,3,Neither favor nor oppose,3,
68,Female,2,White,3,Yes,1,"$100,000 - $119,999",11,Joe Biden,1,Retired,5,"By law, a woman should always be able to obtain an abortion as a matter of perso",4,Never,5,Both equally,2,Seldom,2,A great deal,2,A moderate amount,3,Most of the time,2,About the same,3,Strongly favor,5,Somewhat oppose,2,Somewhat favor,4,
38,Male,1,White,3,No,0,"$60,000 - $69,999",7,Joe Biden,1,Full-time,1,"The law should permit abortion only in case of rape, incest, or when the woman's",2,Never,5,Reason and evidence,1,Never,1,A moderate amount,1,A little,4,Most of the time,2,A lot harder,5,Somewhat oppose,2,Somewhat oppose,2,Somewhat favor,4,
32,Male,1,White,3,Yes,1,"$150,000 - $199,999",6,Joe Biden,1,Full-time,1,"The law should permit abortion only in case of rape, incest, or when the woman's",2,Rarely,4,Both equally,2,More than once a week,6,A great deal,2,A great deal,1,About half the time,3,A lot easier,1,Strongly favor,5,Strongly oppose,1,Strongly favor,5,
30,Male,1,Black,1,No,0,"$150,000 - $199,999",6,Joe Biden,1,Full-time,1,"The law should permit abortion for reasons other than rape,",3,Moderately often,3,Reason and evidence,1,Once or twice a month,4,A lot,1,A moderate amount,3,Some of the time,4,Somewhat harder,4,Somewhat oppose,2,Strongly oppose,1,Somewhat favor,4,
60,Female,2,Hispanic,2,Yes,1,"$150,000 - $199,999",6,Joe Biden,1,Part-time,2,"By law, a woman should always be able to obtain an abortion as a matter of perso",4,Rarely,4,Reason and evidence,1,Seldom,2,A lot,1,A lot,2,Most of the time,2,Somewhat easier,2,Strongly favor,5,Somewhat favor,4,Neither favor nor oppose,3,
56,Female,2,White,3,No,0,"$100,000 - $119,999",11,Joe Biden,1,Full-time,1,"By law, abortion should never be permitted.",1,Rarely,4,Reason and evidence,1,A few times a year,3,A moderate amount,1,A moderate amount,3,Most of the time,2,Somewhat harder,4,Neither favor nor oppose,3,Neither favor nor oppose,3,Neither favor nor oppose,3,
64,Female,2,White,3,Yes,1,"$80,000 - $99,999",9,Joe Biden,1,Full-time,1,"By law, a woman should always be able to obtain an abortion as a matter of perso",4,Rarely,4,Reason and evidence,1,Once or twice a month,4,A great deal,1,None at all,5,About half the time,3,Somewhat easier,2,Strongly favor,5,Strongly oppose,1,Somewhat favor,4,
71,Female,2,White,3,No,0,"$80,000 - $99,999",9,Donald Trump,2,Retired,5,"The law should permit abortion for reasons other than rape,",3,Rarely,4,Both equally,2,Once a week,5,A moderate amount,2,A little,4,About half the time,3,About the same,3,Somewhat favor,4,Strongly favor,5,Neither favor nor oppose,3,
78,Male,1,White,3,No,0,"$70,000 - $79,999",8,Donald Trump,2,Retired,5,"By law, abortion should never be permitted.",1,Rarely,4,Religious beliefs,3,Once a week,5,A little,3,None at all,5,Some of the time,4,About the same,3,Neither favor nor oppose,3,Somewhat favor,4,Strongly oppose,1,
65,Female,2,White,3,No,0,"$50,000 - $59,999",6,Joe Biden,1,Retired,5,"By law, a woman should always be able to obtain an abortion as a matter of perso",4,Rarely,4,Reason and evidence,1,Never,1,A great deal,1,A little,4,Most of the time,2,Somewhat easier,2,Somewhat favor,4,Somewhat favor,4,Somewhat favor,4,
62,Female,2,White,3,No,0,"$20,000 - $29,999",3,Joe Biden,1,Retired,5,"By law, a woman should always be able to obtain an abortion as a matter of perso",4,Rarely,4,Both equally,2,Seldom,2,A great deal,2,A little,4,About half the time,3,A lot harder,5,Neither favor nor oppose,3,Neither favor nor oppose,3,Neither favor nor oppose,3,
29,Male,1,White,3,No,0,"$70,000 - $79,999",8,Joe Biden,1,Full-time,1,"By law, a woman should always be able to obtain an abortion as a matter of perso",4,Rarely,4,Reason and evidence,1,Once a week,5,A great deal,1,A great deal,1,About half the time,3,A lot easier,1,Somewhat favor,4,Strongly oppose,1,Strongly favor,5,
27,Female,2,Black,1,Yes,1,"$20,000 - $29,999",3,Joe Biden,1,Full-time,1,"The law should permit abortion only in case of rape, incest, or when the woman's",2,Never,5,Both equally,2,More than once a week,6,A little,2,A lot,2,Most of the time,2,Somewhat easier,2,Somewhat favor,4,Somewhat favor,4,Somewhat favor,4,
79,Female,2,White,3,Yes,1,"$30,000 - $39,999",4,Joe Biden,1,Retired,5,Other,5,Moderately often,3,Reason and evidence,1,Never,1,A great deal,1,A moderate amount,3,About half the time,3,About the same,3,Somewhat favor,4,Strongly oppose,1,Neither favor nor oppose,3,
64,Female,2,White,3,No,0,"$150,000 - $199,999",6,Joe Biden,1,Full-time,1,"By law, a woman should always be able to obtain an abortion as a matter of perso",4,Rarely,4,Reason and evidence,1,Never,1,A lot,1,A little,4,Most of the time,2,About the same,3,Strongly favor,5,Somewhat oppose,2,Strongly favor,5,
29,Male,1,White,3,No,0,"Less than $10,000",1,Donald Trump,2,Part-time,2,"By law, a woman should always be able to obtain an abortion as a matter of perso",4,Very often,2,Religious beliefs,3,Once a week,5,A moderate amount,3,A great deal,1,About half the time,3,About the same,3,Somewhat oppose,2,Somewhat favor,4,Somewhat favor,4,
61,Male,1,White,3,No,0,"$120,000 - $149,999",3,Joe Biden,1,Retired,5,"By law, a woman should always be able to obtain an abortion as a matter of perso",4,Rarely,4,Both equally,2,Once a week,5,A moderate amount,2,A little,4,Most of the time,2,Somewhat easier,2,Strongly favor,5,Somewhat favor,4,Somewhat favor,4,
68,Female,2,White,3,No,0,"$100,000 - $119,999",11,Donald Trump,2,Retired,5,"The law should permit abortion only in case of rape, incest, or when the woman's",2,Rarely,4,Reason and evidence,1,A few times a year,3,None at all,1,None at all,5,About half the time,3,A lot harder,5,Somewhat favor,4,Strongly favor,5,Somewhat oppose,2,
74,Female,2,White,3,No,0,"$50,000 - $59,999",6,Joe Biden,1,Retired,5,"The law should permit abortion only in case of rape, incest, or when the woman's",2,Rarely,4,Both equally,2,Once a week,5,A moderate amount,2,A moderate amount,3,Most of the time,2,Somewhat harder,4,Neither favor nor oppose,3,Neither favor nor oppose,3,Somewhat favor,4,
67,Female,2,White,3,No,0,"$40,000 - $49,999",5,Joe Biden,1,Full-time,1,"By law, a woman should always be able to obtain an abortion as a matter of perso",4,Rarely,4,Both equally,2,A few times a year,3,A lot,2,A moderate amount,3,Most of the time,2,A lot harder,5,Somewhat favor,4,Somewhat favor,4,Neither favor nor oppose,3,
23,Male,1,Hispanic,2,No,0,"Less than $10,000",1,Donald Trump,2,Student,4,"By law, abortion should never be permitted.",1,Rarely,4,Both equally,2,More than once a week,6,A lot,2,A lot,2,Most of the time,2,About the same,3,Neither favor nor oppose,3,Neither favor nor oppose,3,Neither favor nor oppose,3,
61,Male,1,White,3,No,0,"$20,000 - $29,999",3,Donald Trump,2,Permanently disabled,7,"The law should permit abortion for reasons other than rape,",3,Rarely,4,Both equally,2,A few times a year,3,None at all,2,None at all,5,Most of the time,2,A lot harder,5,Strongly oppose,1,Somewhat favor,4,Strongly oppose,1,
46,Male,1,White,3,Yes,1,"$150,000 - $199,999",6,Joe Biden,1,Full-time,1,"By law, a woman should always be able to obtain an abortion as a matter of perso",4,Rarely,4,Both equally,2,Once a week,5,A lot,2,A great deal,1,About half the time,3,Somewhat easier,2,Strongly favor,5,Somewhat oppose,2,Strongly favor,5,
66,Female,2,White,3,No,0,"$120,000 - $149,999",3,Donald Trump,2,Retired,5,"By law, abortion should never be permitted.",1,Rarely,4,Both equally,2,Once or twice a month,4,None at all,2,None at all,5,Most of the time,2,About the same,3,Neither favor nor oppose,3,Strongly favor,5,Strongly oppose,1,
61,Female,2,White,3,No,0,"$80,000 - $99,999",9,Joe Biden,1,Full-time,1,Other,5,Rarely,4,Reason and evidence,1,A few times a year,3,A lot,1,A moderate amount,3,Most of the time,2,Somewhat easier,2,Strongly favor,5,Somewhat oppose,2,Strongly favor,5,
28,Male,1,White,3,Yes,1,"$80,000 - $99,999",9,Joe Biden,1,Full-time,1,"By law, a woman should always be able to obtain an abortion as a matter of perso",4,Rarely,4,Both equally,2,A few times a year,3,A moderate amount,2,A moderate amount,3,About half the time,3,Somewhat harder,4,Somewhat favor,4,Strongly favor,5,Neither favor nor oppose,3,
73,Female,2,White,3,No,0,"$20,000 - $29,999",3,Joe Biden,1,Retired,5,"The law should permit abortion only in case of rape, incest, or when the woman's",2,Rarely,4,Reason and evidence,1,Never,1,A lot,1,None at all,5,Most of the time,2,About the same,3,Somewhat favor,4,Somewhat favor,4,Strongly favor,5,
75,Female,2,White,3,Yes,1,"$50,000 - $59,999",6,Joe Biden,1,Retired,5,"By law, a woman should always be able to obtain an abortion as a matter of perso",4,Rarely,4,Reason and evidence,1,A few times a year,3,A great deal,1,A great deal,1,About half the time,3,Somewhat harder,4,Strongly favor,5,Strongly oppose,1,Strongly favor,5,
70,Female,2,White,3,No,0,"$40,000 - $49,999",5,Donald Trump,2,Retired,5,"The law should permit abortion for reasons other than rape,",3,Rarely,4,Reason and evidence,1,A few times a year,3,None at all,1,None at all,5,Some of the time,4,A lot harder,5,Somewhat favor,4,Somewhat favor,4,Neither favor nor oppose,3,
23,Male,1,White,3,No,0,"$20,000 - $29,999",3,Joe Biden,1,Student,4,"The law should permit abortion only in case of rape, incest, or when the woman's",2,Moderately often,3,Both equally,2,Seldom,2,A moderate amount,2,A moderate amount,3,About half the time,3,About the same,3,Neither favor nor oppose,3,Somewhat oppose,2,Strongly favor,5,
22,Female,2,Black,1,No,0,"$150,000 - $199,999",6,Joe Biden,1,Student,4,"By law, a woman should always be able to obtain an abortion as a matter of perso",4,Rarely,4,Reason and evidence,1,Never,1,A great deal,1,A moderate amount,3,Most of the time,2,A lot easier,1,Somewhat favor,4,Strongly oppose,1,Strongly favor,5,
20,Female,2,Hispanic,2,No,0,"$20,000 - $29,999",3,Joe Biden,1,Temporarily laid off,9,"By law, a woman should always be able to obtain an abortion as a matter of perso",4,Moderately often,3,Religious beliefs,3,Once a week,5,A moderate amount,3,A moderate amount,3,About half the time,3,About the same,3,Neither favor nor oppose,3,Neither favor nor oppose,3,Neither favor nor oppose,3,
49,Female,2,White,3,Yes,1,"$20,000 - $29,999",3,Joe Biden,1,Full-time,1,"By law, a woman should always be able to obtain an abortion as a matter of perso",4,Rarely,4,Reason and evidence,1,Never,1,A moderate amount,1,A little,4,Most of the time,2,Somewhat easier,2,Somewhat favor,4,Strongly oppose,1,Strongly favor,5,
66,Female,2,White,3,Yes,1,"$100,000 - $119,999",11,Donald Trump,2,Part-time,2,Other,5,Rarely,4,Both equally,2,More than once a week,6,A little,2,None at all,5,About half the time,3,About the same,3,Somewhat oppose,2,Strongly favor,5,Strongly oppose,1,
66,Female,2,White,3,No,0,"$20,000 - $29,999",3,Donald Trump,2,Retired,5,"The law should permit abortion only in case of rape, incest, or when the woman's",2,Never,5,Both equally,2,A few times a year,3,None at all,2,None at all,5,About half the time,3,A lot harder,5,Neither favor nor oppose,3,Neither favor nor oppose,3,Somewhat favor,4,
21,Male,1,White,3,No,0,"$250,000 - $349,999",6,Joe Biden,1,Part-time,2,"By law, a woman should always be able to obtain an abortion as a matter of perso",4,Moderately often,3,Reason and evidence,1,A few times a year,3,A great deal,1,A great deal,1,Most of the time,2,A lot harder,5,Somewhat favor,4,Neither favor nor oppose,3,Somewhat favor,4,
64,Female,2,White,3,No,0,"$30,000 - $39,999",4,Joe Biden,1,Full-time,1,"By law, a woman should always be able to obtain an abortion as a matter of perso",4,Moderately often,3,Reason and evidence,1,Never,1,A moderate amount,1,A little,4,Some of the time,4,About the same,3,Neither favor nor oppose,3,Somewhat oppose,2,Neither favor nor oppose,3,
67,Female,2,White,3,Yes,1,"$150,000 - $199,999",6,Joe Biden,1,Part-time,2,"By law, a woman should always be able to obtain an abortion as a matter of perso",4,Rarely,4,Reason and evidence,1,Never,1,A great deal,1,A great deal,1,Some of the time,4,Somewhat easier,2,Strongly favor,5,Somewhat favor,4,Somewhat favor,4,
64,Male,1,White,3,No,0,"$20,000 - $29,999",3,Donald Trump,2,Retired,5,"By law, a woman should always be able to obtain an abortion as a matter of perso",4,Rarely,4,Reason and evidence,1,Never,1,A moderate amount,1,None at all,5,About half the time,3,Somewhat harder,4,Strongly oppose,1,Strongly oppose,1,Strongly oppose,1,
56,Male,1,White,3,Yes,1,"$30,000 - $39,999",4,Joe Biden,1,Retired,5,"By law, a woman should always be able to obtain an abortion as a matter of perso",4,Rarely,4,Reason and evidence,1,Never,1,A great deal,1,A great deal,1,Most of the time,2,A lot easier,1,Strongly favor,5,Somewhat favor,4,Strongly favor,5,
52,Male,1,Black,1,No,0,"$10,000 - $19,999",2,Donald Trump,2,Permanently disabled,7,"By law, a woman should always be able to obtain an abortion as a matter of perso",4,Rarely,4,Both equally,2,A few times a year,3,A moderate amount,2,None at all,5,Most of the time,2,A lot harder,5,Neither favor nor oppose,3,Somewhat oppose,2,Somewhat favor,4,
67,Male,1,Hispanic,2,No,0,"$50,000 - $59,999",6,Joe Biden,1,Retired,5,"By law, a woman should always be able to obtain an abortion as a matter of perso",4,Rarely,4,Reason and evidence,1,A few times a year,3,A great deal,1,A great deal,1,Most of the time,2,About the same,3,Strongly favor,5,Strongly favor,5,Strongly favor,5,
67,Female,2,White,3,No,0,"$30,000 - $39,999",4,Donald Trump,2,Retired,5,"The law should permit abortion only in case of rape, incest, or when the woman's",2,Rarely,4,Reason and evidence,1,More than once a week,6,A little,1,None at all,5,About half the time,3,A lot harder,5,Neither favor nor oppose,3,Neither favor nor oppose,3,Neither favor nor oppose,3,
62,Female,2,Black,1,No,0,"$30,000 - $39,999",4,Joe Biden,1,Permanently disabled,7,"By law, a woman should always be able to obtain an abortion as a matter of perso",4,Rarely,4,Both equally,2,Once a week,5,A great deal,2,None at all,5,Some of the time,4,About the same,3,Strongly oppose,1,Strongly oppose,1,Neither favor nor oppose,3,
56,Male,1,White,3,No,0,"$150,000 - $199,999",6,Donald Trump,2,Full-time,1,"The law should permit abortion for reasons other than rape,",3,Moderately often,3,Reason and evidence,1,Seldom,2,A moderate amount,1,A little,4,About half the time,3,About the same,3,Somewhat favor,4,Somewhat favor,4,Somewhat favor,4,
71,Female,2,White,3,Yes,1,"$120,000 - $149,999",3,Donald Trump,2,Retired,5,Other,5,Rarely,4,Both equally,2,A few times a year,3,A little,2,None at all,5,Some of the time,4,A lot harder,5,Neither favor nor oppose,3,Somewhat favor,4,Somewhat oppose,2,
65,Female,2,White,3,No,0,"$80,000 - $99,999",9,Donald Trump,2,Retired,5,"The law should permit abortion only in case of rape, incest, or when the woman's",2,Rarely,4,Both equally,2,Never,1,None at all,2,None at all,5,About half the time,3,A lot harder,5,Strongly oppose,1,Strongly oppose,1,Strongly oppose,1,
65,Female,2,White,3,No,0,"$120,000 - $149,999",3,Donald Trump,2,Full-time,1,"The law should permit abortion for reasons other than rape,",3,Rarely,4,Both equally,2,Once a week,5,A little,2,None at all,5,About half the time,3,Somewhat easier,2,Somewhat oppose,2,Somewhat oppose,2,Neither favor nor oppose,3,
70,Female,2,White,3,No,0,"$20,000 - $29,999",3,Joe Biden,1,Part-time,2,"By law, a woman should always be able to obtain an abortion as a matter of perso",4,Rarely,4,Reason and evidence,1,Seldom,2,A moderate amount,1,A moderate amount,3,About half the time,3,A lot harder,5,Neither favor nor oppose,3,Neither favor nor oppose,3,Neither favor nor oppose,3,
85,Female,2,White,3,No,0,"$20,000 - $29,999",3,Joe Biden,1,Retired,5,"By law, a woman should always be able to obtain an abortion as a matter of perso",4,Rarely,4,Reason and evidence,1,A few times a year,3,None at all,1,None at all,5,Most of the time,2,Somewhat harder,4,Neither favor nor oppose,3,Somewhat oppose,2,Somewhat favor,4,
68,Female,2,Hispanic,2,No,0,"$100,000 - $119,999",11,Joe Biden,1,Retired,5,"By law, a woman should always be able to obtain an abortion as a matter of perso",4,Rarely,4,Reason and evidence,1,Never,1,A moderate amount,1,A little,4,About half the time,3,Somewhat easier,2,Neither favor nor oppose,3,Neither favor nor oppose,3,Neither favor nor oppose,3,
61,Female,2,White,3,No,0,"$150,000 - $199,999",6,Donald Trump,2,Full-time,1,"By law, a woman should always be able to obtain an abortion as a matter of perso",4,Moderately often,3,Reason and evidence,1,Never,1,A little,1,None at all,5,About half the time,3,Somewhat harder,4,Somewhat favor,4,Somewhat favor,4,Somewhat favor,4,
64,Female,2,White,3,No,0,"$200,000 - $249,999",13,Joe Biden,1,Full-time,1,"By law, a woman should always be able to obtain an abortion as a matter of perso",4,Rarely,4,Reason and evidence,1,Never,1,A moderate amount,1,A little,4,Some of the time,4,Somewhat harder,4,Strongly favor,5,Somewhat favor,4,Strongly oppose,1,
47,Male,1,White,3,No,0,"$120,000 - $149,999",3,Joe Biden,1,Full-time,1,"By law, a woman should always be able to obtain an abortion as a matter of perso",4,Rarely,4,Both equally,2,Once or twice a month,4,A great deal,2,A lot,2,Most of the time,2,Somewhat harder,4,Somewhat oppose,2,Somewhat oppose,2,Strongly favor,5,
33,Male,1,Hispanic,2,No,0,"$30,000 - $39,999",4,Joe Biden,1,Part-time,2,"By law, abortion should never be permitted.",1,Rarely,4,Both equally,2,More than once a week,6,A lot,2,None at all,5,Some of the time,4,Somewhat easier,2,Somewhat favor,4,Somewhat favor,4,Somewhat oppose,2,
69,Male,1,White,3,No,0,"$80,000 - $99,999",9,Donald Trump,2,Part-time,2,"The law should permit abortion only in case of rape, incest, or when the woman's",2,Rarely,4,Reason and evidence,1,Once a week,5,A little,1,None at all,5,Some of the time,4,Somewhat easier,2,Somewhat favor,4,Strongly favor,5,Somewhat oppose,2,
58,Male,1,White,3,No,0,"$250,000 - $349,999",6,Donald Trump,2,Full-time,1,"The law should permit abortion only in case of rape, incest, or when the woman's",2,Rarely,4,Reason and evidence,1,Never,1,A moderate amount,1,None at all,5,Never,5,A lot harder,5,Somewhat oppose,2,Strongly favor,5,Somewhat favor,4,
66,Female,2,White,3,No,0,"$100,000 - $119,999",11,Donald Trump,2,Full-time,1,"By law, a woman should always be able to obtain an abortion as a matter of perso",4,Rarely,4,Both equally,2,A few times a year,3,A little,2,A little,4,Most of the time,2,A lot easier,1,Somewhat favor,4,Somewhat favor,4,Somewhat favor,4,
21,Female,2,White,3,No,0,"Less than $10,000",1,Donald Trump,2,Student,4,"By law, abortion should never be permitted.",1,Rarely,4,Religious beliefs,3,Once a week,5,A little,3,A moderate amount,3,Never,5,Somewhat harder,4,Neither favor nor oppose,3,Neither favor nor oppose,3,Neither favor nor oppose,3,
43,Female,2,White,3,Yes,1,"$40,000 - $49,999",5,Joe Biden,1,Full-time,1,"By law, a woman should always be able to obtain an abortion as a matter of perso",4,Rarely,4,Reason and evidence,1,Never,1,A great deal,1,A moderate amount,3,About half the time,3,A lot easier,1,Strongly favor,5,Somewhat oppose,2,Strongly favor,5,
60,Male,1,Black,1,No,0,"$10,000 - $19,999",2,Joe Biden,1,Permanently disabled,7,"By law, a woman should always be able to obtain an abortion as a matter of perso",4,Rarely,4,Reason and evidence,1,Seldom,2,A lot,1,A moderate amount,3,Some of the time,4,About the same,3,Somewhat favor,4,Somewhat favor,4,Somewhat favor,4,
51,Female,2,White,3,No,0,"$60,000 - $69,999",7,Donald Trump,2,Full-time,1,"The law should permit abortion only in case of rape, incest, or when the woman's",2,Rarely,4,Both equally,2,Once a week,5,A moderate amount,2,A little,4,Most of the time,2,Somewhat harder,4,Somewhat oppose,2,Somewhat oppose,2,Somewhat oppose,2,
84,Male,1,White,3,No,0,"$50,000 - $59,999",6,Joe Biden,1,Retired,5,"By law, a woman should always be able to obtain an abortion as a matter of perso",4,Very often,2,Reason and evidence,1,Never,1,A lot,1,A moderate amount,3,Some of the time,4,A lot harder,5,Somewhat favor,4,Somewhat favor,4,Neither favor nor oppose,3,
67,Female,2,White,3,Yes,1,"$120,000 - $149,999",3,Donald Trump,2,Retired,5,"By law, abortion should never be permitted.",1,Rarely,4,Both equally,2,More than once a week,6,A moderate amount,2,None at all,5,About half the time,3,A lot harder,5,Neither favor nor oppose,3,Strongly favor,5,Somewhat oppose,2,
67,Female,2,White,3,No,0,"$40,000 - $49,999",5,Joe Biden,1,Retired,5,"By law, a woman should always be able to obtain an abortion as a matter of perso",4,Rarely,4,Reason and evidence,1,Never,1,A moderate amount,1,A little,4,About half the time,3,A lot harder,5,Strongly favor,5,Strongly favor,5,Neither favor nor oppose,3,
67,Female,2,White,3,No,0,"$60,000 - $69,999",7,Donald Trump,2,Full-time,1,Other,5,Rarely,4,Reason and evidence,1,Never,1,None at all,1,None at all,5,About half the time,3,A lot harder,5,Neither favor nor oppose,3,Neither favor nor oppose,3,Neither favor nor oppose,3,
73,Female,2,White,3,No,0,"$20,000 - $29,999",3,Donald Trump,2,Retired,5,"The law should permit abortion for reasons other than rape,",3,Rarely,4,Both equally,2,Once a week,5,None at all,2,None at all,5,Some of the time,4,A lot harder,5,Somewhat oppose,2,Strongly favor,5,Neither favor nor oppose,3,
41,Male,1,White,3,No,0,"$50,000 - $59,999",6,Donald Trump,2,Part-time,2,Other,5,Rarely,4,Both equally,2,Seldom,2,None at all,2,None at all,5,Never,5,Somewhat harder,4,Strongly oppose,1,Strongly favor,5,Strongly favor,5,
45,Male,1,Hispanic,2,No,0,"$100,000 - $119,999",11,Joe Biden,1,Full-time,1,"By law, a woman should always be able to obtain an abortion as a matter of perso",4,Moderately often,3,Reason and evidence,1,Never,1,A lot,1,A moderate amount,3,Most of the time,2,About the same,3,Somewhat favor,4,Strongly oppose,1,Strongly favor,5,
51,Male,1,Black,1,Yes,1,"Less than $10,000",1,Joe Biden,1,Unemployed,3,"By law, a woman should always be able to obtain an abortion as a matter of perso",4,Never,5,Both equally,2,Seldom,2,A moderate amount,2,A moderate amount,3,About half the time,3,About the same,3,Neither favor nor oppose,3,Neither favor nor oppose,3,Somewhat favor,4,
57,Female,2,Hispanic,2,Yes,1,"$120,000 - $149,999",3,Joe Biden,1,Full-time,1,"By law, a woman should always be able to obtain an abortion as a matter of perso",4,Moderately often,3,Reason and evidence,1,Seldom,2,A great deal,1,A little,4,Most of the time,2,About the same,3,Somewhat favor,4,Neither favor nor oppose,3,Strongly favor,5,
62,Female,2,Hispanic,2,No,0,"$20,000 - $29,999",3,Joe Biden,1,Permanently disabled,7,"By law, a woman should always be able to obtain an abortion as a matter of perso",4,Rarely,4,Reason and evidence,1,Never,1,A great deal,1,A great deal,1,Most of the time,2,About the same,3,Strongly favor,5,Somewhat oppose,2,Strongly favor,5,
59,Female,2,Hispanic,2,No,0,"$60,000 - $69,999",7,Joe Biden,1,Full-time,1,"By law, a woman should always be able to obtain an abortion as a matter of perso",4,Rarely,4,Reason and evidence,1,Never,1,A lot,1,A moderate amount,3,Most of the time,2,A lot easier,1,Strongly favor,5,Somewhat oppose,2,Somewhat favor,4,
63,Female,2,White,3,No,0,"$500,000 or more",16,Joe Biden,1,Retired,5,"The law should permit abortion for reasons other than rape,",3,Rarely,4,Reason and evidence,1,Once a week,5,A moderate amount,1,A moderate amount,3,Some of the time,4,About the same,3,Neither favor nor oppose,3,Neither favor nor oppose,3,Neither favor nor oppose,3,
73,Female,2,White,3,No,0,"$60,000 - $69,999",7,Donald Trump,2,Retired,5,"The law should permit abortion only in case of rape, incest, or when the woman's",2,Rarely,4,Reason and evidence,1,Once or twice a month,4,A moderate amount,1,None at all,5,About half the time,3,A lot harder,5,Somewhat favor,4,Neither favor nor oppose,3,Somewhat oppose,2,
61,Male,1,White,3,No,0,"$250,000 - $349,999",6,Donald Trump,2,Full-time,1,"By law, a woman should always be able to obtain an abortion as a matter of perso",4,Rarely,4,Reason and evidence,1,Never,1,None at all,1,None at all,5,Never,5,A lot harder,5,Somewhat favor,4,Strongly favor,5,Somewhat oppose,2,
73,Female,2,White,3,No,0,"$20,000 - $29,999",3,Joe Biden,1,Retired,5,"The law should permit abortion for reasons other than rape,",3,Rarely,4,Both equally,2,Never,1,None at all,2,None at all,5,Some of the time,4,A lot harder,5,Strongly favor,5,Strongly favor,5,Strongly favor,5,
61,Female,2,White,3,No,0,"$20,000 - $29,999",3,Joe Biden,1,Retired,5,"By law, a woman should always be able to obtain an abortion as a matter of perso",4,Rarely,4,Reason and evidence,1,Never,1,A little,1,None at all,5,Some of the time,4,A lot harder,5,Somewhat favor,4,Somewhat favor,4,Somewhat favor,4,
53,Female,2,White,3,Yes,1,"$40,000 - $49,999",5,Donald Trump,2,Homemaker,6,"The law should permit abortion for reasons other than rape,",3,Rarely,4,Reason and evidence,1,Once or twice a month,4,None at all,1,None at all,5,Most of the time,2,About the same,3,Strongly oppose,1,Neither favor nor oppose,3,Neither favor nor oppose,3,
53,Female,2,Hispanic,2,No,0,"$80,000 - $99,999",9,Donald Trump,2,Full-time,1,"By law, a woman should always be able to obtain an abortion as a matter of perso",4,Rarely,4,Reason and evidence,1,A few times a year,3,A great deal,1,A great deal,1,Some of the time,4,About the same,3,Somewhat favor,4,Strongly favor,5,Strongly oppose,1,
72,Female,2,White,3,No,0,"$50,000 - $59,999",6,Joe Biden,1,Retired,5,"By law, a woman should always be able to obtain an abortion as a matter of perso",4,Rarely,4,Both equally,2,Once a week,5,None at all,2,None at all,5,About half the time,3,A lot harder,5,Somewhat oppose,2,Somewhat oppose,2,Somewhat oppose,2,
51,Female,2,White,3,No,0,"$200,000 - $249,999",13,Donald Trump,2,Full-time,1,"The law should permit abortion only in case of rape, incest, or when the woman's",2,Rarely,4,Both equally,2,Seldom,2,A little,2,None at all,5,Most of the time,2,A lot harder,5,Somewhat oppose,2,Somewhat oppose,2,Neither favor nor oppose,3,
43,Female,2,White,3,No,0,"$100,000 - $119,999",11,Donald Trump,2,Part-time,2,"By law, a woman should always be able to obtain an abortion as a matter of perso",4,Rarely,4,Reason and evidence,1,Never,1,A moderate amount,1,None at all,5,Some of the time,4,A lot easier,1,Strongly oppose,1,Somewhat oppose,2,Somewhat oppose,2,
51,Female,2,White,3,Yes,1,"$80,000 - $99,999",9,Donald Trump,2,Full-time,1,Other,5,Rarely,4,Both equally,2,Once a week,5,None at all,2,None at all,5,Most of the time,2,Somewhat harder,4,Strongly oppose,1,Strongly favor,5,Somewhat oppose,2,
77,Male,1,White,3,Yes,1,"$10,000 - $19,999",2,Donald Trump,2,Retired,5,"By law, abortion should never be permitted.",1,Never,5,Reason and evidence,1,Never,1,None at all,1,None at all,5,About half the time,3,Somewhat harder,4,Strongly favor,5,Strongly favor,5,Strongly oppose,1,
73,Female,2,Hispanic,2,Yes,1,"$60,000 - $69,999",7,Joe Biden,1,Retired,5,"By law, a woman should always be able to obtain an abortion as a matter of perso",4,Rarely,4,Reason and evidence,1,Seldom,2,A moderate amount,1,None at all,5,Most of the time,2,Somewhat harder,4,Strongly favor,5,Somewhat oppose,2,Somewhat favor,4,
65,Male,1,White,3,No,0,"$150,000 - $199,999",6,Donald Trump,2,Retired,5,"The law should permit abortion only in case of rape, incest, or when the woman's",2,Rarely,4,Both equally,2,Never,1,A lot,2,A moderate amount,3,Most of the time,2,Somewhat harder,4,Somewhat favor,4,Somewhat favor,4,Somewhat favor,4,
28,Female,2,White,3,No,0,"$80,000 - $99,999",9,Donald Trump,2,Full-time,1,"By law, a woman should always be able to obtain an abortion as a matter of perso",4,Rarely,4,Reason and evidence,1,Once a week,5,A little,1,A moderate amount,3,Some of the time,4,A lot harder,5,Somewhat oppose,2,Somewhat favor,4,Strongly oppose,1,
33,Female,2,Hispanic,2,No,0,"$50,000 - $59,999",6,Joe Biden,1,Permanently disabled,7,"By law, a woman should always be able to obtain an abortion as a matter of perso",4,Rarely,4,Reason and evidence,1,Never,1,None at all,1,None at all,5,Never,5,About the same,3,Neither favor nor oppose,3,Neither favor nor oppose,3,Neither favor nor oppose,3,
64,Female,2,White,3,No,0,"$50,000 - $59,999",6,Donald Trump,2,Permanently disabled,7,"By law, abortion should never be permitted.",1,Rarely,4,Both equally,2,More than once a week,6,None at all,2,None at all,5,About half the time,3,About the same,3,Strongly oppose,1,Somewhat favor,4,Neither favor nor oppose,3,
49,Female,2,White,3,No,0,"$80,000 - $99,999",9,Joe Biden,1,Part-time,2,"By law, a woman should always be able to obtain an abortion as a matter of perso",4,Rarely,4,Both equally,2,A few times a year,3,A lot,2,A moderate amount,3,About half the time,3,Somewhat easier,2,Somewhat favor,4,Neither favor nor oppose,3,Neither favor nor oppose,3,
42,Female,2,Black,1,No,0,"$70,000 - $79,999",8,Joe Biden,1,Full-time,1,"By law, a woman should always be able to obtain an abortion as a matter of perso",4,Rarely,4,Both equally,2,Never,1,A lot,2,A moderate amount,3,Some of the time,4,About the same,3,Neither favor nor oppose,3,Somewhat oppose,2,Neither favor nor oppose,3,
23,Male,1,Black,1,Yes,1,"$20,000 - $29,999",3,Donald Trump,2,Part-time,2,"By law, abortion should never be permitted.",1,Moderately often,3,Both equally,2,A few times a year,3,A lot,2,A moderate amount,3,Some of the time,4,A lot harder,5,Neither favor nor oppose,3,Somewhat favor,4,Somewhat oppose,2,
60,Female,2,Black,1,No,0,"$80,000 - $99,999",9,Joe Biden,1,Full-time,1,"The law should permit abortion for reasons other than rape,",3,Rarely,4,Both equally,2,Once a week,5,A great deal,2,None at all,5,Some of the time,4,A lot easier,1,Somewhat favor,4,Strongly favor,5,Strongly favor,5,
43,Male,1,Black,1,No,0,"$40,000 - $49,999",5,Joe Biden,1,Full-time,1,"The law should permit abortion for reasons other than rape,",3,Moderately often,3,Reason and evidence,1,Once a week,5,A lot,1,A moderate amount,3,About half the time,3,A lot harder,5,Strongly favor,5,Neither favor nor oppose,3,Somewhat favor,4,
61,Male,1,White,3,Yes,1,"$200,000 - $249,999",13,Donald Trump,2,Full-time,1,Other,5,Rarely,4,Both equally,2,Once a week,5,A little,2,None at all,5,Some of the time,4,Somewhat easier,2,Strongly oppose,1,Neither favor nor oppose,3,Strongly favor,5,
43,Female,2,White,3,No,0,"$100,000 - $119,999",11,Donald Trump,2,Retired,5,"By law, a woman should always be able to obtain an abortion as a matter of perso",4,Rarely,4,Reason and evidence,1,Never,1,None at all,1,None at all,5,Some of the time,4,A lot harder,5,Strongly oppose,1,Strongly oppose,1,Strongly oppose,1,
43,Male,1,White,3,No,0,"$60,000 - $69,999",7,Donald Trump,2,Full-time,1,"By law, a woman should always be able to obtain an abortion as a matter of perso",4,Rarely,4,Reason and evidence,1,Never,1,None at all,1,A little,4,About half the time,3,A lot harder,5,Strongly oppose,1,Strongly oppose,1,Strongly oppose,1,
33,Female,2,White,3,No,0,"$150,000 - $199,999",6,Donald Trump,2,Full-time,1,"The law should permit abortion only in case of rape, incest, or when the woman's",2,Rarely,4,Reason and evidence,1,Never,1,A moderate amount,1,A great deal,1,Never,5,A lot harder,5,Strongly oppose,1,Strongly oppose,1,Strongly oppose,1,
22,Male,1,White,3,Yes,1,"$20,000 - $29,999",3,Joe Biden,1,Part-time,2,"By law, a woman should always be able to obtain an abortion as a matter of perso",4,Rarely,4,Reason and evidence,1,A few times a year,3,A lot,1,A lot,2,Most of the time,2,Somewhat easier,2,Strongly favor,5,Strongly favor,5,Somewhat oppose,2,
45,Female,2,Hispanic,2,No,0,"$20,000 - $29,999",3,Donald Trump,2,Part-time,2,"The law should permit abortion for reasons other than rape,",3,Never,5,Reason and evidence,1,Once a week,5,A moderate amount,1,None at all,5,About half the time,3,A lot harder,5,Strongly favor,5,Strongly favor,5,Somewhat favor,4,
42,Female,2,White,3,No,0,"$60,000 - $69,999",7,Donald Trump,2,Homemaker,6,"The law should permit abortion only in case of rape, incest, or when the woman's",2,Rarely,4,Both equally,2,Once or twice a month,4,A little,2,None at all,5,About half the time,3,Somewhat harder,4,Neither favor nor oppose,3,Neither favor nor oppose,3,Neither favor nor oppose,3,
39,Female,2,Hispanic,2,No,0,"$20,000 - $29,999",3,Joe Biden,1,Homemaker,6,"The law should permit abortion only in case of rape, incest, or when the woman's",2,Moderately often,3,Both equally,2,Never,1,A moderate amount,2,None at all,5,About half the time,3,About the same,3,Neither favor nor oppose,3,Somewhat favor,4,Somewhat favor,4,
40,Female,2,White,3,No,0,"$70,000 - $79,999",8,Joe Biden,1,Part-time,2,"By law, a woman should always be able to obtain an abortion as a matter of perso",4,Rarely,4,Reason and evidence,1,Never,1,A great deal,1,A moderate amount,3,About half the time,3,About the same,3,Somewhat oppose,2,Somewhat oppose,2,Neither favor nor oppose,3,
69,Female,2,White,3,No,0,"$80,000 - $99,999",9,Donald Trump,2,Homemaker,6,"The law should permit abortion only in case of rape, incest, or when the woman's",2,Rarely,4,Both equally,2,Seldom,2,None at all,2,None at all,5,Most of the time,2,A lot harder,5,Strongly oppose,1,Neither favor nor oppose,3,Neither favor nor oppose,3,
82,Female,2,White,3,No,0,"$10,000 - $19,999",2,Joe Biden,1,Retired,5,"The law should permit abortion only in case of rape, incest, or when the woman's",2,Rarely,4,Both equally,2,Seldom,2,A lot,2,None at all,5,Some of the time,4,About the same,3,Neither favor nor oppose,3,Neither favor nor oppose,3,Neither favor nor oppose,3,
45,Female,2,White,3,No,0,"$150,000 - $199,999",6,Joe Biden,1,Full-time,1,"By law, a woman should always be able to obtain an abortion as a matter of perso",4,Rarely,4,Reason and evidence,1,A few times a year,3,A lot,1,A little,4,Most of the time,2,About the same,3,Strongly favor,5,Somewhat oppose,2,Strongly favor,5,
28,Female,2,White,3,No,0,"$120,000 - $149,999",3,Joe Biden,1,Homemaker,6,"By law, a woman should always be able to obtain an abortion as a matter of perso",4,Rarely,4,Reason and evidence,1,A few times a year,3,A lot,1,A lot,2,About half the time,3,Somewhat easier,2,Somewhat favor,4,Somewhat oppose,2,Somewhat favor,4,
54,Female,2,White,3,Yes,1,"$200,000 - $249,999",13,Joe Biden,1,Full-time,1,"By law, a woman should always be able to obtain an abortion as a matter of perso",4,Rarely,4,Reason and evidence,1,Seldom,2,A great deal,1,A lot,2,Most of the time,2,A lot easier,1,Somewhat favor,4,Somewhat oppose,2,Somewhat oppose,2,
45,Male,1,White,3,No,0,"$80,000 - $99,999",9,Donald Trump,2,Full-time,1,"By law, abortion should never be permitted.",1,Rarely,4,Both equally,2,More than once a week,6,A little,2,None at all,5,Some of the time,4,A lot easier,1,Somewhat favor,4,Strongly favor,5,Somewhat oppose,2,
47,Female,2,White,3,No,0,"$80,000 - $99,999",9,Joe Biden,1,Full-time,1,"The law should permit abortion for reasons other than rape,",3,Never,5,Reason and evidence,1,Once a week,5,A little,1,A little,4,About half the time,3,Somewhat easier,2,Somewhat favor,4,Somewhat oppose,2,Somewhat favor,4,
66,Female,2,Hispanic,2,Yes,1,"$60,000 - $69,999",7,Joe Biden,1,Permanently disabled,7,"By law, a woman should always be able to obtain an abortion as a matter of perso",4,Rarely,4,Reason and evidence,1,Seldom,2,A great deal,1,A lot,2,Some of the time,4,A lot easier,1,Somewhat favor,4,Strongly oppose,1,Strongly favor,5,
48,Female,2,White,3,No,0,"$100,000 - $119,999",11,Donald Trump,2,Homemaker,6,"The law should permit abortion only in case of rape, incest, or when the woman's",2,Never,5,Both equally,2,Once or twice a month,4,None at all,2,None at all,5,Some of the time,4,A lot harder,5,Strongly oppose,1,Strongly oppose,1,Strongly oppose,1,
63,Male,1,White,3,Yes,1,"$80,000 - $99,999",9,Joe Biden,1,Full-time,1,"By law, a woman should always be able to obtain an abortion as a matter of perso",4,Very often,2,Reason and evidence,1,A few times a year,3,A moderate amount,1,A little,4,About half the time,3,About the same,3,Somewhat favor,4,Strongly favor,5,Somewhat oppose,2,
83,Female,2,White,3,No,0,"$80,000 - $99,999",9,Joe Biden,1,Retired,5,"By law, a woman should always be able to obtain an abortion as a matter of perso",4,Rarely,4,Reason and evidence,1,Never,1,A great deal,1,A little,4,Most of the time,2,A lot easier,1,Strongly favor,5,Somewhat favor,4,Strongly favor,5,
29,Male,1,White,3,No,0,"$70,000 - $79,999",8,Donald Trump,2,Full-time,1,"The law should permit abortion only in case of rape, incest, or when the woman's",2,Moderately often,3,Both equally,2,Once a week,5,A lot,2,None at all,5,Some of the time,4,A lot easier,1,Neither favor nor oppose,3,Strongly oppose,1,Strongly favor,5,
25,Male,1,Black,1,No,0,"$70,000 - $79,999",8,Joe Biden,1,Other,8,"The law should permit abortion for reasons other than rape,",3,Rarely,4,Both equally,2,More than once a week,6,A moderate amount,2,A moderate amount,3,About half the time,3,Somewhat easier,2,Neither favor nor oppose,3,Somewhat favor,4,Neither favor nor oppose,3,
69,Male,1,Hispanic,2,Yes,1,"$50,000 - $59,999",6,Donald Trump,2,Retired,5,"The law should permit abortion only in case of rape, incest, or when the woman's",2,Rarely,4,Reason and evidence,1,Never,1,None at all,1,None at all,5,Most of the time,2,About the same,3,Somewhat favor,4,Somewhat favor,4,Neither favor nor oppose,3,
22,Male,1,Hispanic,2,No,0,"$120,000 - $149,999",3,Donald Trump,2,Student,4,"The law should permit abortion for reasons other than rape,",3,Moderately often,3,Both equally,2,A few times a year,3,A little,2,None at all,5,Most of the time,2,About the same,3,Somewhat favor,4,Neither favor nor oppose,3,Somewhat oppose,2,
65,Male,1,White,3,No,0,"$70,000 - $79,999",8,Joe Biden,1,Full-time,1,"By law, a woman should always be able to obtain an abortion as a matter of perso",4,Rarely,4,Reason and evidence,1,Seldom,2,None at all,1,None at all,5,About half the time,3,A lot harder,5,Strongly favor,5,Strongly favor,5,Strongly oppose,1,
41,Male,1,Hispanic,2,No,0,"$70,000 - $79,999",8,Donald Trump,2,Unemployed,3,"By law, a woman should always be able to obtain an abortion as a matter of perso",4,Rarely,4,Both equally,2,Never,1,None at all,2,None at all,5,Most of the time,2,About the same,3,Neither favor nor oppose,3,Neither favor nor oppose,3,Neither favor nor oppose,3,
20,Female,2,White,3,No,0,"$30,000 - $39,999",4,Joe Biden,1,Part-time,2,"By law, a woman should always be able to obtain an abortion as a matter of perso",4,Very often,2,Both equally,2,Never,1,A moderate amount,2,A moderate amount,3,About half the time,3,About the same,3,Somewhat favor,4,Neither favor nor oppose,3,Neither favor nor oppose,3,
84,Female,2,White,3,No,0,"$20,000 - $29,999",3,Donald Trump,2,Retired,5,"By law, a woman should always be able to obtain an abortion as a matter of perso",4,Rarely,4,Both equally,2,Once a week,5,None at all,2,None at all,5,About half the time,3,A lot harder,5,Neither favor nor oppose,3,Strongly favor,5,Neither favor nor oppose,3,
73,Female,2,White,3,Yes,1,"$70,000 - $79,999",8,Donald Trump,2,Retired,5,"By law, a woman should always be able to obtain an abortion as a matter of perso",4,Never,5,Both equally,2,Seldom,2,A moderate amount,2,None at all,5,Some of the time,4,Somewhat easier,2,Somewhat favor,4,Somewhat oppose,2,Strongly oppose,1,
76,Female,2,White,3,Yes,1,"$100,000 - $119,999",11,Donald Trump,2,Retired,5,"The law should permit abortion only in case of rape, incest, or when the woman's",2,Rarely,4,Both equally,2,Once a week,5,A great deal,2,None at all,5,Most of the time,2,About the same,3,Neither favor nor oppose,3,Neither favor nor oppose,3,Neither favor nor oppose,3,
77,Female,2,White,3,No,0,"$40,000 - $49,999",5,Donald Trump,2,Retired,5,"The law should permit abortion for reasons other than rape,",3,Rarely,4,Reason and evidence,1,Never,1,None at all,1,None at all,5,Some of the time,4,About the same,3,Somewhat oppose,2,Somewhat favor,4,Somewhat oppose,2,
69,Female,2,White,3,Yes,1,"$20,000 - $29,999",3,Donald Trump,2,Retired,5,"The law should permit abortion only in case of rape, incest, or when the woman's",2,Rarely,4,Reason and evidence,1,Once a week,5,A moderate amount,1,None at all,5,Never,5,A lot harder,5,Strongly oppose,1,Somewhat favor,4,Strongly oppose,1,
73,Female,2,White,3,No,0,"$10,000 - $19,999",2,Donald Trump,2,Retired,5,"The law should permit abortion only in case of rape, incest, or when the woman's",2,Rarely,4,Both equally,2,Seldom,2,None at all,2,None at all,5,Most of the time,2,A lot harder,5,Somewhat favor,4,Strongly favor,5,Somewhat favor,4,
70,Female,2,White,3,No,0,"$40,000 - $49,999",5,Donald Trump,2,Retired,5,"The law should permit abortion for reasons other than rape,",3,Rarely,4,Reason and evidence,1,Seldom,2,A little,1,A little,4,Never,5,About the same,3,Somewhat oppose,2,Somewhat oppose,2,Somewhat oppose,2,
35,Male,1,Hispanic,2,No,0,"$50,000 - $59,999",6,Donald Trump,2,Part-time,2,"The law should permit abortion only in case of rape, incest, or when the woman's",2,Rarely,4,Reason and evidence,1,Seldom,2,None at all,1,None at all,5,Some of the time,4,Somewhat harder,4,Strongly oppose,1,Strongly oppose,1,Somewhat favor,4,
78,Female,2,White,3,No,0,"$20,000 - $29,999",3,Joe Biden,1,Retired,5,"By law, a woman should always be able to obtain an abortion as a matter of perso",4,Rarely,4,Reason and evidence,1,Never,1,A lot,1,A moderate amount,3,Some of the time,4,Somewhat harder,4,Strongly oppose,1,Strongly oppose,1,Strongly favor,5,
67,Female,2,White,3,No,0,"$20,000 - $29,999",3,Joe Biden,1,Retired,5,"By law, a woman should always be able to obtain an abortion as a matter of perso",4,Rarely,4,Reason and evidence,1,Never,1,A great deal,1,A moderate amount,3,Most of the time,2,About the same,3,Strongly favor,5,Strongly oppose,1,Strongly favor,5,
43,Male,1,White,3,No,0,"$20,000 - $29,999",3,Donald Trump,2,Unemployed,3,"The law should permit abortion only in case of rape, incest, or when the woman's",2,Rarely,4,Religious beliefs,3,Seldom,2,A little,3,A little,4,Some of the time,4,A lot harder,5,Strongly oppose,1,Strongly favor,5,Strongly oppose,1,
43,Male,1,White,3,Yes,1,"$100,000 - $119,999",11,Donald Trump,2,Full-time,1,"The law should permit abortion only in case of rape, incest, or when the woman's",2,Rarely,4,Both equally,2,More than once a week,6,None at all,2,None at all,5,About half the time,3,About the same,3,Strongly favor,5,Somewhat favor,4,Somewhat favor,4,
47,Male,1,White,3,Yes,1,"$120,000 - $149,999",3,Joe Biden,1,Full-time,1,"The law should permit abortion only in case of rape, incest, or when the woman's",2,Rarely,4,Both equally,2,Once a week,5,A lot,2,A lot,2,Most of the time,2,Somewhat easier,2,Somewhat favor,4,Somewhat favor,4,Somewhat favor,4,
33,Female,2,Hispanic,2,No,0,"$50,000 - $59,999",6,Donald Trump,2,Full-time,1,"The law should permit abortion for reasons other than rape,",3,Rarely,4,Both equally,2,More than once a week,6,A great deal,2,A moderate amount,3,Some of the time,4,A lot easier,1,Somewhat favor,4,Somewhat favor,4,Neither favor nor oppose,3,
38,Male,1,Black,1,No,0,"$50,000 - $59,999",6,Joe Biden,1,Full-time,1,"By law, a woman should always be able to obtain an abortion as a matter of perso",4,Rarely,4,Reason and evidence,1,Seldom,2,A moderate amount,1,A little,4,About half the time,3,A lot easier,1,Somewhat favor,4,Strongly oppose,1,Strongly favor,5,
74,Female,2,Black,1,No,0,"$70,000 - $79,999",8,Joe Biden,1,Retired,5,"By law, a woman should always be able to obtain an abortion as a matter of perso",4,Never,5,Religious beliefs,3,Seldom,2,A great deal,3,None at all,5,Most of the time,2,Somewhat harder,4,Strongly oppose,1,Somewhat oppose,2,Strongly favor,5,
57,Female,2,Hispanic,2,No,0,"$50,000 - $59,999",6,Donald Trump,2,Homemaker,6,"The law should permit abortion for reasons other than rape,",3,Rarely,4,Reason and evidence,1,Once or twice a month,4,A moderate amount,1,None at all,5,Some of the time,4,A lot harder,5,Strongly oppose,1,Strongly oppose,1,Strongly oppose,1,
73,Female,2,White,3,No,0,"$30,000 - $39,999",4,Joe Biden,1,Retired,5,"By law, a woman should always be able to obtain an abortion as a matter of perso",4,Rarely,4,Reason and evidence,1,Never,1,A great deal,1,None at all,5,Never,5,About the same,3,Strongly favor,5,Neither favor nor oppose,3,Somewhat favor,4,
21,Male,1,Black,1,No,0,"Less than $10,000",1,Joe Biden,1,Full-time,1,"By law, abortion should never be permitted.",1,Moderately often,3,Both equally,2,Don't know,7,A moderate amount,2,A lot,2,Some of the time,4,About the same,3,Neither favor nor oppose,3,Neither favor nor oppose,3,Neither favor nor oppose,3,
21,Male,1,Black,1,No,0,"$50,000 - $59,999",6,Joe Biden,1,Part-time,2,"The law should permit abortion only in case of rape, incest, or when the woman's",2,Rarely,4,Both equally,2,More than once a week,6,A great deal,2,A great deal,1,Most of the time,2,Somewhat harder,4,Somewhat favor,4,Neither favor nor oppose,3,Somewhat favor,4,
26,Male,1,Hispanic,2,No,0,"$150,000 - $199,999",6,Joe Biden,1,Full-time,1,"By law, a woman should always be able to obtain an abortion as a matter of perso",4,Never,5,Reason and evidence,1,Never,1,A lot,1,A little,4,Some of the time,4,Somewhat harder,4,Strongly favor,5,Somewhat oppose,2,Somewhat oppose,2,
27,Male,1,Hispanic,2,No,0,"$30,000 - $39,999",4,Joe Biden,1,Other,8,"The law should permit abortion only in case of rape, incest, or when the woman's",2,Very often,2,Both equally,2,A few times a year,3,A lot,2,A great deal,1,About half the time,3,About the same,3,Somewhat favor,4,Neither favor nor oppose,3,Somewhat favor,4,
39,Female,2,White,3,No,0,"$10,000 - $19,999",2,Joe Biden,1,Part-time,2,"By law, a woman should always be able to obtain an abortion as a matter of perso",4,Rarely,4,Reason and evidence,1,Never,1,A lot,1,A little,4,Some of the time,4,Somewhat easier,2,Neither favor nor oppose,3,Somewhat oppose,2,Neither favor nor oppose,3,
46,Male,1,Black,1,No,0,"$10,000 - $19,999",2,Joe Biden,1,Permanently disabled,7,"The law should permit abortion for reasons other than rape,",3,Rarely,4,Both equally,2,Seldom,2,A great deal,2,A great deal,1,Some of the time,4,About the same,3,Neither favor nor oppose,3,Strongly oppose,1,Neither favor nor oppose,3,
23,Female,2,Black,1,No,0,"$50,000 - $59,999",6,Joe Biden,1,Full-time,1,"The law should permit abortion only in case of rape, incest, or when the woman's",2,Moderately often,3,Both equally,2,Once a week,5,A moderate amount,2,A moderate amount,3,About half the time,3,About the same,3,Neither favor nor oppose,3,Neither favor nor oppose,3,Neither favor nor oppose,3,
38,Male,1,White,3,Yes,1,"$70,000 - $79,999",8,Donald Trump,2,Full-time,1,"The law should permit abortion only in case of rape, incest, or when the woman's",2,Very often,2,Both equally,2,Once a week,5,A lot,2,A lot,2,Most of the time,2,Somewhat easier,2,Neither favor nor oppose,3,Somewhat favor,4,Somewhat favor,4,
48,Male,1,White,3,No,0,"$250,000 - $349,999",6,Joe Biden,1,Full-time,1,"The law should permit abortion only in case of rape, incest, or when the woman's",2,Moderately often,3,Both equally,2,A few times a year,3,A moderate amount,2,A great deal,1,About half the time,3,About the same,3,Neither favor nor oppose,3,Neither favor nor oppose,3,Neither favor nor oppose,3,
23,Male,1,Hispanic,2,No,0,"$60,000 - $69,999",7,Joe Biden,1,Unemployed,3,"The law should permit abortion only in case of rape, incest, or when the woman's",2,Moderately often,3,Both equally,2,Once a week,5,A moderate amount,2,A lot,2,Most of the time,2,About the same,3,Neither favor nor oppose,3,Somewhat favor,4,Somewhat favor,4,
77,Male,1,White,3,No,0,"$20,000 - $29,999",3,Donald Trump,2,Retired,5,"The law should permit abortion for reasons other than rape,",3,Rarely,4,Both equally,2,Never,1,None at all,2,None at all,5,Some of the time,4,A lot harder,5,Strongly favor,5,Strongly favor,5,Neither favor nor oppose,3,
63,Female,2,White,3,No,0,"$10,000 - $19,999",2,Joe Biden,1,Permanently disabled,7,"The law should permit abortion only in case of rape, incest, or when the woman's",2,Rarely,4,Both equally,2,Seldom,2,A moderate amount,2,A moderate amount,3,About half the time,3,A lot harder,5,Somewhat favor,4,Somewhat favor,4,Somewhat oppose,2,
28,Male,1,White,3,Yes,1,"$150,000 - $199,999",6,Joe Biden,1,Full-time,1,"The law should permit abortion for reasons other than rape,",3,Rarely,4,Both equally,2,Once or twice a month,4,A great deal,2,A lot,2,About half the time,3,Somewhat harder,4,Somewhat favor,4,Strongly favor,5,Neither favor nor oppose,3,
22,Female,2,White,3,No,0,"$20,000 - $29,999",3,Donald Trump,2,Student,4,"By law, a woman should always be able to obtain an abortion as a matter of perso",4,Rarely,4,Reason and evidence,1,Once or twice a month,4,A lot,1,None at all,5,About half the time,3,A lot easier,1,Somewhat favor,4,Somewhat favor,4,Somewhat oppose,2,
59,Female,2,Hispanic,2,No,0,"$60,000 - $69,999",7,Joe Biden,1,Full-time,1,"The law should permit abortion only in case of rape, incest, or when the woman's",2,Never,5,Both equally,2,Once a week,5,A great deal,2,A moderate amount,3,Most of the time,2,Somewhat easier,2,Neither favor nor oppose,3,Neither favor nor oppose,3,Somewhat favor,4,
58,Female,2,Black,1,No,0,"$50,000 - $59,999",6,Joe Biden,1,Retired,5,"By law, a woman should always be able to obtain an abortion as a matter of perso",4,Rarely,4,Religious beliefs,3,Seldom,2,A great deal,3,A lot,2,About half the time,3,A lot harder,5,Strongly favor,5,Strongly favor,5,Strongly favor,5,
20,Male,1,White,3,No,0,"$120,000 - $149,999",3,Joe Biden,1,Student,4,"By law, a woman should always be able to obtain an abortion as a matter of perso",4,Rarely,4,Both equally,2,More than once a week,6,A lot,2,A lot,2,About half the time,3,Somewhat easier,2,Somewhat oppose,2,Somewhat oppose,2,Neither favor nor oppose,3,
61,Female,2,White,3,No,0,"$70,000 - $79,999",8,Joe Biden,1,Full-time,1,Other,5,Rarely,4,Reason and evidence,1,Never,1,A moderate amount,1,A little,4,Some of the time,4,Somewhat easier,2,Strongly favor,5,Somewhat oppose,2,Somewhat favor,4,
45,Female,2,White,3,No,0,"$20,000 - $29,999",3,Donald Trump,2,Part-time,2,"The law should permit abortion for reasons other than rape,",3,Rarely,4,Both equally,2,Once a week,5,A moderate amount,2,A moderate amount,3,About half the time,3,Somewhat easier,2,Somewhat favor,4,Neither favor nor oppose,3,Neither favor nor oppose,3,
53,Female,2,White,3,No,0,"$10,000 - $19,999",2,Joe Biden,1,Permanently disabled,7,"By law, a woman should always be able to obtain an abortion as a matter of perso",4,Rarely,4,Reason and evidence,1,Seldom,2,A moderate amount,1,A moderate amount,3,Some of the time,4,Somewhat harder,4,Somewhat oppose,2,Neither favor nor oppose,3,Neither favor nor oppose,3,
68,Female,2,Black,1,Yes,1,"$40,000 - $49,999",5,Joe Biden,1,Part-time,2,"By law, a woman should always be able to obtain an abortion as a matter of perso",4,Rarely,4,Both equally,2,Seldom,2,A little,2,None at all,5,Some of the time,4,About the same,3,Neither favor nor oppose,3,Neither favor nor oppose,3,Neither favor nor oppose,3,
71,Female,2,White,3,No,0,"$30,000 - $39,999",4,Donald Trump,2,Retired,5,"By law, a woman should always be able to obtain an abortion as a matter of perso",4,Rarely,4,Religious beliefs,3,Seldom,2,A lot,3,A lot,2,Most of the time,2,Somewhat harder,4,Strongly oppose,1,Strongly oppose,1,Strongly oppose,1,
27,Female,2,White,3,Yes,1,"$60,000 - $69,999",7,Joe Biden,1,Part-time,2,"The law should permit abortion only in case of rape, incest, or when the woman's",2,Moderately often,3,Both equally,2,A few times a year,3,A moderate amount,2,A moderate amount,3,About half the time,3,About the same,3,Somewhat oppose,2,Neither favor nor oppose,3,Neither favor nor oppose,3,
37,Male,1,White,3,No,0,"$250,000 - $349,999",6,Donald Trump,2,Full-time,1,"The law should permit abortion only in case of rape, incest, or when the woman's",2,Never,5,Reason and evidence,1,Once or twice a month,4,A lot,1,A lot,2,About half the time,3,Somewhat harder,4,Neither favor nor oppose,3,Neither favor nor oppose,3,Somewhat favor,4,
39,Female,2,Hispanic,2,No,0,"$150,000 - $199,999",6,Donald Trump,2,Full-time,1,"The law should permit abortion for reasons other than rape,",3,Moderately often,3,Both equally,2,Once a week,5,A great deal,2,A great deal,1,Some of the time,4,Somewhat easier,2,Strongly favor,5,Strongly oppose,1,Strongly favor,5,
33,Female,2,White,3,No,0,"$80,000 - $99,999",9,Joe Biden,1,Full-time,1,"By law, a woman should always be able to obtain an abortion as a matter of perso",4,Moderately often,3,Reason and evidence,1,Never,1,A lot,1,A lot,2,Some of the time,4,About the same,3,Neither favor nor oppose,3,Strongly oppose,1,Somewhat favor,4,
31,Male,1,Black,1,No,0,"$100,000 - $119,999",11,Donald Trump,2,Full-time,1,"By law, abortion should never be permitted.",1,Moderately often,3,Reason and evidence,1,More than once a week,6,A great deal,1,A great deal,1,Some of the time,4,A lot easier,1,Strongly favor,5,Strongly favor,5,Strongly favor,5,
70,Female,2,White,3,Yes,1,"$40,000 - $49,999",5,Joe Biden,1,Retired,5,"By law, a woman should always be able to obtain an abortion as a matter of perso",4,Rarely,4,Reason and evidence,1,Never,1,A great deal,1,A lot,2,Most of the time,2,A lot easier,1,Strongly favor,5,Somewhat oppose,2,Somewhat favor,4,
58,Male,1,White,3,No,0,"$50,000 - $59,999",6,Joe Biden,1,Part-time,2,"By law, a woman should always be able to obtain an abortion as a matter of perso",4,Never,5,Reason and evidence,1,Seldom,2,A moderate amount,1,None at all,5,Some of the time,4,A lot harder,5,Strongly favor,5,Somewhat favor,4,Somewhat oppose,2,
54,Female,2,White,3,No,0,"$60,000 - $69,999",7,Donald Trump,2,Part-time,2,"The law should permit abortion only in case of rape, incest, or when the woman's",2,Never,5,Reason and evidence,1,Never,1,None at all,1,None at all,5,Some of the time,4,About the same,3,Strongly oppose,1,Strongly oppose,1,Strongly oppose,1,
43,Male,1,White,3,No,0,"$80,000 - $99,999",9,Joe Biden,1,Full-time,1,"The law should permit abortion only in case of rape, incest, or when the woman's",2,Never,5,Both equally,2,Seldom,2,A moderate amount,2,A moderate amount,3,Most of the time,2,About the same,3,Somewhat oppose,2,Somewhat oppose,2,Strongly favor,5,
73,Female,2,White,3,No,0,"$30,000 - $39,999",4,Joe Biden,1,Retired,5,"By law, a woman should always be able to obtain an abortion as a matter of perso",4,Rarely,4,Reason and evidence,1,Never,1,A lot,1,A great deal,1,About half the time,3,About the same,3,Strongly favor,5,Somewhat favor,4,Somewhat favor,4,
26,Female,2,Hispanic,2,No,0,"$30,000 - $39,999",4,Donald Trump,2,Homemaker,6,"By law, a woman should always be able to obtain an abortion as a matter of perso",4,Never,5,Reason and evidence,1,A few times a year,3,A moderate amount,1,None at all,5,Never,5,About the same,3,Neither favor nor oppose,3,Neither favor nor oppose,3,Neither favor nor oppose,3,
62,Female,2,White,3,No,0,"$40,000 - $49,999",5,Donald Trump,2,Part-time,2,"By law, abortion should never be permitted.",1,Rarely,4,Both equally,2,Once a week,5,A little,2,None at all,5,Some of the time,4,About the same,3,Somewhat favor,4,Somewhat favor,4,Somewhat favor,4,
74,Female,2,Black,1,Yes,1,"$40,000 - $49,999",5,Joe Biden,1,Retired,5,"The law should permit abortion only in case of rape, incest, or when the woman's",2,Rarely,4,Both equally,2,Once a week,5,A lot,2,None at all,5,About half the time,3,Somewhat easier,2,Somewhat favor,4,Neither favor nor oppose,3,Somewhat favor,4,
71,Female,2,White,3,No,0,"$30,000 - $39,999",4,Joe Biden,1,Retired,5,"By law, a woman should always be able to obtain an abortion as a matter of perso",4,Rarely,4,Reason and evidence,1,Seldom,2,A lot,1,A moderate amount,3,Most of the time,2,Somewhat easier,2,Somewhat favor,4,Somewhat oppose,2,Strongly favor,5,
33,Female,2,White,3,No,0,"$120,000 - $149,999",3,Joe Biden,1,Full-time,1,"By law, a woman should always be able to obtain an abortion as a matter of perso",4,Rarely,4,Both equally,2,A few times a year,3,A moderate amount,2,A moderate amount,3,About half the time,3,About the same,3,Neither favor nor oppose,3,Neither favor nor oppose,3,Neither favor nor oppose,3,
64,Female,2,White,3,No,0,"$30,000 - $39,999",4,Donald Trump,2,Other,8,"By law, abortion should never be permitted.",1,Rarely,4,Both equally,2,More than once a week,6,None at all,2,None at all,5,Some of the time,4,About the same,3,Somewhat oppose,2,Somewhat oppose,2,Somewhat oppose,2,
75,Female,2,White,3,Yes,1,"$80,000 - $99,999",9,Donald Trump,2,Full-time,1,"The law should permit abortion for reasons other than rape,",3,Rarely,4,Both equally,2,A few times a year,3,None at all,2,None at all,5,Most of the time,2,Somewhat harder,4,Strongly favor,5,Somewhat oppose,2,Strongly favor,5,
30,Female,2,White,3,No,0,"$70,000 - $79,999",8,Donald Trump,2,Homemaker,6,"The law should permit abortion for reasons other than rape,",3,Rarely,4,Both equally,2,Seldom,2,A moderate amount,2,None at all,5,About half the time,3,Somewhat easier,2,Neither favor nor oppose,3,Neither favor nor oppose,3,Somewhat favor,4,
26,Male,1,White,3,No,0,"$60,000 - $69,999",7,Joe Biden,1,Full-time,1,Other,5,Rarely,4,Reason and evidence,1,Never,1,A lot,1,A moderate amount,3,Most of the time,2,A lot easier,1,Somewhat favor,4,Somewhat oppose,2,Somewhat favor,4,
69,Female,2,White,3,No,0,"$30,000 - $39,999",4,Donald Trump,2,Retired,5,"By law, a woman should always be able to obtain an abortion as a matter of perso",4,Rarely,4,Reason and evidence,1,Never,1,A lot,1,None at all,5,Most of the time,2,Somewhat easier,2,Strongly favor,5,Somewhat favor,4,Strongly oppose,1,
58,Female,2,White,3,No,0,"$120,000 - $149,999",3,Donald Trump,2,Full-time,1,"By law, a woman should always be able to obtain an abortion as a matter of perso",4,Rarely,4,Both equally,2,Seldom,2,A little,2,A little,4,About half the time,3,About the same,3,Somewhat oppose,2,Neither favor nor oppose,3,Somewhat favor,4,
29,Female,2,Hispanic,2,No,0,"$80,000 - $99,999",9,Joe Biden,1,Unemployed,3,"By law, a woman should always be able to obtain an abortion as a matter of perso",4,Rarely,4,Reason and evidence,1,Never,1,A lot,1,A lot,2,Most of the time,2,Somewhat easier,2,Somewhat favor,4,Strongly oppose,1,Strongly favor,5,
52,Female,2,Hispanic,2,Yes,1,"$50,000 - $59,999",6,Joe Biden,1,Full-time,1,"By law, a woman should always be able to obtain an abortion as a matter of perso",4,Rarely,4,Reason and evidence,1,Never,1,A moderate amount,1,A little,4,Never,5,A lot easier,1,Neither favor nor oppose,3,Neither favor nor oppose,3,Strongly favor,5,
37,Female,2,White,3,No,0,"$80,000 - $99,999",9,Donald Trump,2,Student,4,"The law should permit abortion only in case of rape, incest, or when the woman's",2,Never,5,Both equally,2,Once a week,5,A great deal,2,None at all,5,Never,5,A lot harder,5,Strongly favor,5,Strongly favor,5,Strongly oppose,1,
49,Male,1,White,3,No,0,"$10,000 - $19,999",2,Donald Trump,2,Permanently disabled,7,"The law should permit abortion only in case of rape, incest, or when the woman's",2,Rarely,4,Both equally,2,Once or twice a month,4,A little,2,None at all,5,Most of the time,2,About the same,3,Strongly favor,5,Somewhat favor,4,Strongly favor,5,
28,Male,1,White,3,Yes,1,"$100,000 - $119,999",11,Joe Biden,1,Full-time,1,"The law should permit abortion for reasons other than rape,",3,Moderately often,3,Reason and evidence,1,Once or twice a month,4,A moderate amount,1,A lot,2,Always,1,Somewhat harder,4,Somewhat favor,4,Strongly favor,5,Neither favor nor oppose,3,
52,Male,1,White,3,No,0,"$70,000 - $79,999",8,Donald Trump,2,Full-time,1,"By law, abortion should never be permitted.",1,Rarely,4,Both equally,2,Once or twice a month,4,None at all,2,None at all,5,Some of the time,4,A lot harder,5,Neither favor nor oppose,3,Strongly favor,5,Strongly favor,5,
55,Female,2,White,3,No,0,"$100,000 - $119,999",11,Donald Trump,2,Full-time,1,"The law should permit abortion for reasons other than rape,",3,Rarely,4,Both equally,2,Once a week,5,None at all,2,None at all,5,About half the time,3,A lot harder,5,Neither favor nor oppose,3,Strongly favor,5,Somewhat oppose,2,
42,Male,1,White,3,No,0,"$80,000 - $99,999",9,Donald Trump,2,Unemployed,3,"By law, abortion should never be permitted.",1,Never,5,Both equally,2,Once a week,5,None at all,2,None at all,5,Never,5,A lot harder,5,Strongly oppose,1,Somewhat favor,4,Strongly oppose,1,
33,Male,1,Black,1,No,0,"$20,000 - $29,999",3,Joe Biden,1,Part-time,2,"By law, a woman should always be able to obtain an abortion as a matter of perso",4,Never,5,Religious beliefs,3,Once a week,5,A lot,3,A lot,2,About half the time,3,A lot easier,1,Somewhat favor,4,Somewhat favor,4,Somewhat favor,4,
42,Male,1,White,3,No,0,"$350,000 - $499,999",6,Joe Biden,1,Full-time,1,"By law, a woman should always be able to obtain an abortion as a matter of perso",4,Rarely,4,Reason and evidence,1,Never,1,A great deal,1,A lot,2,About half the time,3,A lot easier,1,Strongly favor,5,Somewhat oppose,2,Strongly favor,5,
59,Female,2,White,3,No,0,"$10,000 - $19,999",2,Donald Trump,2,Full-time,1,"By law, a woman should always be able to obtain an abortion as a matter of perso",4,Never,5,Both equally,2,Don't know,7,A moderate amount,2,A little,4,Never,5,A lot harder,5,Neither favor nor oppose,3,Neither favor nor oppose,3,Neither favor nor oppose,3,
72,Male,1,Hispanic,2,No,0,"$60,000 - $69,999",7,Donald Trump,2,Retired,5,"The law should permit abortion only in case of rape, incest, or when the woman's",2,Moderately often,3,Both equally,2,Seldom,2,A little,2,None at all,5,Some of the time,4,About the same,3,Somewhat favor,4,Strongly favor,5,Neither favor nor oppose,3,
60,Male,1,White,3,No,0,"$70,000 - $79,999",8,Donald Trump,2,Full-time,1,"The law should permit abortion only in case of rape, incest, or when the woman's",2,Rarely,4,Both equally,2,Once a week,5,None at all,2,None at all,5,Some of the time,4,A lot harder,5,Strongly oppose,1,Strongly oppose,1,Strongly oppose,1,
50,Female,2,White,3,No,0,"$50,000 - $59,999",6,Joe Biden,1,Homemaker,6,"By law, a woman should always be able to obtain an abortion as a matter of perso",4,Never,5,Both equally,2,A few times a year,3,A great deal,2,None at all,5,Some of the time,4,About the same,3,Strongly favor,5,Strongly favor,5,Somewhat favor,4,
53,Male,1,White,3,No,0,"$60,000 - $69,999",7,Joe Biden,1,Full-time,1,"The law should permit abortion for reasons other than rape,",3,Never,5,Religious beliefs,3,Once a week,5,A moderate amount,3,None at all,5,Some of the time,4,About the same,3,Strongly favor,5,Strongly favor,5,Strongly oppose,1,
56,Male,1,White,3,Yes,1,"$100,000 - $119,999",11,Donald Trump,2,Full-time,1,Other,5,Never,5,Reason and evidence,1,Never,1,A little,1,None at all,5,Some of the time,4,Somewhat easier,2,Strongly oppose,1,Neither favor nor oppose,3,Strongly oppose,1,
50,Female,2,White,3,Yes,1,"$50,000 - $59,999",6,Donald Trump,2,Other,8,"The law should permit abortion for reasons other than rape,",3,Rarely,4,Reason and evidence,1,Never,1,None at all,1,None at all,5,Some of the time,4,A lot harder,5,Strongly oppose,1,Strongly oppose,1,Neither favor nor oppose,3,
47,Female,2,Hispanic,2,No,0,"$30,000 - $39,999",4,Joe Biden,1,Homemaker,6,"By law, a woman should always be able to obtain an abortion as a matter of perso",4,Rarely,4,Both equally,2,A few times a year,3,A lot,2,A moderate amount,3,Some of the time,4,A lot easier,1,Neither favor nor oppose,3,Strongly oppose,1,Neither favor nor oppose,3,
59,Male,1,White,3,No,0,"$70,000 - $79,999",8,Joe Biden,1,Retired,5,"The law should permit abortion for reasons other than rape,",3,Rarely,4,Both equally,2,A few times a year,3,A little,2,A little,4,About half the time,3,Somewhat harder,4,Strongly favor,5,Strongly favor,5,Strongly favor,5,
51,Male,1,White,3,No,0,"$100,000 - $119,999",11,Donald Trump,2,Full-time,1,"By law, a woman should always be able to obtain an abortion as a matter of perso",4,Rarely,4,Reason and evidence,1,Seldom,2,None at all,1,None at all,5,About half the time,3,A lot harder,5,Somewhat oppose,2,Somewhat favor,4,Strongly oppose,1,
77,Male,1,Black,1,No,0,"$30,000 - $39,999",4,Joe Biden,1,Retired,5,"By law, a woman should always be able to obtain an abortion as a matter of perso",4,Never,5,Reason and evidence,1,Never,1,A moderate amount,1,A little,4,Never,5,Somewhat easier,2,Somewhat favor,4,Neither favor nor oppose,3,Somewhat favor,4,
55,Female,2,White,3,No,0,"$20,000 - $29,999",3,Joe Biden,1,Full-time,1,"The law should permit abortion only in case of rape, incest, or when the woman's",2,Rarely,4,Religious beliefs,3,A few times a year,3,A great deal,3,None at all,5,Some of the time,4,A lot harder,5,Strongly oppose,1,Strongly oppose,1,Strongly oppose,1,
37,Male,1,White,3,No,0,"Less than $10,000",1,Donald Trump,2,Full-time,1,"The law should permit abortion only in case of rape, incest, or when the woman's",2,Rarely,4,Both equally,2,More than once a week,6,A lot,2,A lot,2,Most of the time,2,About the same,3,Neither favor nor oppose,3,Somewhat favor,4,Somewhat favor,4,
66,Male,1,Black,1,No,0,"$50,000 - $59,999",6,Joe Biden,1,Full-time,1,"By law, a woman should always be able to obtain an abortion as a matter of perso",4,Rarely,4,Religious beliefs,3,More than once a week,6,A moderate amount,3,A moderate amount,3,Most of the time,2,Somewhat harder,4,Neither favor nor oppose,3,Somewhat oppose,2,Neither favor nor oppose,3,
24,Male,1,Black,1,No,0,"Less than $10,000",1,Donald Trump,2,Student,4,"The law should permit abortion only in case of rape, incest, or when the woman's",2,Rarely,4,Both equally,2,More than once a week,6,A great deal,2,A great deal,1,Most of the time,2,Somewhat easier,2,Somewhat favor,4,Somewhat oppose,2,Somewhat favor,4,
30,Female,2,Hispanic,2,No,0,"$60,000 - $69,999",7,Donald Trump,2,Unemployed,3,"By law, abortion should never be permitted.",1,Moderately often,3,Both equally,2,Once a week,5,A little,2,None at all,5,Some of the time,4,Somewhat easier,2,Somewhat oppose,2,Neither favor nor oppose,3,Neither favor nor oppose,3,
30,Male,1,Hispanic,2,No,0,"$80,000 - $99,999",9,Joe Biden,1,Temporarily laid off,9,"The law should permit abortion only in case of rape, incest, or when the woman's",2,Rarely,4,Reason and evidence,1,A few times a year,3,A moderate amount,1,A moderate amount,3,Most of the time,2,A lot harder,5,Strongly favor,5,Neither favor nor oppose,3,Neither favor nor oppose,3,
79,Female,2,White,3,Yes,1,"$20,000 - $29,999",3,Joe Biden,1,Retired,5,"By law, a woman should always be able to obtain an abortion as a matter of perso",4,Rarely,4,Both equally,2,Once a week,5,A lot,2,None at all,5,Most of the time,2,Somewhat harder,4,Strongly favor,5,Strongly favor,5,Strongly favor,5,
58,Male,1,White,3,No,0,"$80,000 - $99,999",9,Donald Trump,2,Retired,5,Other,5,Rarely,4,Reason and evidence,1,Seldom,2,A little,1,None at all,5,Most of the time,2,A lot easier,1,Strongly favor,5,Strongly favor,5,Strongly oppose,1,
59,Male,1,White,3,No,0,"$150,000 - $199,999",6,Joe Biden,1,Full-time,1,"By law, a woman should always be able to obtain an abortion as a matter of perso",4,Moderately often,3,Reason and evidence,1,Never,1,None at all,1,A moderate amount,3,About half the time,3,About the same,3,Somewhat oppose,2,Strongly oppose,1,Strongly favor,5,
68,Female,2,White,3,Yes,1,"$50,000 - $59,999",6,Joe Biden,1,Retired,5,"By law, a woman should always be able to obtain an abortion as a matter of perso",4,Rarely,4,Reason and evidence,1,Never,1,A lot,1,None at all,5,About half the time,3,Somewhat easier,2,Strongly favor,5,Neither favor nor oppose,3,Strongly favor,5,
35,Female,2,Black,1,No,0,"$20,000 - $29,999",3,Donald Trump,2,Full-time,1,"By law, a woman should always be able to obtain an abortion as a matter of perso",4,Very often,2,Reason and evidence,1,Never,1,A little,1,None at all,5,Some of the time,4,About the same,3,Somewhat oppose,2,Somewhat oppose,2,Somewhat oppose,2,
75,Female,2,Black,1,No,0,"$20,000 - $29,999",3,Joe Biden,1,Retired,5,"By law, a woman should always be able to obtain an abortion as a matter of perso",4,Rarely,4,Both equally,2,Once a week,5,A great deal,2,A moderate amount,3,Some of the time,4,Somewhat harder,4,Strongly favor,5,Somewhat favor,4,Strongly favor,5,
62,Male,1,White,3,No,0,"$30,000 - $39,999",4,Donald Trump,2,Permanently disabled,7,"The law should permit abortion only in case of rape, incest, or when the woman's",2,Rarely,4,Reason and evidence,1,Once a week,5,None at all,1,None at all,5,Some of the time,4,A lot harder,5,Strongly oppose,1,Somewhat favor,4,Somewhat favor,4,
25,Female,2,White,3,Yes,1,"$70,000 - $79,999",8,Joe Biden,1,Full-time,1,"The law should permit abortion only in case of rape, incest, or when the woman's",2,Moderately often,3,Both equally,2,Once a week,5,A great deal,2,A great deal,1,About half the time,3,Somewhat easier,2,Neither favor nor oppose,3,Neither favor nor oppose,3,Neither favor nor oppose,3,
63,Male,1,White,3,Yes,1,"$70,000 - $79,999",8,Donald Trump,2,Full-time,1,"The law should permit abortion for reasons other than rape,",3,Never,5,Both equally,2,A few times a year,3,A little,2,None at all,5,Some of the time,4,A lot harder,5,Strongly oppose,1,Strongly favor,5,Neither favor nor oppose,3,
53,Female,2,Black,1,No,0,"$60,000 - $69,999",7,Joe Biden,1,Homemaker,6,"By law, a woman should always be able to obtain an abortion as a matter of perso",4,Never,5,Both equally,2,Seldom,2,A great deal,2,A moderate amount,3,Some of the time,4,About the same,3,Strongly favor,5,Neither favor nor oppose,3,Strongly favor,5,
59,Female,2,White,3,No,0,"$50,000 - $59,999",6,Donald Trump,2,Permanently disabled,7,"The law should permit abortion only in case of rape, incest, or when the woman's",2,Rarely,4,Both equally,2,Seldom,2,None at all,2,None at all,5,Some of the time,4,About the same,3,Somewhat oppose,2,Neither favor nor oppose,3,Neither favor nor oppose,3,
70,Female,2,White,3,Yes,1,"$150,000 - $199,999",6,Joe Biden,1,Part-time,2,"By law, a woman should always be able to obtain an abortion as a matter of perso",4,Rarely,4,Reason and evidence,1,Never,1,A moderate amount,1,A moderate amount,3,Most of the time,2,Somewhat harder,4,Strongly favor,5,Neither favor nor oppose,3,Somewhat favor,4,
34,Female,2,White,3,No,0,"$10,000 - $19,999",2,Donald Trump,2,Permanently disabled,7,"The law should permit abortion only in case of rape, incest, or when the woman's",2,Rarely,4,Both equally,2,Once a week,5,A moderate amount,2,None at all,5,Some of the time,4,A lot harder,5,Neither favor nor oppose,3,Neither favor nor oppose,3,Neither favor nor oppose,3,
62,Male,1,White,3,Yes,1,"$100,000 - $119,999",11,Joe Biden,1,Retired,5,"By law, a woman should always be able to obtain an abortion as a matter of perso",4,Rarely,4,Reason and evidence,1,Seldom,2,A lot,1,A moderate amount,3,Most of the time,2,Somewhat harder,4,Strongly favor,5,Somewhat oppose,2,Somewhat favor,4,
49,Female,2,White,3,No,0,"$10,000 - $19,999",2,Donald Trump,2,Unemployed,3,"The law should permit abortion only in case of rape, incest, or when the woman's",2,Never,5,Both equally,2,Never,1,A moderate amount,2,None at all,5,About half the time,3,About the same,3,Neither favor nor oppose,3,Neither favor nor oppose,3,Neither favor nor oppose,3,
63,Female,2,White,3,No,0,"$60,000 - $69,999",7,Joe Biden,1,Other,8,"By law, a woman should always be able to obtain an abortion as a matter of perso",4,Rarely,4,Reason and evidence,1,Never,1,A little,1,None at all,5,Most of the time,2,Somewhat harder,4,Strongly favor,5,Somewhat favor,4,Somewhat favor,4,
39,Male,1,White,3,No,0,"$100,000 - $119,999",11,Donald Trump,2,Full-time,1,"The law should permit abortion only in case of rape, incest, or when the woman's",2,Very often,2,Reason and evidence,1,A few times a year,3,A little,1,A lot,2,Most of the time,2,Somewhat easier,2,Somewhat favor,4,Somewhat favor,4,Somewhat favor,4,
60,Male,1,White,3,Yes,1,"$70,000 - $79,999",8,Joe Biden,1,Full-time,1,"By law, a woman should always be able to obtain an abortion as a matter of perso",4,Rarely,4,Reason and evidence,1,Never,1,A great deal,1,A little,4,About half the time,3,About the same,3,Strongly favor,5,Strongly oppose,1,Strongly favor,5,
45,Female,2,White,3,No,0,"$50,000 - $59,999",6,Donald Trump,2,Student,4,"By law, a woman should always be able to obtain an abortion as a matter of perso",4,Never,5,Both equally,2,Never,1,A little,2,None at all,5,About half the time,3,Somewhat harder,4,Neither favor nor oppose,3,Neither favor nor oppose,3,Neither favor nor oppose,3,
69,Female,2,Hispanic,2,Yes,1,"$70,000 - $79,999",8,Joe Biden,1,Retired,5,"By law, a woman should always be able to obtain an abortion as a matter of perso",4,Rarely,4,Reason and evidence,1,Never,1,A great deal,1,A moderate amount,3,Most of the time,2,Somewhat easier,2,Strongly favor,5,Somewhat favor,4,Neither favor nor oppose,3,
20,Female,2,Hispanic,2,No,0,"$50,000 - $59,999",6,Joe Biden,1,Student,4,"The law should permit abortion for reasons other than rape,",3,Rarely,4,Reason and evidence,1,Seldom,2,A lot,1,A moderate amount,3,Some of the time,4,Somewhat easier,2,Somewhat favor,4,Somewhat oppose,2,Strongly favor,5,
38,Male,1,White,3,No,0,"$70,000 - $79,999",8,Donald Trump,2,Full-time,1,"The law should permit abortion only in case of rape, incest, or when the woman's",2,Rarely,4,Both equally,2,Once a week,5,None at all,2,None at all,5,Most of the time,2,A lot easier,1,Strongly oppose,1,Neither favor nor oppose,3,Somewhat oppose,2,
55,Male,1,Black,1,Yes,1,"$50,000 - $59,999",6,Joe Biden,1,Full-time,1,"By law, a woman should always be able to obtain an abortion as a matter of perso",4,Moderately often,3,Reason and evidence,1,Seldom,2,A great deal,1,None at all,5,Some of the time,4,A lot harder,5,Somewhat favor,4,Somewhat oppose,2,Strongly favor,5,
63,Female,2,White,3,No,0,"$30,000 - $39,999",4,Donald Trump,2,Retired,5,"By law, a woman should always be able to obtain an abortion as a matter of perso",4,Never,5,Both equally,2,Never,1,A little,2,A little,4,Some of the time,4,A lot harder,5,Neither favor nor oppose,3,Neither favor nor oppose,3,Neither favor nor oppose,3,
59,Female,2,White,3,No,0,"Less than $10,000",1,Donald Trump,2,Permanently disabled,7,"By law, abortion should never be permitted.",1,Never,5,Reason and evidence,1,Never,1,A lot,1,None at all,5,Some of the time,4,About the same,3,Neither favor nor oppose,3,Neither favor nor oppose,3,Neither favor nor oppose,3,
25,Female,2,White,3,No,0,"$20,000 - $29,999",3,Joe Biden,1,Unemployed,3,"By law, a woman should always be able to obtain an abortion as a matter of perso",4,Rarely,4,Reason and evidence,1,Never,1,A great deal,1,A lot,2,About half the time,3,About the same,3,Strongly favor,5,Strongly oppose,1,Strongly favor,5,
53,Female,2,White,3,No,0,"Less than $10,000",1,Joe Biden,1,Permanently disabled,7,"By law, a woman should always be able to obtain an abortion as a matter of perso",4,Rarely,4,Reason and evidence,1,Don't know,7,A great deal,1,A little,4,Most of the time,2,Somewhat easier,2,Somewhat favor,4,Neither favor nor oppose,3,Strongly favor,5,
44,Male,1,Black,1,No,0,"$10,000 - $19,999",2,Donald Trump,2,Temporarily laid off,9,"By law, abortion should never be permitted.",1,Rarely,4,Both equally,2,More than once a week,6,None at all,2,None at all,5,Most of the time,2,About the same,3,Somewhat favor,4,Strongly favor,5,Strongly oppose,1,
45,Female,2,White,3,No,0,"$10,000 - $19,999",2,Donald Trump,2,Part-time,2,"By law, a woman should always be able to obtain an abortion as a matter of perso",4,Rarely,4,Reason and evidence,1,Never,1,A moderate amount,1,A little,4,Some of the time,4,Somewhat harder,4,Strongly oppose,1,Strongly oppose,1,Strongly oppose,1,
41,Male,1,White,3,No,0,"$70,000 - $79,999",8,Donald Trump,2,Full-time,1,"The law should permit abortion for reasons other than rape,",3,Rarely,4,Both equally,2,Seldom,2,None at all,2,None at all,5,About half the time,3,Somewhat harder,4,Strongly oppose,1,Somewhat favor,4,Somewhat oppose,2,
69,Female,2,Black,1,No,0,"$20,000 - $29,999",3,Joe Biden,1,Retired,5,"The law should permit abortion only in case of rape, incest, or when the woman's",2,Moderately often,3,Both equally,2,Seldom,2,A great deal,2,A lot,2,Most of the time,2,Somewhat harder,4,Somewhat favor,4,Neither favor nor oppose,3,Neither favor nor oppose,3,
68,Female,2,White,3,No,0,"$30,000 - $39,999",4,Donald Trump,2,Retired,5,"The law should permit abortion for reasons other than rape,",3,Rarely,4,Religious beliefs,3,Once a week,5,A little,3,None at all,5,Some of the time,4,A lot harder,5,Somewhat favor,4,Strongly favor,5,Somewhat favor,4,
62,Male,1,White,3,No,0,"$100,000 - $119,999",11,Joe Biden,1,Retired,5,"By law, abortion should never be permitted.",1,Moderately often,3,Both equally,2,Once or twice a month,4,A little,2,None at all,5,Most of the time,2,Somewhat harder,4,Strongly favor,5,Strongly favor,5,Somewhat favor,4,
39,Male,1,White,3,No,0,"$80,000 - $99,999",9,Donald Trump,2,Full-time,1,"The law should permit abortion for reasons other than rape,",3,Rarely,4,Reason and evidence,1,Seldom,2,None at all,1,None at all,5,Some of the time,4,About the same,3,Somewhat oppose,2,Neither favor nor oppose,3,Strongly oppose,1,
50,Male,1,White,3,No,0,"$40,000 - $49,999",5,Joe Biden,1,Full-time,1,"The law should permit abortion for reasons other than rape,",3,Rarely,4,Reason and evidence,1,Once or twice a month,4,A little,1,A little,4,Some of the time,4,Somewhat harder,4,Somewhat favor,4,Somewhat oppose,2,Somewhat favor,4,
57,Male,1,White,3,Yes,1,"$50,000 - $59,999",6,Joe Biden,1,Full-time,1,"By law, a woman should always be able to obtain an abortion as a matter of perso",4,Rarely,4,Reason and evidence,1,Never,1,None at all,1,A moderate amount,3,Some of the time,4,Somewhat harder,4,Strongly favor,5,Strongly oppose,1,Strongly oppose,1,
59,Female,2,White,3,No,0,"$20,000 - $29,999",3,Donald Trump,2,Retired,5,"By law, abortion should never be permitted.",1,Rarely,4,Both equally,2,Once a week,5,A moderate amount,2,A moderate amount,3,Most of the time,2,About the same,3,Neither favor nor oppose,3,Neither favor nor oppose,3,Neither favor nor oppose,3,
81,Female,2,Hispanic,2,Yes,1,"$20,000 - $29,999",3,Joe Biden,1,Retired,5,"By law, a woman should always be able to obtain an abortion as a matter of perso",4,Rarely,4,Both equally,2,Never,1,A moderate amount,2,A moderate amount,3,Most of the time,2,A lot easier,1,Strongly favor,5,Neither favor nor oppose,3,Strongly favor,5,
54,Female,2,White,3,No,0,"$20,000 - $29,999",3,Joe Biden,1,Full-time,1,"By law, a woman should always be able to obtain an abortion as a matter of perso",4,Never,5,Reason and evidence,1,Never,1,A great deal,1,A little,4,Never,5,Somewhat easier,2,Strongly favor,5,Strongly favor,5,Strongly oppose,1,
63,Female,2,White,3,No,0,"$20,000 - $29,999",3,Donald Trump,2,Retired,5,"The law should permit abortion only in case of rape, incest, or when the woman's",2,Never,5,Reason and evidence,1,Never,1,None at all,1,None at all,5,Most of the time,2,Somewhat harder,4,Neither favor nor oppose,3,Neither favor nor oppose,3,Neither favor nor oppose,3,
48,Female,2,White,3,No,0,"$80,000 - $99,999",9,Donald Trump,2,Homemaker,6,"The law should permit abortion only in case of rape, incest, or when the woman's",2,Rarely,4,Both equally,2,Never,1,None at all,2,None at all,5,About half the time,3,Somewhat harder,4,Somewhat oppose,2,Somewhat oppose,2,Strongly oppose,1,
20,Female,2,White,3,No,0,"$200,000 - $249,999",13,Joe Biden,1,Unemployed,3,"The law should permit abortion for reasons other than rape,",3,Very often,2,Both equally,2,Once a week,5,A moderate amount,2,A lot,2,Most of the time,2,Somewhat easier,2,Strongly favor,5,Strongly favor,5,Somewhat favor,4,
40,Male,1,Hispanic,2,No,0,"$40,000 - $49,999",5,Joe Biden,1,Retired,5,"By law, abortion should never be permitted.",1,Never,5,Both equally,2,Once a week,5,A moderate amount,2,A moderate amount,3,About half the time,3,About the same,3,Neither favor nor oppose,3,Neither favor nor oppose,3,Neither favor nor oppose,3,
58,Male,1,White,3,No,0,"$10,000 - $19,999",2,Joe Biden,1,Permanently disabled,7,"By law, a woman should always be able to obtain an abortion as a matter of perso",4,Rarely,4,Reason and evidence,1,Never,1,A great deal,1,A lot,2,Some of the time,4,About the same,3,Strongly favor,5,Strongly oppose,1,Strongly favor,5,
66,Female,2,Hispanic,2,No,0,"$30,000 - $39,999",4,Joe Biden,1,Permanently disabled,7,"By law, a woman should always be able to obtain an abortion as a matter of perso",4,Rarely,4,Both equally,2,Seldom,2,A little,2,A little,4,Most of the time,2,Somewhat easier,2,Strongly favor,5,Somewhat favor,4,Somewhat favor,4,
41,Male,1,Hispanic,2,No,0,"Less than $10,000",1,Joe Biden,1,Unemployed,3,"By law, a woman should always be able to obtain an abortion as a matter of perso",4,Moderately often,3,Both equally,2,Never,1,A moderate amount,2,A little,4,Never,5,Somewhat harder,4,Neither favor nor oppose,3,Neither favor nor oppose,3,Somewhat favor,4,
60,Male,1,Black,1,No,0,"$10,000 - $19,999",2,Joe Biden,1,Full-time,1,"By law, a woman should always be able to obtain an abortion as a matter of perso",4,Rarely,4,Both equally,2,Seldom,2,A lot,2,A little,4,Most of the time,2,A lot harder,5,Somewhat oppose,2,Neither favor nor oppose,3,Somewhat favor,4,
62,Female,2,White,3,No,0,"$10,000 - $19,999",2,Joe Biden,1,Full-time,1,"The law should permit abortion only in case of rape, incest, or when the woman's",2,Rarely,4,Both equally,2,A few times a year,3,A moderate amount,2,A moderate amount,3,Never,5,About the same,3,Neither favor nor oppose,3,Neither favor nor oppose,3,Neither favor nor oppose,3,
70,Female,2,Black,1,Yes,1,"$40,000 - $49,999",5,Joe Biden,1,Retired,5,Other,5,Never,5,Both equally,2,Seldom,2,A lot,2,None at all,5,About half the time,3,Somewhat harder,4,Strongly favor,5,Strongly favor,5,Strongly favor,5,
39,Male,1,White,3,No,0,"$10,000 - $19,999",2,Joe Biden,1,Unemployed,3,"The law should permit abortion for reasons other than rape,",3,Rarely,4,Reason and evidence,1,A few times a year,3,A little,1,A little,4,About half the time,3,Somewhat harder,4,Somewhat favor,4,Somewhat favor,4,Somewhat favor,4,
58,Male,1,White,3,Yes,1,"$20,000 - $29,999",3,Joe Biden,1,Permanently disabled,7,"By law, a woman should always be able to obtain an abortion as a matter of perso",4,Rarely,4,Reason and evidence,1,Once a week,5,A lot,1,A little,4,About half the time,3,Somewhat easier,2,Strongly favor,5,Neither favor nor oppose,3,Neither favor nor oppose,3,
22,Male,1,Hispanic,2,Yes,1,"$80,000 - $99,999",9,Donald Trump,2,Part-time,2,"The law should permit abortion for reasons other than rape,",3,Rarely,4,Both equally,2,Once a week,5,A lot,2,A lot,2,Most of the time,2,A lot easier,1,Somewhat oppose,2,Strongly favor,5,Somewhat oppose,2,
75,Female,2,Hispanic,2,No,0,"$60,000 - $69,999",7,Joe Biden,1,Retired,5,"By law, a woman should always be able to obtain an abortion as a matter of perso",4,Rarely,4,Reason and evidence,1,Seldom,2,A moderate amount,1,A moderate amount,3,Most of the time,2,Somewhat easier,2,Neither favor nor oppose,3,Neither favor nor oppose,3,Neither favor nor oppose,3,
22,Female,2,Black,1,No,0,"Less than $10,000",1,Joe Biden,1,Student,4,"The law should permit abortion for reasons other than rape,",3,Rarely,4,Both equally,2,Once a week,5,A moderate amount,2,A lot,2,Never,5,About the same,3,Neither favor nor oppose,3,Neither favor nor oppose,3,Neither favor nor oppose,3,
43,Male,1,Hispanic,2,Yes,1,"$60,000 - $69,999",7,Donald Trump,2,Part-time,2,"The law should permit abortion only in case of rape, incest, or when the woman's",2,Rarely,4,Both equally,2,Once a week,5,A little,2,None at all,5,Most of the time,2,Somewhat harder,4,Neither favor nor oppose,3,Neither favor nor oppose,3,Neither favor nor oppose,3,
60,Female,2,White,3,No,0,"$120,000 - $149,999",3,Donald Trump,2,Homemaker,6,"The law should permit abortion only in case of rape, incest, or when the woman's",2,Rarely,4,Religious beliefs,3,Once a week,5,A little,3,None at all,5,Most of the time,2,A lot easier,1,Somewhat favor,4,Somewhat favor,4,Somewhat favor,4,
18,Male,1,White,3,No,0,"$70,000 - $79,999",8,Donald Trump,2,Full-time,1,"By law, abortion should never be permitted.",1,Moderately often,3,Both equally,2,Once a week,5,None at all,2,None at all,5,Some of the time,4,A lot harder,5,Somewhat favor,4,Strongly favor,5,Strongly oppose,1,
73,Male,1,White,3,No,0,"$120,000 - $149,999",3,Joe Biden,1,Retired,5,"By law, a woman should always be able to obtain an abortion as a matter of perso",4,Rarely,4,Reason and evidence,1,Once a week,5,A lot,1,A little,4,Some of the time,4,Somewhat harder,4,Strongly favor,5,Strongly oppose,1,Strongly favor,5,
40,Male,1,White,3,No,0,"$30,000 - $39,999",4,Joe Biden,1,Full-time,1,"The law should permit abortion for reasons other than rape,",3,Rarely,4,Reason and evidence,1,Never,1,A lot,1,A moderate amount,3,About half the time,3,About the same,3,Somewhat favor,4,Strongly oppose,1,Somewhat favor,4,
60,Female,2,White,3,No,0,"Less than $10,000",1,Donald Trump,2,Part-time,2,"The law should permit abortion only in case of rape, incest, or when the woman's",2,Never,5,Both equally,2,Once or twice a month,4,A moderate amount,2,A moderate amount,3,Never,5,About the same,3,Neither favor nor oppose,3,Neither favor nor oppose,3,Neither favor nor oppose,3,
52,Male,1,White,3,No,0,"$40,000 - $49,999",5,Donald Trump,2,Full-time,1,"The law should permit abortion for reasons other than rape,",3,Rarely,4,Reason and evidence,1,Once or twice a month,4,A lot,1,A moderate amount,3,Some of the time,4,About the same,3,Somewhat favor,4,Somewhat favor,4,Somewhat favor,4,
78,Female,2,Hispanic,2,No,0,"$30,000 - $39,999",4,Donald Trump,2,Retired,5,"By law, a woman should always be able to obtain an abortion as a matter of perso",4,Rarely,4,Both equally,2,Seldom,2,A moderate amount,2,A moderate amount,3,About half the time,3,About the same,3,Neither favor nor oppose,3,Neither favor nor oppose,3,Neither favor nor oppose,3,
54,Male,1,White,3,No,0,"$20,000 - $29,999",3,Donald Trump,2,Other,8,"The law should permit abortion only in case of rape, incest, or when the woman's",2,Never,5,Reason and evidence,1,Never,1,None at all,1,None at all,5,About half the time,3,Somewhat harder,4,Strongly oppose,1,Strongly oppose,1,Strongly favor,5,
33,Female,2,White,3,No,0,"Less than $10,000",1,Donald Trump,2,Permanently disabled,7,"By law, abortion should never be permitted.",1,Never,5,Both equally,2,Seldom,2,None at all,2,None at all,5,Never,5,A lot harder,5,Strongly oppose,1,Strongly oppose,1,Somewhat oppose,2,
62,Female,2,White,3,No,0,"$70,000 - $79,999",8,Donald Trump,2,Full-time,1,Other,5,Rarely,4,Reason and evidence,1,Seldom,2,None at all,1,None at all,5,About half the time,3,A lot harder,5,Neither favor nor oppose,3,Strongly oppose,1,Strongly oppose,1,
63,Female,2,White,3,No,0,"$80,000 - $99,999",9,Donald Trump,2,Full-time,1,"The law should permit abortion only in case of rape, incest, or when the woman's",2,Rarely,4,Both equally,2,Once or twice a month,4,A moderate amount,2,None at all,5,About half the time,3,Somewhat harder,4,Strongly oppose,1,Somewhat favor,4,Neither favor nor oppose,3,
62,Female,2,White,3,Yes,1,"$120,000 - $149,999",3,Donald Trump,2,Full-time,1,"By law, a woman should always be able to obtain an abortion as a matter of perso",4,Rarely,4,Reason and evidence,1,Seldom,2,A little,1,A little,4,Most of the time,2,A lot harder,5,Somewhat oppose,2,Somewhat favor,4,Somewhat favor,4,
48,Female,2,White,3,No,0,"$50,000 - $59,999",6,Donald Trump,2,Full-time,1,"By law, a woman should always be able to obtain an abortion as a matter of perso",4,Rarely,4,Reason and evidence,1,Never,1,A little,1,None at all,5,Most of the time,2,Somewhat harder,4,Somewhat favor,4,Somewhat favor,4,Somewhat favor,4,
29,Male,1,White,3,No,0,"$20,000 - $29,999",3,Joe Biden,1,Full-time,1,"By law, a woman should always be able to obtain an abortion as a matter of perso",4,Moderately often,3,Reason and evidence,1,Never,1,A lot,1,A moderate amount,3,About half the time,3,Somewhat harder,4,Strongly favor,5,Somewhat oppose,2,Strongly favor,5,
43,Male,1,White,3,No,0,"$20,000 - $29,999",3,Joe Biden,1,Permanently disabled,7,"By law, a woman should always be able to obtain an abortion as a matter of perso",4,Moderately often,3,Both equally,2,Once a week,5,A moderate amount,2,A moderate amount,3,Some of the time,4,A lot easier,1,Somewhat favor,4,Strongly oppose,1,Strongly favor,5,
36,Female,2,White,3,Yes,1,"$40,000 - $49,999",5,Donald Trump,2,Homemaker,6,"The law should permit abortion only in case of rape, incest, or when the woman's",2,Very often,2,Reason and evidence,1,Never,1,None at all,1,None at all,5,Some of the time,4,A lot harder,5,Neither favor nor oppose,3,Neither favor nor oppose,3,Neither favor nor oppose,3,
33,Male,1,Black,1,No,0,"$150,000 - $199,999",6,Joe Biden,1,Full-time,1,"The law should permit abortion only in case of rape, incest, or when the woman's",2,Moderately often,3,Both equally,2,More than once a week,6,A great deal,2,A great deal,1,Some of the time,4,A lot easier,1,Strongly favor,5,Somewhat favor,4,Neither favor nor oppose,3,
61,Female,2,Hispanic,2,Yes,1,"$150,000 - $199,999",6,Donald Trump,2,Part-time,2,Other,5,Rarely,4,Reason and evidence,1,A few times a year,3,A little,1,None at all,5,Most of the time,2,A lot harder,5,Somewhat oppose,2,Somewhat favor,4,Somewhat oppose,2,
43,Male,1,White,3,Yes,1,"Less than $10,000",1,Donald Trump,2,Unemployed,3,"By law, abortion should never be permitted.",1,Rarely,4,Both equally,2,Once a week,5,None at all,2,None at all,5,Some of the time,4,About the same,3,Strongly oppose,1,Neither favor nor oppose,3,Strongly oppose,1,
77,Female,2,White,3,Yes,1,"$60,000 - $69,999",7,Donald Trump,2,Homemaker,6,"The law should permit abortion only in case of rape, incest, or when the woman's",2,Never,5,Religious beliefs,3,Once a week,5,None at all,3,None at all,5,Most of the time,2,Somewhat harder,4,Neither favor nor oppose,3,Somewhat favor,4,Somewhat oppose,2,
71,Male,1,White,3,No,0,"$40,000 - $49,999",5,Joe Biden,1,Retired,5,"By law, a woman should always be able to obtain an abortion as a matter of perso",4,Rarely,4,Reason and evidence,1,Never,1,A great deal,1,A moderate amount,3,Most of the time,2,About the same,3,Strongly favor,5,Somewhat favor,4,Neither favor nor oppose,3,
42,Male,1,White,3,No,0,"$30,000 - $39,999",4,Donald Trump,2,Full-time,1,"The law should permit abortion only in case of rape, incest, or when the woman's",2,Moderately often,3,Both equally,2,Once or twice a month,4,A little,2,None at all,5,Most of the time,2,Somewhat easier,2,Strongly oppose,1,Somewhat oppose,2,Neither favor nor oppose,3,
69,Male,1,White,3,No,0,"$30,000 - $39,999",4,Donald Trump,2,Retired,5,"By law, a woman should always be able to obtain an abortion as a matter of perso",4,Rarely,4,Both equally,2,Seldom,2,None at all,2,A moderate amount,3,Never,5,Somewhat harder,4,Strongly favor,5,Somewhat favor,4,Somewhat favor,4,
42,Female,2,White,3,No,0,"$40,000 - $49,999",5,Donald Trump,2,Part-time,2,"The law should permit abortion for reasons other than rape,",3,Moderately often,3,Both equally,2,A few times a year,3,A moderate amount,2,None at all,5,Most of the time,2,Somewhat harder,4,Somewhat favor,4,Somewhat favor,4,Somewhat favor,4,
38,Female,2,Hispanic,2,No,0,"$30,000 - $39,999",4,Joe Biden,1,Full-time,1,"The law should permit abortion for reasons other than rape,",3,Rarely,4,Reason and evidence,1,Once or twice a month,4,A moderate amount,1,A moderate amount,3,Most of the time,2,Somewhat harder,4,Somewhat favor,4,Somewhat favor,4,Strongly favor,5,
78,Male,1,Hispanic,2,No,0,"$30,000 - $39,999",4,Joe Biden,1,Retired,5,"The law should permit abortion only in case of rape, incest, or when the woman's",2,Rarely,4,Both equally,2,Once a week,5,A moderate amount,2,A moderate amount,3,Most of the time,2,A lot harder,5,Somewhat favor,4,Somewhat favor,4,Neither favor nor oppose,3,
26,Male,1,Hispanic,2,Yes,1,"$60,000 - $69,999",7,Joe Biden,1,Other,8,"By law, a woman should always be able to obtain an abortion as a matter of perso",4,Moderately often,3,Reason and evidence,1,A few times a year,3,A moderate amount,1,A little,4,About half the time,3,A lot easier,1,Strongly favor,5,Somewhat oppose,2,Strongly favor,5,
22,Male,1,White,3,No,0,"Less than $10,000",1,Joe Biden,1,Full-time,1,"By law, a woman should always be able to obtain an abortion as a matter of perso",4,Moderately often,3,Reason and evidence,1,Never,1,A lot,1,A moderate amount,3,Some of the time,4,A lot easier,1,Neither favor nor oppose,3,Neither favor nor oppose,3,Strongly favor,5,
19,Female,2,Hispanic,2,No,0,"$10,000 - $19,999",2,Donald Trump,2,Unemployed,3,"By law, a woman should always be able to obtain an abortion as a matter of perso",4,Rarely,4,Reason and evidence,1,Seldom,2,A great deal,1,A lot,2,Never,5,A lot easier,1,Strongly favor,5,Strongly oppose,1,Strongly favor,5,
43,Female,2,White,3,No,0,"$50,000 - $59,999",6,Joe Biden,1,Unemployed,3,"The law should permit abortion only in case of rape, incest, or when the woman's",2,Never,5,Both equally,2,A few times a year,3,A moderate amount,2,A moderate amount,3,About half the time,3,Somewhat harder,4,Neither favor nor oppose,3,Somewhat oppose,2,Neither favor nor oppose,3,
28,Female,2,White,3,No,0,"$50,000 - $59,999",6,Joe Biden,1,Full-time,1,"By law, a woman should always be able to obtain an abortion as a matter of perso",4,Rarely,4,Reason and evidence,1,Never,1,A little,1,None at all,5,Most of the time,2,About the same,3,Somewhat oppose,2,Somewhat oppose,2,Neither favor nor oppose,3,
30,Male,1,White,3,No,0,"$20,000 - $29,999",3,Joe Biden,1,Unemployed,3,Other,5,Moderately often,3,Both equally,2,Seldom,2,A moderate amount,2,A little,4,Most of the time,2,About the same,3,Neither favor nor oppose,3,Neither favor nor oppose,3,Neither favor nor oppose,3,
32,Male,1,Hispanic,2,No,0,"$120,000 - $149,999",3,Donald Trump,2,Full-time,1,"The law should permit abortion for reasons other than rape,",3,Moderately often,3,Reason and evidence,1,Seldom,2,A little,1,None at all,5,Most of the time,2,About the same,3,Somewhat favor,4,Somewhat favor,4,Neither favor nor oppose,3,
23,Female,2,Black,1,No,0,"Less than $10,000",1,Joe Biden,1,Student,4,"The law should permit abortion only in case of rape, incest, or when the woman's",2,Extremely often,1,Reason and evidence,1,Once or twice a month,4,A great deal,1,A great deal,1,Most of the time,2,Somewhat easier,2,Strongly favor,5,Strongly favor,5,Strongly favor,5,
30,Female,2,White,3,No,0,"$20,000 - $29,999",3,Donald Trump,2,Full-time,1,"The law should permit abortion for reasons other than rape,",3,Rarely,4,Both equally,2,Seldom,2,A little,2,None at all,5,Most of the time,2,About the same,3,Strongly oppose,1,Strongly favor,5,Strongly oppose,1,
61,Male,1,White,3,Yes,1,"$150,000 - $199,999",6,Donald Trump,2,Full-time,1,"By law, a woman should always be able to obtain an abortion as a matter of perso",4,Rarely,4,Reason and evidence,1,A few times a year,3,None at all,1,A little,4,Most of the time,2,A lot harder,5,Somewhat favor,4,Somewhat oppose,2,Somewhat oppose,2,
46,Male,1,White,3,No,0,"$100,000 - $119,999",11,Donald Trump,2,Full-time,1,"By law, abortion should never be permitted.",1,Never,5,Both equally,2,Once a week,5,None at all,2,None at all,5,Most of the time,2,A lot harder,5,Strongly oppose,1,Somewhat favor,4,Somewhat oppose,2,
31,Female,2,White,3,No,0,"$80,000 - $99,999",9,Donald Trump,2,Part-time,2,"The law should permit abortion only in case of rape, incest, or when the woman's",2,Never,5,Both equally,2,Once a week,5,A little,2,None at all,5,Some of the time,4,About the same,3,Neither favor nor oppose,3,Neither favor nor oppose,3,Somewhat oppose,2,
21,Male,1,Hispanic,2,Yes,1,"$20,000 - $29,999",3,Donald Trump,2,Full-time,1,"The law should permit abortion for reasons other than rape,",3,Extremely often,1,Both equally,2,Once or twice a month,4,A little,2,A lot,2,Most of the time,2,Somewhat easier,2,Somewhat oppose,2,Somewhat favor,4,Neither favor nor oppose,3,
22,Female,2,White,3,No,0,"$20,000 - $29,999",3,Donald Trump,2,Unemployed,3,"By law, abortion should never be permitted.",1,Rarely,4,Both equally,2,Don't know,7,A moderate amount,2,A moderate amount,3,Some of the time,4,A lot harder,5,Neither favor nor oppose,3,Neither favor nor oppose,3,Neither favor nor oppose,3,
20,Female,2,White,3,No,0,"$30,000 - $39,999",4,Joe Biden,1,Full-time,1,"By law, abortion should never be permitted.",1,Rarely,4,Reason and evidence,1,Once or twice a month,4,A moderate amount,1,A moderate amount,3,Most of the time,2,About the same,3,Somewhat oppose,2,Somewhat oppose,2,Strongly oppose,1,
56,Male,1,Hispanic,2,No,0,"$80,000 - $99,999",9,Donald Trump,2,Part-time,2,"By law, abortion should never be permitted.",1,Very often,2,Reason and evidence,1,More than once a week,6,A great deal,1,A great deal,1,About half the time,3,Somewhat easier,2,Neither favor nor oppose,3,Neither favor nor oppose,3,Neither favor nor oppose,3,
20,Female,2,White,3,No,0,"Less than $10,000",1,Donald Trump,2,Unemployed,3,"The law should permit abortion for reasons other than rape,",3,Moderately often,3,Reason and evidence,1,Never,1,A little,1,A little,4,Never,5,About the same,3,Somewhat favor,4,Neither favor nor oppose,3,Neither favor nor oppose,3,
20,Male,1,White,3,No,0,"$150,000 - $199,999",6,Donald Trump,2,Student,4,"The law should permit abortion for reasons other than rape,",3,Moderately often,3,Reason and evidence,1,Never,1,A moderate amount,1,A little,4,Some of the time,4,A lot harder,5,Somewhat oppose,2,Neither favor nor oppose,3,Somewhat oppose,2,
28,Male,1,White,3,No,0,"$20,000 - $29,999",3,Donald Trump,2,Unemployed,3,"By law, a woman should always be able to obtain an abortion as a matter of perso",4,Moderately often,3,Both equally,2,Never,1,A moderate amount,2,A moderate amount,3,About half the time,3,About the same,3,Neither favor nor oppose,3,Somewhat oppose,2,Neither favor nor oppose,3,
43,Male,1,White,3,No,0,"$120,000 - $149,999",3,Donald Trump,2,Full-time,1,"The law should permit abortion only in case of rape, incest, or when the woman's",2,Rarely,4,Both equally,2,Once a week,5,A little,2,None at all,5,Some of the time,4,About the same,3,Somewhat oppose,2,Somewhat oppose,2,Strongly oppose,1,
20,Female,2,White,3,No,0,"$30,000 - $39,999",4,Joe Biden,1,Homemaker,6,"By law, a woman should always be able to obtain an abortion as a matter of perso",4,Moderately often,3,Both equally,2,A few times a year,3,A moderate amount,2,None at all,5,Some of the time,4,Somewhat easier,2,Somewhat oppose,2,Neither favor nor oppose,3,Strongly favor,5,
30,Female,2,White,3,No,0,"$70,000 - $79,999",8,Donald Trump,2,Homemaker,6,"By law, a woman should always be able to obtain an abortion as a matter of perso",4,Rarely,4,Religious beliefs,3,Once or twice a month,4,A little,3,A moderate amount,3,Some of the time,4,Somewhat easier,2,Somewhat oppose,2,Neither favor nor oppose,3,Neither favor nor oppose,3,
58,Female,2,Hispanic,2,No,0,"$120,000 - $149,999",3,Donald Trump,2,Part-time,2,"By law, a woman should always be able to obtain an abortion as a matter of perso",4,Rarely,4,Both equally,2,Once a week,5,A moderate amount,2,None at all,5,Most of the time,2,About the same,3,Neither favor nor oppose,3,Neither favor nor oppose,3,Somewhat oppose,2,
42,Female,2,White,3,No,0,"$60,000 - $69,999",7,Joe Biden,1,Homemaker,6,"By law, a woman should always be able to obtain an abortion as a matter of perso",4,Rarely,4,Reason and evidence,1,Never,1,A lot,1,A little,4,Most of the time,2,A lot harder,5,Somewhat favor,4,Neither favor nor oppose,3,Neither favor nor oppose,3,
27,Male,1,White,3,No,0,"$40,000 - $49,999",5,Donald Trump,2,Full-time,1,"The law should permit abortion only in case of rape, incest, or when the woman's",2,Moderately often,3,Reason and evidence,1,Seldom,2,A little,1,None at all,5,About half the time,3,A lot harder,5,Somewhat oppose,2,Strongly oppose,1,Neither favor nor oppose,3,
32,Female,2,Black,1,No,0,"$70,000 - $79,999",8,Joe Biden,1,Full-time,1,"The law should permit abortion for reasons other than rape,",3,Rarely,4,Reason and evidence,1,Seldom,2,A great deal,1,A lot,2,About half the time,3,Somewhat easier,2,Neither favor nor oppose,3,Neither favor nor oppose,3,Neither favor nor oppose,3,
43,Female,2,White,3,No,0,"$70,000 - $79,999",8,Donald Trump,2,Full-time,1,"By law, a woman should always be able to obtain an abortion as a matter of perso",4,Never,5,Reason and evidence,1,Never,1,A great deal,1,None at all,5,About half the time,3,Somewhat harder,4,Somewhat favor,4,Somewhat favor,4,Somewhat favor,4,
20,Male,1,White,3,No,0,"$80,000 - $99,999",9,Joe Biden,1,Student,4,"The law should permit abortion for reasons other than rape,",3,Never,5,Reason and evidence,1,A few times a year,3,A lot,1,A moderate amount,3,Most of the time,2,Somewhat easier,2,Neither favor nor oppose,3,Neither favor nor oppose,3,Somewhat favor,4,
64,Male,1,White,3,No,0,"$70,000 - $79,999",8,Donald Trump,2,Permanently disabled,7,"The law should permit abortion only in case of rape, incest, or when the woman's",2,Rarely,4,Both equally,2,Once a week,5,A little,2,None at all,5,Some of the time,4,A lot harder,5,Somewhat favor,4,Strongly favor,5,Strongly oppose,1,
78,Female,2,White,3,Yes,1,"$60,000 - $69,999",7,Donald Trump,2,Retired,5,"The law should permit abortion only in case of rape, incest, or when the woman's",2,Rarely,4,Reason and evidence,1,Seldom,2,A little,1,None at all,5,Some of the time,4,Somewhat easier,2,Strongly oppose,1,Strongly oppose,1,Strongly favor,5,
20,Male,1,White,3,No,0,"Less than $10,000",1,Joe Biden,1,Student,4,"By law, abortion should never be permitted.",1,Never,5,Both equally,2,More than once a week,6,A lot,2,A moderate amount,3,About half the time,3,Somewhat easier,2,Somewhat favor,4,Somewhat favor,4,Somewhat favor,4,
23,Male,1,White,3,No,0,"$20,000 - $29,999",3,Joe Biden,1,Unemployed,3,"The law should permit abortion for reasons other than rape,",3,Moderately often,3,Both equally,2,Once or twice a month,4,A moderate amount,2,A lot,2,Most of the time,2,Somewhat easier,2,Somewhat favor,4,Somewhat favor,4,Neither favor nor oppose,3,
70,Female,2,White,3,No,0,"$10,000 - $19,999",2,Donald Trump,2,Retired,5,"By law, a woman should always be able to obtain an abortion as a matter of perso",4,Rarely,4,Both equally,2,Once or twice a month,4,A little,2,A little,4,Some of the time,4,Somewhat harder,4,Neither favor nor oppose,3,Somewhat favor,4,Neither favor nor oppose,3,
34,Male,1,White,3,No,0,"$100,000 - $119,999",11,Donald Trump,2,Full-time,1,"The law should permit abortion only in case of rape, incest, or when the woman's",2,Rarely,4,Both equally,2,Seldom,2,None at all,2,None at all,5,Some of the time,4,A lot harder,5,Strongly oppose,1,Strongly oppose,1,Strongly oppose,1,
29,Female,2,White,3,No,0,"$40,000 - $49,999",5,Donald Trump,2,Unemployed,3,"By law, a woman should always be able to obtain an abortion as a matter of perso",4,Rarely,4,Both equally,2,Never,1,A moderate amount,2,A lot,2,Some of the time,4,Somewhat harder,4,Somewhat oppose,2,Neither favor nor oppose,3,Somewhat oppose,2,
23,Female,2,Hispanic,2,Yes,1,"$40,000 - $49,999",5,Joe Biden,1,Full-time,1,"The law should permit abortion only in case of rape, incest, or when the woman's",2,Moderately often,3,Reason and evidence,1,Once a week,5,A lot,1,A moderate amount,3,Never,5,Somewhat easier,2,Strongly favor,5,Strongly oppose,1,Strongly favor,5,
34,Male,1,Black,1,No,0,"$70,000 - $79,999",8,Joe Biden,1,Full-time,1,"By law, a woman should always be able to obtain an abortion as a matter of perso",4,Rarely,4,Reason and evidence,1,Never,1,A moderate amount,1,None at all,5,Never,5,Somewhat easier,2,Strongly favor,5,Neither favor nor oppose,3,Strongly favor,5,
43,Female,2,White,3,No,0,"Less than $10,000",1,Joe Biden,1,Permanently disabled,7,"The law should permit abortion only in case of rape, incest, or when the woman's",2,Moderately often,3,Reason and evidence,1,Never,1,A lot,1,A lot,2,About half the time,3,A lot easier,1,Strongly oppose,1,Strongly oppose,1,Strongly oppose,1,
63,Male,1,Hispanic,2,No,0,"$40,000 - $49,999",5,Donald Trump,2,Retired,5,"The law should permit abortion for reasons other than rape,",3,Rarely,4,Reason and evidence,1,Seldom,2,A little,1,None at all,5,Some of the time,4,A lot harder,5,Strongly oppose,1,Somewhat favor,4,Somewhat oppose,2,
43,Male,1,White,3,Yes,1,"$100,000 - $119,999",11,Joe Biden,1,Full-time,1,"The law should permit abortion only in case of rape, incest, or when the woman's",2,Moderately often,3,Both equally,2,Never,1,A lot,2,A great deal,1,Most of the time,2,A lot easier,1,Strongly favor,5,Strongly favor,5,Strongly favor,5,
59,Male,1,White,3,Yes,1,"$100,000 - $119,999",11,Donald Trump,2,Full-time,1,"By law, a woman should always be able to obtain an abortion as a matter of perso",4,Rarely,4,Reason and evidence,1,Never,1,None at all,1,None at all,5,Most of the time,2,About the same,3,Strongly oppose,1,Somewhat favor,4,Neither favor nor oppose,3,
65,Female,2,White,3,No,0,"$20,000 - $29,999",3,Donald Trump,2,Part-time,2,Other,5,Rarely,4,Reason and evidence,1,Seldom,2,None at all,1,None at all,5,Some of the time,4,A lot harder,5,Somewhat oppose,2,Strongly oppose,1,Strongly oppose,1,
32,Female,2,White,3,No,0,"$50,000 - $59,999",6,Joe Biden,1,Full-time,1,"By law, a woman should always be able to obtain an abortion as a matter of perso",4,Moderately often,3,Reason and evidence,1,Once or twice a month,4,A great deal,1,A little,4,Most of the time,2,Somewhat easier,2,Neither favor nor oppose,3,Neither favor nor oppose,3,Neither favor nor oppose,3,
36,Female,2,White,3,Yes,1,"$350,000 - $499,999",6,Joe Biden,1,Full-time,1,"By law, a woman should always be able to obtain an abortion as a matter of perso",4,Rarely,4,Reason and evidence,1,Once or twice a month,4,A moderate amount,1,A little,4,About half the time,3,Somewhat easier,2,Somewhat favor,4,Somewhat oppose,2,Somewhat favor,4,
69,Female,2,Hispanic,2,No,0,"$30,000 - $39,999",4,Donald Trump,2,Retired,5,"The law should permit abortion only in case of rape, incest, or when the woman's",2,Rarely,4,Both equally,2,Seldom,2,None at all,2,None at all,5,Some of the time,4,A lot harder,5,Somewhat oppose,2,Somewhat oppose,2,Somewhat oppose,2,
82,Male,1,White,3,No,0,"$10,000 - $19,999",2,Donald Trump,2,Retired,5,"The law should permit abortion only in case of rape, incest, or when the woman's",2,Rarely,4,Reason and evidence,1,Never,1,A little,1,None at all,5,About half the time,3,Somewhat easier,2,Strongly favor,5,Strongly favor,5,Somewhat oppose,2,
63,Female,2,White,3,Yes,1,"$80,000 - $99,999",9,Joe Biden,1,Full-time,1,"By law, a woman should always be able to obtain an abortion as a matter of perso",4,Rarely,4,Reason and evidence,1,Never,1,A great deal,1,A little,4,Most of the time,2,A lot easier,1,Strongly favor,5,Strongly oppose,1,Strongly favor,5,
64,Male,1,White,3,No,0,"$50,000 - $59,999",6,Donald Trump,2,Full-time,1,"The law should permit abortion only in case of rape, incest, or when the woman's",2,Rarely,4,Both equally,2,A few times a year,3,None at all,2,None at all,5,Some of the time,4,A lot harder,5,Somewhat favor,4,Strongly favor,5,Strongly oppose,1,
68,Female,2,White,3,No,0,"$30,000 - $39,999",4,Donald Trump,2,Retired,5,"By law, abortion should never be permitted.",1,Never,5,Religious beliefs,3,Once a week,5,A moderate amount,3,None at all,5,Most of the time,2,A lot harder,5,Somewhat favor,4,Somewhat favor,4,Strongly oppose,1,
77,Male,1,White,3,No,0,"$10,000 - $19,999",2,Donald Trump,2,Retired,5,"The law should permit abortion only in case of rape, incest, or when the woman's",2,Rarely,4,Both equally,2,Never,1,A little,2,A moderate amount,3,About half the time,3,A lot harder,5,Neither favor nor oppose,3,Somewhat favor,4,Strongly oppose,1,
30,Female,2,Hispanic,2,Yes,1,"$70,000 - $79,999",8,Joe Biden,1,Full-time,1,"The law should permit abortion only in case of rape, incest, or when the woman's",2,Moderately often,3,Both equally,2,A few times a year,3,A little,2,A lot,2,About half the time,3,About the same,3,Neither favor nor oppose,3,Somewhat oppose,2,Somewhat oppose,2,
50,Male,1,White,3,No,0,"Less than $10,000",1,Joe Biden,1,Unemployed,3,"The law should permit abortion for reasons other than rape,",3,Rarely,4,Reason and evidence,1,Seldom,2,A moderate amount,1,A great deal,1,About half the time,3,Somewhat harder,4,Neither favor nor oppose,3,Neither favor nor oppose,3,Neither favor nor oppose,3,
59,Male,1,White,3,No,0,"$10,000 - $19,999",2,Donald Trump,2,Permanently disabled,7,"The law should permit abortion only in case of rape, incest, or when the woman's",2,Rarely,4,Reason and evidence,1,Never,1,None at all,1,None at all,5,Most of the time,2,About the same,3,Somewhat favor,4,Strongly favor,5,Neither favor nor oppose,3,
56,Male,1,White,3,No,0,"$30,000 - $39,999",4,Joe Biden,1,Permanently disabled,7,"By law, a woman should always be able to obtain an abortion as a matter of perso",4,Rarely,4,Both equally,2,Never,1,None at all,2,A moderate amount,3,Some of the time,4,A lot harder,5,Somewhat favor,4,Neither favor nor oppose,3,Neither favor nor oppose,3,
68,Female,2,White,3,No,0,"$100,000 - $119,999",11,Donald Trump,2,Retired,5,Other,5,Rarely,4,Both equally,2,Seldom,2,A little,2,None at all,5,About half the time,3,About the same,3,Strongly oppose,1,Strongly favor,5,Strongly oppose,1,
47,Male,1,Black,1,No,0,"$100,000 - $119,999",11,Joe Biden,1,Full-time,1,"The law should permit abortion only in case of rape, incest, or when the woman's",2,Rarely,4,Both equally,2,A few times a year,3,A moderate amount,2,None at all,5,About half the time,3,A lot easier,1,Strongly favor,5,Strongly favor,5,Strongly favor,5,
19,Female,2,Hispanic,2,No,0,"$70,000 - $79,999",8,Joe Biden,1,Student,4,"The law should permit abortion only in case of rape, incest, or when the woman's",2,Rarely,4,Reason and evidence,1,A few times a year,3,A lot,1,None at all,5,About half the time,3,A lot easier,1,Neither favor nor oppose,3,Neither favor nor oppose,3,Neither favor nor oppose,3,
73,Male,1,Black,1,No,0,"$20,000 - $29,999",3,Joe Biden,1,Permanently disabled,7,"By law, a woman should always be able to obtain an abortion as a matter of perso",4,Never,5,Both equally,2,More than once a week,6,A moderate amount,2,None at all,5,Some of the time,4,Somewhat harder,4,Strongly favor,5,Neither favor nor oppose,3,Strongly favor,5,
58,Female,2,White,3,Yes,1,"$80,000 - $99,999",9,Joe Biden,1,Permanently disabled,7,"The law should permit abortion for reasons other than rape,",3,Rarely,4,Both equally,2,A few times a year,3,A moderate amount,2,None at all,5,Some of the time,4,Somewhat harder,4,Strongly favor,5,Neither favor nor oppose,3,Somewhat favor,4,
66,Male,1,White,3,No,0,"$20,000 - $29,999",3,Donald Trump,2,Part-time,2,"The law should permit abortion only in case of rape, incest, or when the woman's",2,Moderately often,3,Both equally,2,Seldom,2,None at all,2,None at all,5,About half the time,3,A lot harder,5,Strongly favor,5,Strongly favor,5,Somewhat favor,4,
74,Male,1,White,3,No,0,"$50,000 - $59,999",6,Joe Biden,1,Retired,5,"The law should permit abortion for reasons other than rape,",3,Rarely,4,Both equally,2,Once a week,5,A moderate amount,2,None at all,5,Most of the time,2,Somewhat harder,4,Strongly favor,5,Strongly oppose,1,Somewhat favor,4,
35,Female,2,White,3,No,0,"$60,000 - $69,999",7,Donald Trump,2,Homemaker,6,"The law should permit abortion only in case of rape, incest, or when the woman's",2,Never,5,Reason and evidence,1,Never,1,A lot,1,A little,4,Some of the time,4,About the same,3,Neither favor nor oppose,3,Neither favor nor oppose,3,Neither favor nor oppose,3,
50,Male,1,White,3,No,0,"$100,000 - $119,999",11,Joe Biden,1,Full-time,1,"By law, a woman should always be able to obtain an abortion as a matter of perso",4,Rarely,4,Reason and evidence,1,Never,1,A moderate amount,1,A little,4,Never,5,Somewhat easier,2,Somewhat favor,4,Somewhat oppose,2,Strongly favor,5,
66,Male,1,White,3,No,0,"$50,000 - $59,999",6,Donald Trump,2,Part-time,2,Other,5,Rarely,4,Reason and evidence,1,Seldom,2,None at all,1,None at all,5,About half the time,3,A lot harder,5,Somewhat favor,4,Strongly favor,5,Strongly oppose,1,
39,Female,2,White,3,Yes,1,"$150,000 - $199,999",6,Joe Biden,1,Full-time,1,"By law, a woman should always be able to obtain an abortion as a matter of perso",4,Rarely,4,Reason and evidence,1,A few times a year,3,A great deal,1,A moderate amount,3,Most of the time,2,Somewhat easier,2,Strongly favor,5,Somewhat oppose,2,Strongly favor,5,
53,Male,1,White,3,No,0,"$150,000 - $199,999",6,Joe Biden,1,Full-time,1,"The law should permit abortion for reasons other than rape,",3,Rarely,4,Reason and evidence,1,Never,1,A great deal,1,None at all,5,Most of the time,2,A lot easier,1,Strongly favor,5,Somewhat oppose,2,Strongly favor,5,
67,Female,2,White,3,No,0,"$10,000 - $19,999",2,Joe Biden,1,Retired,5,"The law should permit abortion only in case of rape, incest, or when the woman's",2,Never,5,Both equally,2,Seldom,2,A moderate amount,2,None at all,5,About half the time,3,A lot harder,5,Strongly oppose,1,Strongly oppose,1,Strongly oppose,1,
62,Male,1,White,3,No,0,"$80,000 - $99,999",9,Donald Trump,2,Part-time,2,Other,5,Never,5,Reason and evidence,1,A few times a year,3,A moderate amount,1,None at all,5,Most of the time,2,A lot easier,1,Strongly favor,5,Strongly favor,5,Neither favor nor oppose,3,
45,Female,2,Hispanic,2,No,0,"$10,000 - $19,999",2,Donald Trump,2,Homemaker,6,"By law, abortion should never be permitted.",1,Never,5,Both equally,2,Once a week,5,A lot,2,None at all,5,Some of the time,4,Somewhat harder,4,Neither favor nor oppose,3,Somewhat favor,4,Somewhat favor,4,
81,Male,1,White,3,No,0,"$50,000 - $59,999",6,Donald Trump,2,Retired,5,"The law should permit abortion only in case of rape, incest, or when the woman's",2,Rarely,4,Reason and evidence,1,Seldom,2,None at all,1,A moderate amount,3,Most of the time,2,About the same,3,Strongly favor,5,Strongly favor,5,Neither favor nor oppose,3,
69,Female,2,White,3,No,0,"$80,000 - $99,999",9,Donald Trump,2,Retired,5,"The law should permit abortion only in case of rape, incest, or when the woman's",2,Rarely,4,Reason and evidence,1,Once a week,5,A moderate amount,1,None at all,5,About half the time,3,A lot harder,5,Strongly oppose,1,Strongly oppose,1,Strongly oppose,1,
66,Female,2,Black,1,No,0,"$40,000 - $49,999",5,Joe Biden,1,Permanently disabled,7,Other,5,Rarely,4,Both equally,2,More than once a week,6,None at all,2,None at all,5,About half the time,3,Somewhat easier,2,Neither favor nor oppose,3,Neither favor nor oppose,3,Neither favor nor oppose,3,
61,Male,1,Black,1,No,0,"$20,000 - $29,999",3,Donald Trump,2,Retired,5,"By law, a woman should always be able to obtain an abortion as a matter of perso",4,Extremely often,1,Religious beliefs,3,Never,1,A great deal,3,A moderate amount,3,Never,5,About the same,3,Strongly oppose,1,Somewhat favor,4,Strongly favor,5,
60,Male,1,White,3,Yes,1,"$40,000 - $49,999",5,Donald Trump,2,Full-time,1,"The law should permit abortion only in case of rape, incest, or when the woman's",2,Rarely,4,Reason and evidence,1,Seldom,2,None at all,1,None at all,5,Never,5,A lot harder,5,Somewhat favor,4,Somewhat favor,4,Strongly oppose,1,
29,Male,1,Black,1,No,0,"Less than $10,000",1,Joe Biden,1,Homemaker,6,"By law, abortion should never be permitted.",1,Rarely,4,Both equally,2,Once a week,5,A great deal,2,A great deal,1,Most of the time,2,A lot easier,1,Strongly favor,5,Strongly favor,5,Somewhat oppose,2,
27,Male,1,White,3,No,0,"Less than $10,000",1,Donald Trump,2,Unemployed,3,"The law should permit abortion for reasons other than rape,",3,Rarely,4,Reason and evidence,1,Seldom,2,None at all,1,None at all,5,Some of the time,4,A lot harder,5,Strongly oppose,1,Strongly oppose,1,Strongly oppose,1,
67,Female,2,White,3,No,0,"$50,000 - $59,999",6,Donald Trump,2,Full-time,1,"By law, abortion should never be permitted.",1,Rarely,4,Religious beliefs,3,Seldom,2,None at all,3,None at all,5,Most of the time,2,A lot harder,5,Somewhat favor,4,Strongly favor,5,Neither favor nor oppose,3,
72,Female,2,White,3,No,0,"$30,000 - $39,999",4,Joe Biden,1,Retired,5,"By law, a woman should always be able to obtain an abortion as a matter of perso",4,Never,5,Reason and evidence,1,Seldom,2,A lot,1,A little,4,Most of the time,2,Somewhat easier,2,Somewhat favor,4,Somewhat favor,4,Somewhat favor,4,
56,Male,1,White,3,Yes,1,"$100,000 - $119,999",11,Joe Biden,1,Part-time,2,"By law, a woman should always be able to obtain an abortion as a matter of perso",4,Never,5,Reason and evidence,1,Seldom,2,A lot,1,A little,4,About half the time,3,Somewhat harder,4,Strongly oppose,1,Strongly oppose,1,Strongly oppose,1,
72,Male,1,White,3,Yes,1,"$60,000 - $69,999",7,Joe Biden,1,Retired,5,"By law, a woman should always be able to obtain an abortion as a matter of perso",4,Rarely,4,Reason and evidence,1,Never,1,A lot,1,A moderate amount,3,About half the time,3,Somewhat harder,4,Somewhat favor,4,Strongly oppose,1,Somewhat favor,4,
75,Male,1,White,3,Yes,1,"$10,000 - $19,999",2,Donald Trump,2,Retired,5,"By law, a woman should always be able to obtain an abortion as a matter of perso",4,Never,5,Reason and evidence,1,Seldom,2,A great deal,1,None at all,5,Some of the time,4,A lot harder,5,Somewhat oppose,2,Somewhat oppose,2,Strongly oppose,1,
65,Male,1,White,3,Yes,1,"$40,000 - $49,999",5,Donald Trump,2,Retired,5,"The law should permit abortion only in case of rape, incest, or when the woman's",2,Moderately often,3,Both equally,2,Never,1,None at all,2,None at all,5,About half the time,3,Somewhat harder,4,Somewhat favor,4,Somewhat favor,4,Somewhat oppose,2,
44,Female,2,Hispanic,2,No,0,"$30,000 - $39,999",4,Donald Trump,2,Homemaker,6,"The law should permit abortion only in case of rape, incest, or when the woman's",2,Rarely,4,Both equally,2,Seldom,2,A lot,2,None at all,5,Some of the time,4,Somewhat easier,2,Neither favor nor oppose,3,Neither favor nor oppose,3,Neither favor nor oppose,3,
64,Female,2,White,3,No,0,"$200,000 - $249,999",13,Joe Biden,1,Retired,5,"By law, a woman should always be able to obtain an abortion as a matter of perso",4,Never,5,Reason and evidence,1,Seldom,2,A lot,1,A moderate amount,3,Most of the time,2,About the same,3,Strongly favor,5,Somewhat oppose,2,Strongly favor,5,
43,Female,2,White,3,Yes,1,"$120,000 - $149,999",3,Joe Biden,1,Full-time,1,"The law should permit abortion for reasons other than rape,",3,Moderately often,3,Both equally,2,Once a week,5,A lot,2,A lot,2,Most of the time,2,Somewhat easier,2,Somewhat favor,4,Somewhat favor,4,Somewhat favor,4,
38,Male,1,White,3,No,0,"$150,000 - $199,999",6,Donald Trump,2,Full-time,1,"By law, a woman should always be able to obtain an abortion as a matter of perso",4,Rarely,4,Both equally,2,Seldom,2,None at all,2,None at all,5,Some of the time,4,Somewhat easier,2,Neither favor nor oppose,3,Neither favor nor oppose,3,Strongly oppose,1,
70,Female,2,White,3,No,0,"$70,000 - $79,999",8,Joe Biden,1,Retired,5,"By law, a woman should always be able to obtain an abortion as a matter of perso",4,Rarely,4,Both equally,2,Once a week,5,A moderate amount,2,A little,4,Some of the time,4,About the same,3,Strongly favor,5,Somewhat favor,4,Strongly favor,5,
81,Female,2,White,3,Yes,1,"$20,000 - $29,999",3,Donald Trump,2,Retired,5,"By law, abortion should never be permitted.",1,Never,5,Religious beliefs,3,A few times a year,3,None at all,3,None at all,5,Most of the time,2,A lot harder,5,Somewhat favor,4,Strongly favor,5,Strongly favor,5,
73,Female,2,White,3,Yes,1,"$80,000 - $99,999",9,Joe Biden,1,Retired,5,"By law, a woman should always be able to obtain an abortion as a matter of perso",4,Rarely,4,Both equally,2,Once a week,5,A moderate amount,2,None at all,5,Most of the time,2,Somewhat harder,4,Strongly favor,5,Somewhat favor,4,Somewhat favor,4,
69,Male,1,White,3,No,0,"$20,000 - $29,999",3,Joe Biden,1,Retired,5,"The law should permit abortion only in case of rape, incest, or when the woman's",2,Never,5,Both equally,2,Once or twice a month,4,A moderate amount,2,A little,4,Some of the time,4,A lot harder,5,Somewhat favor,4,Somewhat favor,4,Somewhat favor,4,
72,Male,1,White,3,Yes,1,"$100,000 - $119,999",11,Donald Trump,2,Retired,5,"By law, a woman should always be able to obtain an abortion as a matter of perso",4,Rarely,4,Both equally,2,Never,1,A little,2,A little,4,Some of the time,4,A lot harder,5,Somewhat favor,4,Strongly favor,5,Somewhat oppose,2,
50,Male,1,White,3,No,0,"$30,000 - $39,999",4,Donald Trump,2,Full-time,1,"The law should permit abortion only in case of rape, incest, or when the woman's",2,Rarely,4,Reason and evidence,1,Seldom,2,None at all,1,None at all,5,About half the time,3,About the same,3,Neither favor nor oppose,3,Strongly favor,5,Strongly oppose,1,
55,Male,1,White,3,Yes,1,"$70,000 - $79,999",8,Donald Trump,2,Full-time,1,"The law should permit abortion only in case of rape, incest, or when the woman's",2,Rarely,4,Reason and evidence,1,Seldom,2,None at all,1,None at all,5,About half the time,3,About the same,3,Strongly oppose,1,Strongly favor,5,Somewhat oppose,2,
61,Male,1,White,3,No,0,"$40,000 - $49,999",5,Donald Trump,2,Retired,5,"By law, a woman should always be able to obtain an abortion as a matter of perso",4,Rarely,4,Reason and evidence,1,Never,1,A moderate amount,1,A little,4,Most of the time,2,A lot harder,5,Strongly oppose,1,Strongly oppose,1,Strongly oppose,1,
46,Female,2,Hispanic,2,No,0,"$20,000 - $29,999",3,Joe Biden,1,Full-time,1,"The law should permit abortion only in case of rape, incest, or when the woman's",2,Rarely,4,Both equally,2,Don't know,7,A little,2,A little,4,Some of the time,4,Somewhat easier,2,Somewhat favor,4,Somewhat favor,4,Somewhat favor,4,
79,Female,2,White,3,No,0,"$40,000 - $49,999",5,Donald Trump,2,Retired,5,"The law should permit abortion for reasons other than rape,",3,Rarely,4,Reason and evidence,1,Never,1,None at all,1,None at all,5,Some of the time,4,A lot harder,5,Somewhat oppose,2,Somewhat oppose,2,Somewhat oppose,2,
60,Male,1,White,3,No,0,"$50,000 - $59,999",6,Donald Trump,2,Retired,5,"The law should permit abortion only in case of rape, incest, or when the woman's",2,Rarely,4,Reason and evidence,1,Once or twice a month,4,None at all,1,None at all,5,About half the time,3,A lot harder,5,Somewhat oppose,2,Neither favor nor oppose,3,Somewhat oppose,2,
81,Male,1,White,3,Yes,1,"$50,000 - $59,999",6,Donald Trump,2,Retired,5,"The law should permit abortion for reasons other than rape,",3,Rarely,4,Both equally,2,A few times a year,3,A little,2,None at all,5,Some of the time,4,A lot harder,5,Strongly oppose,1,Neither favor nor oppose,3,Somewhat favor,4,
72,Female,2,White,3,Yes,1,"$30,000 - $39,999",4,Joe Biden,1,Part-time,2,"The law should permit abortion for reasons other than rape,",3,Rarely,4,Reason and evidence,1,More than once a week,6,A great deal,1,A moderate amount,3,Some of the time,4,Somewhat harder,4,Strongly favor,5,Somewhat oppose,2,Somewhat favor,4,
58,Male,1,White,3,Yes,1,"$20,000 - $29,999",3,Joe Biden,1,Permanently disabled,7,"By law, a woman should always be able to obtain an abortion as a matter of perso",4,Rarely,4,Reason and evidence,1,Never,1,A moderate amount,1,A moderate amount,3,Most of the time,2,A lot easier,1,Strongly favor,5,Somewhat oppose,2,Strongly favor,5,
29,Female,2,White,3,No,0,"$40,000 - $49,999",5,Donald Trump,2,Homemaker,6,"The law should permit abortion for reasons other than rape,",3,Never,5,Religious beliefs,3,Once a week,5,A lot,3,None at all,5,Most of the time,2,A lot easier,1,Strongly favor,5,Somewhat oppose,2,Somewhat favor,4,
42,Female,2,Hispanic,2,No,0,"$40,000 - $49,999",5,Donald Trump,2,Full-time,1,"The law should permit abortion only in case of rape, incest, or when the woman's",2,Moderately often,3,Both equally,2,Once a week,5,None at all,2,None at all,5,Some of the time,4,A lot harder,5,Neither favor nor oppose,3,Strongly favor,5,Neither favor nor oppose,3,
57,Female,2,White,3,No,0,"$100,000 - $119,999",11,Donald Trump,2,Full-time,1,"By law, a woman should always be able to obtain an abortion as a matter of perso",4,Rarely,4,Reason and evidence,1,Seldom,2,None at all,1,None at all,5,Some of the time,4,About the same,3,Neither favor nor oppose,3,Neither favor nor oppose,3,Somewhat oppose,2,
70,Female,2,White,3,Yes,1,"$50,000 - $59,999",6,Joe Biden,1,Full-time,1,"By law, a woman should always be able to obtain an abortion as a matter of perso",4,Rarely,4,Reason and evidence,1,Never,1,A great deal,1,A lot,2,Most of the time,2,Somewhat easier,2,Strongly favor,5,Somewhat oppose,2,Somewhat favor,4,
66,Female,2,White,3,No,0,"$150,000 - $199,999",6,Donald Trump,2,Retired,5,"By law, a woman should always be able to obtain an abortion as a matter of perso",4,Rarely,4,Both equally,2,Seldom,2,A moderate amount,2,None at all,5,Most of the time,2,About the same,3,Neither favor nor oppose,3,Neither favor nor oppose,3,Neither favor nor oppose,3,
64,Female,2,Black,1,No,0,"$10,000 - $19,999",2,Joe Biden,1,Retired,5,"By law, a woman should always be able to obtain an abortion as a matter of perso",4,Rarely,4,Reason and evidence,1,Seldom,2,A lot,1,A little,4,About half the time,3,A lot harder,5,Somewhat favor,4,Somewhat oppose,2,Somewhat favor,4,
31,Male,1,Black,1,No,0,"$30,000 - $39,999",4,Donald Trump,2,Part-time,2,"The law should permit abortion only in case of rape, incest, or when the woman's",2,Moderately often,3,Both equally,2,More than once a week,6,A lot,2,A moderate amount,3,Some of the time,4,Somewhat harder,4,Neither favor nor oppose,3,Somewhat favor,4,Neither favor nor oppose,3,
68,Male,1,Hispanic,2,No,0,"$40,000 - $49,999",5,Donald Trump,2,Retired,5,"The law should permit abortion only in case of rape, incest, or when the woman's",2,Rarely,4,Reason and evidence,1,Never,1,None at all,1,None at all,5,About half the time,3,A lot easier,1,Strongly favor,5,Strongly favor,5,Strongly oppose,1,
55,Male,1,White,3,No,0,"$40,000 - $49,999",5,Donald Trump,2,Retired,5,"The law should permit abortion only in case of rape, incest, or when the woman's",2,Rarely,4,Reason and evidence,1,Never,1,A moderate amount,1,None at all,5,About half the time,3,A lot harder,5,Somewhat oppose,2,Somewhat oppose,2,Somewhat oppose,2,
77,Male,1,White,3,No,0,"$10,000 - $19,999",2,Donald Trump,2,Retired,5,"The law should permit abortion only in case of rape, incest, or when the woman's",2,Rarely,4,Reason and evidence,1,Never,1,A little,1,None at all,5,Most of the time,2,A lot harder,5,Strongly favor,5,Strongly favor,5,Somewhat favor,4,
62,Male,1,White,3,No,0,"$60,000 - $69,999",7,Donald Trump,2,Retired,5,"The law should permit abortion only in case of rape, incest, or when the woman's",2,Rarely,4,Both equally,2,Never,1,None at all,2,None at all,5,About half the time,3,A lot harder,5,Neither favor nor oppose,3,Strongly favor,5,Somewhat oppose,2,
26,Female,2,Hispanic,2,No,0,"$50,000 - $59,999",6,Joe Biden,1,Full-time,1,"The law should permit abortion only in case of rape, incest, or when the woman's",2,Moderately often,3,Reason and evidence,1,Once a week,5,A lot,1,A lot,2,Most of the time,2,Somewhat easier,2,Strongly favor,5,Somewhat favor,4,Somewhat favor,4,
50,Female,2,Black,1,No,0,"$20,000 - $29,999",3,Joe Biden,1,Unemployed,3,"By law, a woman should always be able to obtain an abortion as a matter of perso",4,Rarely,4,Both equally,2,Seldom,2,A moderate amount,2,None at all,5,Some of the time,4,A lot harder,5,Strongly oppose,1,Neither favor nor oppose,3,Neither favor nor oppose,3,
64,Female,2,White,3,No,0,"$20,000 - $29,999",3,Donald Trump,2,Retired,5,"The law should permit abortion only in case of rape, incest, or when the woman's",2,Rarely,4,Both equally,2,Seldom,2,A moderate amount,2,None at all,5,Some of the time,4,A lot harder,5,Strongly oppose,1,Strongly oppose,1,Strongly favor,5,
26,Male,1,Hispanic,2,No,0,"Less than $10,000",1,Donald Trump,2,Unemployed,3,"The law should permit abortion only in case of rape, incest, or when the woman's",2,Rarely,4,Religious beliefs,3,Never,1,A little,3,None at all,5,Some of the time,4,About the same,3,Strongly favor,5,Strongly favor,5,Strongly favor,5,
56,Female,2,White,3,No,0,"$60,000 - $69,999",7,Joe Biden,1,Full-time,1,"By law, a woman should always be able to obtain an abortion as a matter of perso",4,Rarely,4,Reason and evidence,1,Never,1,A great deal,1,A moderate amount,3,Most of the time,2,Somewhat easier,2,Somewhat favor,4,Neither favor nor oppose,3,Somewhat favor,4,
64,Male,1,White,3,No,0,"$60,000 - $69,999",7,Donald Trump,2,Part-time,2,"By law, a woman should always be able to obtain an abortion as a matter of perso",4,Rarely,4,Both equally,2,Once or twice a month,4,A lot,2,None at all,5,Most of the time,2,A lot harder,5,Neither favor nor oppose,3,Neither favor nor oppose,3,Somewhat favor,4,
26,Male,1,White,3,No,0,"$70,000 - $79,999",8,Joe Biden,1,Full-time,1,"The law should permit abortion for reasons other than rape,",3,Moderately often,3,Reason and evidence,1,A few times a year,3,A lot,1,A moderate amount,3,About half the time,3,About the same,3,Neither favor nor oppose,3,Neither favor nor oppose,3,Somewhat favor,4,
51,Male,1,Hispanic,2,No,0,"$40,000 - $49,999",5,Joe Biden,1,Other,8,"The law should permit abortion for reasons other than rape,",3,Never,5,Reason and evidence,1,Seldom,2,A moderate amount,1,A moderate amount,3,Some of the time,4,About the same,3,Neither favor nor oppose,3,Neither favor nor oppose,3,Somewhat favor,4,
66,Male,1,White,3,No,0,"$30,000 - $39,999",4,Donald Trump,2,Unemployed,3,"By law, abortion should never be permitted.",1,Never,5,Religious beliefs,3,Never,1,None at all,3,None at all,5,Never,5,A lot harder,5,Strongly favor,5,Strongly favor,5,Strongly oppose,1,
63,Male,1,White,3,Yes,1,"$120,000 - $149,999",3,Donald Trump,2,Retired,5,"The law should permit abortion for reasons other than rape,",3,Rarely,4,Reason and evidence,1,A few times a year,3,A little,1,None at all,5,Most of the time,2,About the same,3,Somewhat oppose,2,Strongly favor,5,Neither favor nor oppose,3,
60,Male,1,White,3,Yes,1,"$150,000 - $199,999",6,Donald Trump,2,Full-time,1,"The law should permit abortion for reasons other than rape,",3,Rarely,4,Both equally,2,Once a week,5,A moderate amount,2,None at all,5,About half the time,3,About the same,3,Somewhat favor,4,Somewhat favor,4,Somewhat favor,4,
30,Female,2,Black,1,No,0,"$70,000 - $79,999",8,Donald Trump,2,Other,8,"By law, a woman should always be able to obtain an abortion as a matter of perso",4,Moderately often,3,Reason and evidence,1,Once a week,5,A great deal,1,A moderate amount,3,About half the time,3,About the same,3,Neither favor nor oppose,3,Neither favor nor oppose,3,Neither favor nor oppose,3,
61,Male,1,White,3,No,0,"$50,000 - $59,999",6,Donald Trump,2,Full-time,1,"The law should permit abortion only in case of rape, incest, or when the woman's",2,Rarely,4,Both equally,2,Once a week,5,A little,2,None at all,5,Most of the time,2,A lot easier,1,Somewhat oppose,2,Somewhat favor,4,Neither favor nor oppose,3,
24,Male,1,Hispanic,2,Yes,1,"$20,000 - $29,999",3,Donald Trump,2,Full-time,1,"The law should permit abortion for reasons other than rape,",3,Moderately often,3,Both equally,2,Once a week,5,A moderate amount,2,A moderate amount,3,About half the time,3,Somewhat easier,2,Neither favor nor oppose,3,Somewhat oppose,2,Neither favor nor oppose,3,
59,Female,2,White,3,No,0,"$70,000 - $79,999",8,Donald Trump,2,Full-time,1,"The law should permit abortion for reasons other than rape,",3,Never,5,Reason and evidence,1,Never,1,None at all,1,None at all,5,Some of the time,4,A lot harder,5,Strongly oppose,1,Neither favor nor oppose,3,Strongly oppose,1,
57,Male,1,White,3,No,0,"$50,000 - $59,999",6,Donald Trump,2,Retired,5,"The law should permit abortion for reasons other than rape,",3,Never,5,Reason and evidence,1,Never,1,A moderate amount,1,None at all,5,Most of the time,2,A lot easier,1,Strongly favor,5,Strongly favor,5,Strongly favor,5,
59,Male,1,White,3,Yes,1,"$70,000 - $79,999",8,Donald Trump,2,Retired,5,"By law, a woman should always be able to obtain an abortion as a matter of perso",4,Rarely,4,Reason and evidence,1,Never,1,A little,1,None at all,5,Most of the time,2,Somewhat easier,2,Neither favor nor oppose,3,Somewhat favor,4,Somewhat favor,4,
38,Male,1,White,3,Yes,1,"$120,000 - $149,999",3,Joe Biden,1,Homemaker,6,"By law, a woman should always be able to obtain an abortion as a matter of perso",4,Never,5,Reason and evidence,1,Never,1,A great deal,1,A moderate amount,3,Most of the time,2,A lot easier,1,Strongly favor,5,Somewhat favor,4,Strongly favor,5,
65,Female,2,White,3,No,0,"$40,000 - $49,999",5,Donald Trump,2,Retired,5,"The law should permit abortion for reasons other than rape,",3,Rarely,4,Reason and evidence,1,A few times a year,3,A little,1,None at all,5,Never,5,A lot harder,5,Strongly oppose,1,Strongly oppose,1,Strongly oppose,1,
57,Male,1,White,3,No,0,"$100,000 - $119,999",11,Donald Trump,2,Full-time,1,"The law should permit abortion only in case of rape, incest, or when the woman's",2,Rarely,4,Both equally,2,Seldom,2,None at all,2,None at all,5,Some of the time,4,A lot harder,5,Strongly favor,5,Strongly favor,5,Strongly oppose,1,
62,Male,1,White,3,Yes,1,"$50,000 - $59,999",6,Joe Biden,1,Other,8,"By law, a woman should always be able to obtain an abortion as a matter of perso",4,Rarely,4,Reason and evidence,1,Seldom,2,A moderate amount,1,A little,4,Most of the time,2,Somewhat harder,4,Strongly favor,5,Strongly favor,5,Somewhat favor,4,
62,Male,1,Hispanic,2,Yes,1,"$40,000 - $49,999",5,Donald Trump,2,Retired,5,"The law should permit abortion only in case of rape, incest, or when the woman's",2,Rarely,4,Reason and evidence,1,A few times a year,3,None at all,1,None at all,5,Some of the time,4,A lot harder,5,Strongly oppose,1,Strongly oppose,1,Somewhat favor,4,
57,Male,1,White,3,No,0,"$150,000 - $199,999",6,Joe Biden,1,Full-time,1,"By law, a woman should always be able to obtain an abortion as a matter of perso",4,Rarely,4,Reason and evidence,1,Seldom,2,A great deal,1,A lot,2,Most of the time,2,Somewhat easier,2,Strongly favor,5,Somewhat favor,4,Strongly favor,5,
62,Female,2,Black,1,No,0,"$30,000 - $39,999",4,Joe Biden,1,Unemployed,3,"By law, a woman should always be able to obtain an abortion as a matter of perso",4,Rarely,4,Both equally,2,Seldom,2,A great deal,2,A moderate amount,3,Most of the time,2,Somewhat easier,2,Somewhat favor,4,Strongly oppose,1,Somewhat favor,4,
53,Male,1,White,3,No,0,"$120,000 - $149,999",3,Donald Trump,2,Full-time,1,"The law should permit abortion only in case of rape, incest, or when the woman's",2,Rarely,4,Both equally,2,Once or twice a month,4,A little,2,None at all,5,Some of the time,4,A lot harder,5,Strongly favor,5,Strongly favor,5,Neither favor nor oppose,3,
62,Male,1,White,3,Yes,1,"$70,000 - $79,999",8,Donald Trump,2,Full-time,1,"The law should permit abortion for reasons other than rape,",3,Rarely,4,Both equally,2,More than once a week,6,A little,2,None at all,5,Most of the time,2,About the same,3,Strongly favor,5,Strongly favor,5,Strongly favor,5,
23,Male,1,White,3,No,0,"$20,000 - $29,999",3,Joe Biden,1,Unemployed,3,"By law, a woman should always be able to obtain an abortion as a matter of perso",4,Rarely,4,Reason and evidence,1,Never,1,A lot,1,A lot,2,Most of the time,2,Somewhat easier,2,Strongly favor,5,Strongly oppose,1,Strongly favor,5,
62,Male,1,White,3,Yes,1,"$150,000 - $199,999",6,Joe Biden,1,Retired,5,"By law, a woman should always be able to obtain an abortion as a matter of perso",4,Moderately often,3,Both equally,2,A few times a year,3,A great deal,2,A moderate amount,3,About half the time,3,Somewhat harder,4,Strongly favor,5,Somewhat favor,4,Strongly favor,5,
39,Male,1,White,3,No,0,"Less than $10,000",1,Joe Biden,1,Full-time,1,"The law should permit abortion only in case of rape, incest, or when the woman's",2,Rarely,4,Both equally,2,More than once a week,6,A moderate amount,2,A moderate amount,3,Most of the time,2,About the same,3,Neither favor nor oppose,3,Neither favor nor oppose,3,Neither favor nor oppose,3,
50,Female,2,White,3,No,0,"$80,000 - $99,999",9,Donald Trump,2,Full-time,1,"The law should permit abortion for reasons other than rape,",3,Moderately often,3,Both equally,2,Once a week,5,A moderate amount,2,A moderate amount,3,Some of the time,4,About the same,3,Somewhat oppose,2,Somewhat favor,4,Somewhat favor,4,
23,Male,1,Hispanic,2,No,0,"$20,000 - $29,999",3,Donald Trump,2,Unemployed,3,"By law, a woman should always be able to obtain an abortion as a matter of perso",4,Never,5,Both equally,2,Once a week,5,None at all,2,None at all,5,Never,5,A lot harder,5,Strongly oppose,1,Strongly oppose,1,Strongly oppose,1,
53,Male,1,White,3,No,0,"$40,000 - $49,999",5,Donald Trump,2,Full-time,1,"By law, a woman should always be able to obtain an abortion as a matter of perso",4,Never,5,Reason and evidence,1,Never,1,A moderate amount,1,A moderate amount,3,Some of the time,4,A lot harder,5,Somewhat favor,4,Somewhat favor,4,Somewhat oppose,2,
54,Male,1,Black,1,No,0,"$20,000 - $29,999",3,Donald Trump,2,Unemployed,3,"By law, abortion should never be permitted.",1,Never,5,Both equally,2,More than once a week,6,A moderate amount,2,None at all,5,Some of the time,4,About the same,3,Neither favor nor oppose,3,Neither favor nor oppose,3,Neither favor nor oppose,3,
52,Male,1,White,3,No,0,"$80,000 - $99,999",9,Donald Trump,2,Full-time,1,"By law, abortion should never be permitted.",1,Rarely,4,Both equally,2,Seldom,2,A little,2,None at all,5,Some of the time,4,About the same,3,Strongly oppose,1,Somewhat favor,4,Somewhat favor,4,
59,Male,1,White,3,No,0,"$60,000 - $69,999",7,Donald Trump,2,Full-time,1,"The law should permit abortion for reasons other than rape,",3,Never,5,Reason and evidence,1,A few times a year,3,None at all,1,None at all,5,Some of the time,4,A lot harder,5,Neither favor nor oppose,3,Strongly oppose,1,Strongly favor,5,
54,Male,1,White,3,No,0,"$20,000 - $29,999",3,Joe Biden,1,Unemployed,3,"By law, a woman should always be able to obtain an abortion as a matter of perso",4,Rarely,4,Reason and evidence,1,Seldom,2,A lot,1,A lot,2,About half the time,3,Somewhat easier,2,Somewhat favor,4,Neither favor nor oppose,3,Somewhat favor,4,
57,Female,2,White,3,No,0,"$30,000 - $39,999",4,Joe Biden,1,Retired,5,"By law, a woman should always be able to obtain an abortion as a matter of perso",4,Rarely,4,Reason and evidence,1,Never,1,A moderate amount,1,A little,4,Most of the time,2,About the same,3,Strongly favor,5,Strongly oppose,1,Strongly favor,5,
26,Male,1,White,3,Yes,1,"$70,000 - $79,999",8,Joe Biden,1,Full-time,1,"The law should permit abortion only in case of rape, incest, or when the woman's",2,Rarely,4,Reason and evidence,1,More than once a week,6,A great deal,1,A little,4,Most of the time,2,Somewhat easier,2,Somewhat favor,4,Somewhat favor,4,Somewhat favor,4,
33,Female,2,Black,1,No,0,"Less than $10,000",1,Joe Biden,1,Part-time,2,"The law should permit abortion only in case of rape, incest, or when the woman's",2,Never,5,Reason and evidence,1,More than once a week,6,A great deal,1,A great deal,1,Some of the time,4,About the same,3,Strongly favor,5,Strongly favor,5,Neither favor nor oppose,3,
64,Male,1,Black,1,No,0,"$10,000 - $19,999",2,Joe Biden,1,Retired,5,"By law, a woman should always be able to obtain an abortion as a matter of perso",4,Never,5,Both equally,2,Never,1,None at all,2,None at all,5,Never,5,About the same,3,Strongly favor,5,Somewhat oppose,2,Strongly favor,5,
23,Male,1,Black,1,No,0,"$20,000 - $29,999",3,Joe Biden,1,Student,4,"The law should permit abortion for reasons other than rape,",3,Rarely,4,Reason and evidence,1,Once or twice a month,4,A lot,1,A moderate amount,3,Always,1,Somewhat harder,4,Somewhat favor,4,Strongly favor,5,Somewhat favor,4,
45,Female,2,Hispanic,2,No,0,"$80,000 - $99,999",9,Joe Biden,1,Part-time,2,"By law, a woman should always be able to obtain an abortion as a matter of perso",4,Rarely,4,Reason and evidence,1,Seldom,2,A little,1,None at all,5,Some of the time,4,A lot easier,1,Strongly oppose,1,Strongly oppose,1,Neither favor nor oppose,3,
63,Female,2,Hispanic,2,No,0,"$30,000 - $39,999",4,Joe Biden,1,Part-time,2,"The law should permit abortion for reasons other than rape,",3,Rarely,4,Reason and evidence,1,A few times a year,3,A moderate amount,1,A moderate amount,3,Most of the time,2,About the same,3,Strongly favor,5,Strongly oppose,1,Strongly favor,5,
35,Female,2,Hispanic,2,Yes,1,"$120,000 - $149,999",3,Joe Biden,1,Full-time,1,"By law, a woman should always be able to obtain an abortion as a matter of perso",4,Never,5,Both equally,2,Once or twice a month,4,A great deal,2,A lot,2,Most of the time,2,A lot easier,1,Strongly favor,5,Strongly favor,5,Strongly favor,5,
29,Female,2,Black,1,Yes,1,"$200,000 - $249,999",13,Joe Biden,1,Full-time,1,"The law should permit abortion only in case of rape, incest, or when the woman's",2,Rarely,4,Both equally,2,Once a week,5,A great deal,2,None at all,5,About half the time,3,A lot harder,5,Neither favor nor oppose,3,Neither favor nor oppose,3,Strongly favor,5,
21,Female,2,Hispanic,2,No,0,"$20,000 - $29,999",3,Joe Biden,1,Part-time,2,"The law should permit abortion only in case of rape, incest, or when the woman's",2,Moderately often,3,Both equally,2,A few times a year,3,A lot,2,A little,4,Some of the time,4,Somewhat easier,2,Neither favor nor oppose,3,Neither favor nor oppose,3,Neither favor nor oppose,3,
54,Female,2,Hispanic,2,No,0,"$10,000 - $19,999",2,Joe Biden,1,Unemployed,3,"The law should permit abortion only in case of rape, incest, or when the woman's",2,Rarely,4,Both equally,2,Never,1,A lot,2,A great deal,1,Never,5,A lot easier,1,Neither favor nor oppose,3,Neither favor nor oppose,3,Neither favor nor oppose,3,
29,Female,2,Hispanic,2,No,0,"$40,000 - $49,999",5,Joe Biden,1,Part-time,2,"By law, a woman should always be able to obtain an abortion as a matter of perso",4,Never,5,Both equally,2,Never,1,A moderate amount,2,A moderate amount,3,About half the time,3,Somewhat easier,2,Neither favor nor oppose,3,Neither favor nor oppose,3,Neither favor nor oppose,3,
19,Female,2,Hispanic,2,No,0,"$10,000 - $19,999",2,Joe Biden,1,Part-time,2,"The law should permit abortion for reasons other than rape,",3,Moderately often,3,Both equally,2,Once or twice a month,4,A lot,2,A little,4,Some of the time,4,About the same,3,Neither favor nor oppose,3,Neither favor nor oppose,3,Neither favor nor oppose,3,
20,Male,1,White,3,No,0,"$70,000 - $79,999",8,Donald Trump,2,Full-time,1,Other,5,Rarely,4,Reason and evidence,1,Once or twice a month,4,A little,1,None at all,5,Some of the time,4,A lot harder,5,Strongly oppose,1,Strongly oppose,1,Strongly oppose,1,
34,Male,1,White,3,No,0,"$20,000 - $29,999",3,Joe Biden,1,Unemployed,3,"The law should permit abortion only in case of rape, incest, or when the woman's",2,Rarely,4,Both equally,2,A few times a year,3,A moderate amount,2,A moderate amount,3,Some of the time,4,A lot harder,5,Neither favor nor oppose,3,Neither favor nor oppose,3,Neither favor nor oppose,3,
19,Male,1,White,3,Yes,1,"$20,000 - $29,999",3,Joe Biden,1,Part-time,2,"By law, a woman should always be able to obtain an abortion as a matter of perso",4,Rarely,4,Reason and evidence,1,Never,1,A lot,1,A lot,2,Most of the time,2,A lot easier,1,Strongly favor,5,Strongly oppose,1,Strongly favor,5,
40,Male,1,White,3,No,0,"$70,000 - $79,999",8,Joe Biden,1,Part-time,2,"The law should permit abortion for reasons other than rape,",3,Never,5,Reason and evidence,1,Once a week,5,A moderate amount,1,A moderate amount,3,Most of the time,2,Somewhat harder,4,Strongly favor,5,Somewhat favor,4,Somewhat favor,4,
52,Female,2,Black,1,No,0,"$30,000 - $39,999",4,Joe Biden,1,Full-time,1,"The law should permit abortion for reasons other than rape,",3,Rarely,4,Both equally,2,A few times a year,3,A great deal,2,A great deal,1,Most of the time,2,About the same,3,Strongly favor,5,Strongly favor,5,Neither favor nor oppose,3,
32,Female,2,White,3,No,0,"$100,000 - $119,999",11,Joe Biden,1,Full-time,1,"By law, a woman should always be able to obtain an abortion as a matter of perso",4,Rarely,4,Both equally,2,Seldom,2,A lot,2,A moderate amount,3,About half the time,3,About the same,3,Somewhat oppose,2,Somewhat oppose,2,Somewhat oppose,2,
24,Male,1,White,3,No,0,"$40,000 - $49,999",5,Donald Trump,2,Full-time,1,"The law should permit abortion for reasons other than rape,",3,Rarely,4,Both equally,2,Once a week,5,A moderate amount,2,None at all,5,Most of the time,2,Somewhat harder,4,Somewhat favor,4,Somewhat favor,4,Somewhat favor,4,
32,Female,2,White,3,No,0,"$120,000 - $149,999",3,Donald Trump,2,Full-time,1,"The law should permit abortion for reasons other than rape,",3,Rarely,4,Both equally,2,Once a week,5,A little,2,A little,4,Most of the time,2,Somewhat easier,2,Somewhat favor,4,Somewhat favor,4,Strongly favor,5,
30,Female,2,Hispanic,2,No,0,"$20,000 - $29,999",3,Donald Trump,2,Unemployed,3,"By law, a woman should always be able to obtain an abortion as a matter of perso",4,Moderately often,3,Both equally,2,Don't know,7,A moderate amount,2,A moderate amount,3,Never,5,Somewhat harder,4,Neither favor nor oppose,3,Neither favor nor oppose,3,Neither favor nor oppose,3,
39,Female,2,Black,1,Yes,1,"$40,000 - $49,999",5,Joe Biden,1,Full-time,1,"By law, a woman should always be able to obtain an abortion as a matter of perso",4,Rarely,4,Both equally,2,A few times a year,3,A moderate amount,2,A moderate amount,3,Some of the time,4,Somewhat easier,2,Neither favor nor oppose,3,Neither favor nor oppose,3,Neither favor nor oppose,3,
38,Male,1,White,3,No,0,"Less than $10,000",1,Donald Trump,2,Full-time,1,"By law, abortion should never be permitted.",1,Moderately often,3,Religious beliefs,3,A few times a year,3,None at all,3,None at all,5,About half the time,3,A lot harder,5,Neither favor nor oppose,3,Strongly favor,5,Neither favor nor oppose,3,
38,Female,2,White,3,No,0,"$70,000 - $79,999",8,Joe Biden,1,Homemaker,6,"By law, a woman should always be able to obtain an abortion as a matter of perso",4,Rarely,4,Reason and evidence,1,Never,1,A great deal,1,A little,4,About half the time,3,Somewhat easier,2,Strongly favor,5,Strongly oppose,1,Strongly favor,5,
26,Female,2,White,3,No,0,"$20,000 - $29,999",3,Joe Biden,1,Full-time,1,"By law, abortion should never be permitted.",1,Rarely,4,Both equally,2,More than once a week,6,A great deal,2,A great deal,1,Some of the time,4,About the same,3,Strongly favor,5,Strongly oppose,1,Somewhat favor,4,
53,Male,1,White,3,Yes,1,"$70,000 - $79,999",8,Joe Biden,1,Full-time,1,"By law, a woman should always be able to obtain an abortion as a matter of perso",4,Rarely,4,Reason and evidence,1,Never,1,A moderate amount,1,A moderate amount,3,Some of the time,4,A lot easier,1,Strongly favor,5,Strongly oppose,1,Strongly favor,5,
54,Male,1,White,3,No,0,"$150,000 - $199,999",6,Joe Biden,1,Full-time,1,"By law, a woman should always be able to obtain an abortion as a matter of perso",4,Rarely,4,Reason and evidence,1,Seldom,2,A moderate amount,1,A little,4,About half the time,3,About the same,3,Strongly favor,5,Neither favor nor oppose,3,Somewhat favor,4,
64,Male,1,White,3,Yes,1,"$100,000 - $119,999",11,Joe Biden,1,Full-time,1,"By law, a woman should always be able to obtain an abortion as a matter of perso",4,Rarely,4,Reason and evidence,1,Seldom,2,A lot,1,A moderate amount,3,Most of the time,2,About the same,3,Strongly favor,5,Somewhat oppose,2,Somewhat favor,4,
41,Female,2,White,3,No,0,"$120,000 - $149,999",3,Donald Trump,2,Part-time,2,"The law should permit abortion only in case of rape, incest, or when the woman's",2,Rarely,4,Both equally,2,Seldom,2,A moderate amount,2,None at all,5,Some of the time,4,A lot harder,5,Neither favor nor oppose,3,Neither favor nor oppose,3,Neither favor nor oppose,3,
40,Male,1,Hispanic,2,No,0,"$30,000 - $39,999",4,Donald Trump,2,Full-time,1,"By law, a woman should always be able to obtain an abortion as a matter of perso",4,Never,5,Both equally,2,Once a week,5,A little,2,None at all,5,Most of the time,2,Somewhat harder,4,Somewhat favor,4,Somewhat favor,4,Neither favor nor oppose,3,
68,Female,2,Black,1,No,0,"$20,000 - $29,999",3,Joe Biden,1,Retired,5,"By law, a woman should always be able to obtain an abortion as a matter of perso",4,Rarely,4,Both equally,2,Once a week,5,A lot,2,A little,4,Some of the time,4,Somewhat harder,4,Neither favor nor oppose,3,Neither favor nor oppose,3,Neither favor nor oppose,3,
69,Female,2,Hispanic,2,No,0,"$30,000 - $39,999",4,Donald Trump,2,Retired,5,"The law should permit abortion only in case of rape, incest, or when the woman's",2,Rarely,4,Both equally,2,Once or twice a month,4,None at all,2,None at all,5,Some of the time,4,A lot harder,5,Neither favor nor oppose,3,Neither favor nor oppose,3,Neither favor nor oppose,3,
69,Female,2,Black,1,No,0,"$20,000 - $29,999",3,Joe Biden,1,Retired,5,"The law should permit abortion for reasons other than rape,",3,Rarely,4,Reason and evidence,1,More than once a week,6,A lot,1,A great deal,1,About half the time,3,About the same,3,Strongly favor,5,Strongly favor,5,Strongly favor,5,
63,Male,1,White,3,No,0,"$50,000 - $59,999",6,Donald Trump,2,Retired,5,Other,5,Never,5,Reason and evidence,1,A few times a year,3,None at all,1,A little,4,Most of the time,2,A lot harder,5,Somewhat favor,4,Strongly favor,5,Neither favor nor oppose,3,
69,Female,2,White,3,No,0,"$80,000 - $99,999",9,Donald Trump,2,Retired,5,Other,5,Rarely,4,Both equally,2,Once a week,5,None at all,2,None at all,5,Some of the time,4,Somewhat harder,4,Somewhat oppose,2,Strongly favor,5,Somewhat oppose,2,
31,Female,2,Hispanic,2,No,0,"$150,000 - $199,999",6,Donald Trump,2,Full-time,1,"By law, a woman should always be able to obtain an abortion as a matter of perso",4,Rarely,4,Reason and evidence,1,Never,1,None at all,1,None at all,5,Some of the time,4,About the same,3,Somewhat oppose,2,Somewhat oppose,2,Strongly oppose,1,
20,Female,2,White,3,No,0,"$60,000 - $69,999",7,Donald Trump,2,Homemaker,6,"By law, abortion should never be permitted.",1,Rarely,4,Both equally,2,More than once a week,6,A little,2,None at all,5,About half the time,3,About the same,3,Strongly oppose,1,Neither favor nor oppose,3,Neither favor nor oppose,3,
76,Female,2,White,3,Yes,1,"$80,000 - $99,999",9,Donald Trump,2,Retired,5,Other,5,Rarely,4,Reason and evidence,1,Never,1,A little,1,None at all,5,Most of the time,2,Somewhat easier,2,Strongly favor,5,Somewhat oppose,2,Somewhat favor,4,
32,Female,2,White,3,No,0,"Less than $10,000",1,Joe Biden,1,Permanently disabled,7,"By law, a woman should always be able to obtain an abortion as a matter of perso",4,Rarely,4,Reason and evidence,1,Don't know,7,A lot,1,A lot,2,About half the time,3,Somewhat easier,2,Neither favor nor oppose,3,Strongly oppose,1,Neither favor nor oppose,3,
20,Female,2,White,3,No,0,"$20,000 - $29,999",3,Donald Trump,2,Other,8,"By law, a woman should always be able to obtain an abortion as a matter of perso",4,Rarely,4,Reason and evidence,1,Never,1,A moderate amount,1,A lot,2,Some of the time,4,About the same,3,Somewhat favor,4,Neither favor nor oppose,3,Somewhat favor,4,
50,Female,2,Black,1,No,0,"Less than $10,000",1,Donald Trump,2,Homemaker,6,"By law, a woman should always be able to obtain an abortion as a matter of perso",4,Rarely,4,Both equally,2,Never,1,A moderate amount,2,None at all,5,About half the time,3,About the same,3,Neither favor nor oppose,3,Neither favor nor oppose,3,Neither favor nor oppose,3,
75,Male,1,White,3,Yes,1,"$10,000 - $19,999",2,Donald Trump,2,Retired,5,"The law should permit abortion only in case of rape, incest, or when the woman's",2,Rarely,4,Both equally,2,Seldom,2,None at all,2,None at all,5,About half the time,3,A lot harder,5,Neither favor nor oppose,3,Strongly favor,5,Strongly oppose,1,
53,Male,1,White,3,No,0,"$40,000 - $49,999",5,Joe Biden,1,Full-time,1,"By law, a woman should always be able to obtain an abortion as a matter of perso",4,Rarely,4,Reason and evidence,1,Never,1,A great deal,1,A great deal,1,Some of the time,4,About the same,3,Strongly favor,5,Somewhat oppose,2,Strongly favor,5,
71,Female,2,White,3,No,0,"$100,000 - $119,999",11,Donald Trump,2,Retired,5,"By law, abortion should never be permitted.",1,Moderately often,3,Religious beliefs,3,Once a week,5,None at all,3,None at all,5,Most of the time,2,A lot harder,5,Strongly oppose,1,Strongly favor,5,Somewhat favor,4,
76,Male,1,White,3,No,0,"$40,000 - $49,999",5,Donald Trump,2,Retired,5,"The law should permit abortion for reasons other than rape,",3,Rarely,4,Reason and evidence,1,Never,1,A little,1,None at all,5,Most of the time,2,A lot harder,5,Somewhat favor,4,Somewhat favor,4,Strongly oppose,1,
27,Male,1,White,3,No,0,"$50,000 - $59,999",6,Donald Trump,2,Full-time,1,"The law should permit abortion only in case of rape, incest, or when the woman's",2,Rarely,4,Both equally,2,Seldom,2,A little,2,None at all,5,About half the time,3,A lot harder,5,Strongly oppose,1,Strongly oppose,1,Strongly favor,5,
38,Female,2,White,3,No,0,"$30,000 - $39,999",4,Joe Biden,1,Full-time,1,"By law, a woman should always be able to obtain an abortion as a matter of perso",4,Rarely,4,Reason and evidence,1,Never,1,A great deal,1,A great deal,1,Never,5,Somewhat easier,2,Neither favor nor oppose,3,Neither favor nor oppose,3,Neither favor nor oppose,3,
35,Female,2,White,3,No,0,"$60,000 - $69,999",7,Donald Trump,2,Full-time,1,"By law, abortion should never be permitted.",1,Rarely,4,Religious beliefs,3,Once a week,5,None at all,3,None at all,5,About half the time,3,A lot harder,5,Strongly oppose,1,Strongly oppose,1,Strongly oppose,1,
42,Female,2,White,3,No,0,"$70,000 - $79,999",8,Donald Trump,2,Full-time,1,"The law should permit abortion only in case of rape, incest, or when the woman's",2,Rarely,4,Religious beliefs,3,Seldom,2,A little,3,None at all,5,Most of the time,2,Somewhat harder,4,Neither favor nor oppose,3,Somewhat favor,4,Neither favor nor oppose,3,
26,Male,1,White,3,No,0,"Less than $10,000",1,Donald Trump,2,Part-time,2,"By law, a woman should always be able to obtain an abortion as a matter of perso",4,Extremely often,1,Both equally,2,Never,1,A moderate amount,2,A moderate amount,3,About half the time,3,A lot harder,5,Neither favor nor oppose,3,Neither favor nor oppose,3,Neither favor nor oppose,3,
40,Female,2,White,3,No,0,"$20,000 - $29,999",3,Donald Trump,2,Permanently disabled,7,"By law, abortion should never be permitted.",1,Rarely,4,Both equally,2,Never,1,A moderate amount,2,None at all,5,Some of the time,4,A lot harder,5,Strongly favor,5,Strongly favor,5,Strongly favor,5,
36,Female,2,White,3,No,0,"$20,000 - $29,999",3,Donald Trump,2,Homemaker,6,"The law should permit abortion for reasons other than rape,",3,Rarely,4,Both equally,2,Never,1,None at all,2,A little,4,About half the time,3,Somewhat easier,2,Strongly oppose,1,Strongly oppose,1,Strongly oppose,1,
72,Female,2,White,3,Yes,1,"$20,000 - $29,999",3,Donald Trump,2,Permanently disabled,7,"The law should permit abortion only in case of rape, incest, or when the woman's",2,Never,5,Reason and evidence,1,Never,1,None at all,1,None at all,5,Some of the time,4,About the same,3,Strongly oppose,1,Somewhat favor,4,Neither favor nor oppose,3,
50,Male,1,Hispanic,2,No,0,"$50,000 - $59,999",6,Joe Biden,1,Retired,5,"By law, a woman should always be able to obtain an abortion as a matter of perso",4,Rarely,4,Reason and evidence,1,Never,1,A moderate amount,1,A moderate amount,3,Some of the time,4,About the same,3,Neither favor nor oppose,3,Neither favor nor oppose,3,Neither favor nor oppose,3,
36,Female,2,Hispanic,2,Yes,1,"$80,000 - $99,999",9,Donald Trump,2,Full-time,1,"By law, abortion should never be permitted.",1,Extremely often,1,Reason and evidence,1,More than once a week,6,A lot,1,A moderate amount,3,Most of the time,2,A lot easier,1,Strongly favor,5,Somewhat favor,4,Somewhat favor,4,
41,Male,1,White,3,No,0,"$10,000 - $19,999",2,Donald Trump,2,Unemployed,3,"By law, a woman should always be able to obtain an abortion as a matter of perso",4,Very often,2,Reason and evidence,1,Seldom,2,A moderate amount,1,None at all,5,Never,5,Somewhat harder,4,Neither favor nor oppose,3,Strongly favor,5,Neither favor nor oppose,3,
20,Female,2,White,3,No,0,"$30,000 - $39,999",4,Joe Biden,1,Full-time,1,"The law should permit abortion only in case of rape, incest, or when the woman's",2,Rarely,4,Reason and evidence,1,Once or twice a month,4,A lot,1,A lot,2,Most of the time,2,About the same,3,Somewhat oppose,2,Somewhat oppose,2,Somewhat favor,4,
42,Male,1,White,3,Yes,1,"$100,000 - $119,999",11,Joe Biden,1,Full-time,1,"By law, a woman should always be able to obtain an abortion as a matter of perso",4,Moderately often,3,Reason and evidence,1,Never,1,A great deal,1,A moderate amount,3,Some of the time,4,A lot easier,1,Strongly favor,5,Strongly oppose,1,Strongly favor,5,
57,Female,2,White,3,No,0,"$150,000 - $199,999",6,Joe Biden,1,Retired,5,"By law, abortion should never be permitted.",1,Rarely,4,Both equally,2,More than once a week,6,A moderate amount,2,A little,4,Most of the time,2,About the same,3,Strongly favor,5,Somewhat favor,4,Somewhat favor,4,
33,Female,2,Black,1,No,0,"$120,000 - $149,999",3,Joe Biden,1,Full-time,1,"By law, abortion should never be permitted.",1,Rarely,4,Both equally,2,More than once a week,6,A lot,2,A lot,2,Most of the time,2,About the same,3,Neither favor nor oppose,3,Neither favor nor oppose,3,Somewhat favor,4,
28,Male,1,Black,1,Yes,1,"Less than $10,000",1,Donald Trump,2,Full-time,1,"By law, abortion should never be permitted.",1,Extremely often,1,Religious beliefs,3,Don't know,7,A moderate amount,3,A moderate amount,3,Never,5,A lot easier,1,Strongly favor,5,Strongly favor,5,Strongly favor,5,
42,Male,1,Black,1,No,0,"$30,000 - $39,999",4,Joe Biden,1,Unemployed,3,"The law should permit abortion only in case of rape, incest, or when the woman's",2,Moderately often,3,Religious beliefs,3,A few times a year,3,A moderate amount,3,A moderate amount,3,About half the time,3,About the same,3,Neither favor nor oppose,3,Neither favor nor oppose,3,Neither favor nor oppose,3,
32,Male,1,White,3,No,0,"$70,000 - $79,999",8,Joe Biden,1,Part-time,2,"The law should permit abortion for reasons other than rape,",3,Moderately often,3,Reason and evidence,1,Never,1,A lot,1,None at all,5,Most of the time,2,A lot harder,5,Somewhat favor,4,Somewhat favor,4,Somewhat favor,4,
64,Female,2,Black,1,Yes,1,"$20,000 - $29,999",3,Joe Biden,1,Retired,5,"By law, a woman should always be able to obtain an abortion as a matter of perso",4,Rarely,4,Both equally,2,Once a week,5,A moderate amount,2,A little,4,About half the time,3,Somewhat easier,2,Somewhat favor,4,Neither favor nor oppose,3,Neither favor nor oppose,3,
41,Male,1,White,3,No,0,"$60,000 - $69,999",7,Donald Trump,2,Permanently disabled,7,"The law should permit abortion for reasons other than rape,",3,Rarely,4,Religious beliefs,3,A few times a year,3,A lot,3,A great deal,1,Some of the time,4,Somewhat harder,4,Somewhat oppose,2,Neither favor nor oppose,3,Strongly oppose,1,
47,Female,2,Hispanic,2,No,0,"$40,000 - $49,999",5,Donald Trump,2,Homemaker,6,"By law, a woman should always be able to obtain an abortion as a matter of perso",4,Moderately often,3,Reason and evidence,1,Never,1,A moderate amount,1,None at all,5,Never,5,A lot harder,5,Neither favor nor oppose,3,Neither favor nor oppose,3,Neither favor nor oppose,3,
45,Female,2,White,3,Yes,1,"$200,000 - $249,999",13,Joe Biden,1,Full-time,1,"By law, a woman should always be able to obtain an abortion as a matter of perso",4,Moderately often,3,Reason and evidence,1,Never,1,A lot,1,A lot,2,About half the time,3,A lot easier,1,Strongly favor,5,Strongly favor,5,Strongly favor,5,
61,Male,1,White,3,Yes,1,"$120,000 - $149,999",3,Donald Trump,2,Full-time,1,"By law, abortion should never be permitted.",1,Never,5,Religious beliefs,3,A few times a year,3,None at all,3,None at all,5,Some of the time,4,Somewhat harder,4,Strongly favor,5,Strongly favor,5,Somewhat oppose,2,
61,Female,2,Hispanic,2,No,0,"$20,000 - $29,999",3,Joe Biden,1,Homemaker,6,"The law should permit abortion for reasons other than rape,",3,Rarely,4,Both equally,2,Seldom,2,A great deal,2,None at all,5,Some of the time,4,Somewhat easier,2,Neither favor nor oppose,3,Neither favor nor oppose,3,Neither favor nor oppose,3,
21,Male,1,Black,1,Yes,1,"$60,000 - $69,999",7,Donald Trump,2,Part-time,2,"The law should permit abortion for reasons other than rape,",3,Never,5,Reason and evidence,1,More than once a week,6,A moderate amount,1,A moderate amount,3,Some of the time,4,Somewhat easier,2,Neither favor nor oppose,3,Neither favor nor oppose,3,Neither favor nor oppose,3,
41,Male,1,Black,1,No,0,"$30,000 - $39,999",4,Donald Trump,2,Full-time,1,"The law should permit abortion for reasons other than rape,",3,Rarely,4,Reason and evidence,1,Once a week,5,A moderate amount,1,A little,4,Never,5,A lot harder,5,Neither favor nor oppose,3,Neither favor nor oppose,3,Strongly favor,5,
43,Female,2,Black,1,No,0,"$20,000 - $29,999",3,Joe Biden,1,Homemaker,6,"The law should permit abortion for reasons other than rape,",3,Never,5,Reason and evidence,1,Once or twice a month,4,A moderate amount,1,None at all,5,Most of the time,2,A lot easier,1,Strongly favor,5,Strongly favor,5,Strongly favor,5,
47,Female,2,White,3,No,0,"Less than $10,000",1,Donald Trump,2,Homemaker,6,"By law, abortion should never be permitted.",1,Never,5,Both equally,2,Never,1,None at all,2,None at all,5,Never,5,A lot harder,5,Strongly oppose,1,Strongly oppose,1,Strongly oppose,1,
46,Male,1,White,3,No,0,"$100,000 - $119,999",11,Donald Trump,2,Full-time,1,"By law, a woman should always be able to obtain an abortion as a matter of perso",4,Rarely,4,Reason and evidence,1,Seldom,2,A little,1,None at all,5,Some of the time,4,A lot harder,5,Strongly oppose,1,Strongly oppose,1,Strongly favor,5,
27,Male,1,White,3,No,0,"$50,000 - $59,999",6,Donald Trump,2,Full-time,1,"The law should permit abortion for reasons other than rape,",3,Rarely,4,Reason and evidence,1,Never,1,A little,1,None at all,5,Some of the time,4,Somewhat harder,4,Neither favor nor oppose,3,Somewhat oppose,2,Neither favor nor oppose,3,
50,Female,2,White,3,No,0,"Less than $10,000",1,Donald Trump,2,Full-time,1,"The law should permit abortion only in case of rape, incest, or when the woman's",2,Rarely,4,Both equally,2,Seldom,2,A moderate amount,2,A moderate amount,3,About half the time,3,About the same,3,Neither favor nor oppose,3,Neither favor nor oppose,3,Neither favor nor oppose,3,
63,Female,2,Black,1,No,0,"$40,000 - $49,999",5,Joe Biden,1,Homemaker,6,"By law, a woman should always be able to obtain an abortion as a matter of perso",4,Moderately often,3,Both equally,2,Once a week,5,None at all,2,None at all,5,Some of the time,4,A lot harder,5,Neither favor nor oppose,3,Neither favor nor oppose,3,Neither favor nor oppose,3,
55,Female,2,Hispanic,2,No,0,"$10,000 - $19,999",2,Joe Biden,1,Unemployed,3,"By law, a woman should always be able to obtain an abortion as a matter of perso",4,Rarely,4,Reason and evidence,1,Seldom,2,A lot,1,A little,4,Some of the time,4,Somewhat easier,2,Somewhat oppose,2,Somewhat oppose,2,Neither favor nor oppose,3,
55,Male,1,Hispanic,2,No,0,"$20,000 - $29,999",3,Donald Trump,2,Part-time,2,"By law, a woman should always be able to obtain an abortion as a matter of perso",4,Extremely often,1,Both equally,2,Never,1,A moderate amount,2,A moderate amount,3,Never,5,A lot harder,5,Strongly oppose,1,Strongly oppose,1,Strongly oppose,1,
45,Female,2,White,3,No,0,"$20,000 - $29,999",3,Joe Biden,1,Homemaker,6,"The law should permit abortion only in case of rape, incest, or when the woman's",2,Rarely,4,Both equally,2,Seldom,2,None at all,2,A little,4,Some of the time,4,About the same,3,Somewhat oppose,2,Neither favor nor oppose,3,Neither favor nor oppose,3,
27,Male,1,Hispanic,2,No,0,"$20,000 - $29,999",3,Joe Biden,1,Full-time,1,"The law should permit abortion only in case of rape, incest, or when the woman's",2,Extremely often,1,Religious beliefs,3,Once a week,5,A moderate amount,3,A great deal,1,Some of the time,4,A lot easier,1,Somewhat favor,4,Somewhat favor,4,Strongly favor,5,
24,Male,1,White,3,No,0,"Less than $10,000",1,Donald Trump,2,Part-time,2,"By law, abortion should never be permitted.",1,Moderately often,3,Both equally,2,Once a week,5,A great deal,2,A great deal,1,Some of the time,4,About the same,3,Neither favor nor oppose,3,Neither favor nor oppose,3,Neither favor nor oppose,3,
61,Male,1,White,3,No,0,"$100,000 - $119,999",11,Donald Trump,2,Retired,5,"The law should permit abortion only in case of rape, incest, or when the woman's",2,Rarely,4,Both equally,2,A few times a year,3,A little,2,None at all,5,Most of the time,2,A lot harder,5,Strongly favor,5,Neither favor nor oppose,3,Neither favor nor oppose,3,
59,Female,2,Black,1,No,0,"Less than $10,000",1,Joe Biden,1,Retired,5,"By law, a woman should always be able to obtain an abortion as a matter of perso",4,Rarely,4,Reason and evidence,1,Once a week,5,A great deal,1,A moderate amount,3,About half the time,3,Somewhat harder,4,Strongly favor,5,Strongly favor,5,Somewhat favor,4,
62,Female,2,White,3,No,0,"$70,000 - $79,999",8,Joe Biden,1,Full-time,1,"By law, a woman should always be able to obtain an abortion as a matter of perso",4,Never,5,Both equally,2,Once a week,5,A moderate amount,2,A moderate amount,3,Most of the time,2,Somewhat harder,4,Somewhat oppose,2,Somewhat oppose,2,Neither favor nor oppose,3,
27,Female,2,White,3,No,0,"$20,000 - $29,999",3,Donald Trump,2,Full-time,1,"The law should permit abortion for reasons other than rape,",3,Moderately often,3,Both equally,2,A few times a year,3,None at all,2,A little,4,Never,5,Somewhat harder,4,Somewhat oppose,2,Somewhat oppose,2,Somewhat oppose,2,
63,Female,2,White,3,Yes,1,"$60,000 - $69,999",7,Joe Biden,1,Full-time,1,"By law, a woman should always be able to obtain an abortion as a matter of perso",4,Rarely,4,Reason and evidence,1,Never,1,A lot,1,A little,4,Most of the time,2,Somewhat easier,2,Strongly favor,5,Neither favor nor oppose,3,Somewhat favor,4,
46,Female,2,White,3,No,0,"$40,000 - $49,999",5,Donald Trump,2,Other,8,Other,5,Rarely,4,Both equally,2,Seldom,2,None at all,2,None at all,5,Some of the time,4,A lot harder,5,Somewhat oppose,2,Strongly oppose,1,Strongly oppose,1,
59,Female,2,White,3,No,0,"$40,000 - $49,999",5,Joe Biden,1,Part-time,2,"By law, a woman should always be able to obtain an abortion as a matter of perso",4,Rarely,4,Reason and evidence,1,Never,1,A great deal,1,A moderate amount,3,Some of the time,4,A lot easier,1,Strongly favor,5,Neither favor nor oppose,3,Strongly favor,5,
56,Female,2,White,3,No,0,"$30,000 - $39,999",4,Donald Trump,2,Unemployed,3,"The law should permit abortion only in case of rape, incest, or when the woman's",2,Rarely,4,Both equally,2,Seldom,2,None at all,2,A moderate amount,3,Never,5,Somewhat harder,4,Strongly oppose,1,Somewhat favor,4,Somewhat favor,4,
75,Female,2,White,3,Yes,1,"$50,000 - $59,999",6,Joe Biden,1,Retired,5,"By law, a woman should always be able to obtain an abortion as a matter of perso",4,Rarely,4,Reason and evidence,1,Never,1,A great deal,1,A little,4,Most of the time,2,A lot easier,1,Strongly favor,5,Neither favor nor oppose,3,Strongly favor,5,
52,Male,1,White,3,No,0,"$350,000 - $499,999",6,Donald Trump,2,Full-time,1,"By law, a woman should always be able to obtain an abortion as a matter of perso",4,Rarely,4,Both equally,2,Seldom,2,A lot,2,A lot,2,About half the time,3,A lot harder,5,Strongly favor,5,Strongly favor,5,Strongly favor,5,
48,Female,2,White,3,No,0,"$100,000 - $119,999",11,Donald Trump,2,Homemaker,6,Other,5,Never,5,Religious beliefs,3,More than once a week,6,A little,3,None at all,5,About half the time,3,About the same,3,Somewhat oppose,2,Strongly favor,5,Neither favor nor oppose,3,
48,Male,1,White,3,No,0,"$150,000 - $199,999",6,Donald Trump,2,Full-time,1,"By law, abortion should never be permitted.",1,Rarely,4,Religious beliefs,3,Once a week,5,None at all,3,None at all,5,About half the time,3,A lot harder,5,Somewhat oppose,2,Somewhat oppose,2,Neither favor nor oppose,3,
37,Male,1,Black,1,No,0,"Less than $10,000",1,Donald Trump,2,Homemaker,6,"By law, abortion should never be permitted.",1,Rarely,4,Both equally,2,Don't know,7,A moderate amount,2,A moderate amount,3,Some of the time,4,About the same,3,Neither favor nor oppose,3,Somewhat oppose,2,Neither favor nor oppose,3,
61,Female,2,White,3,No,0,"$40,000 - $49,999",5,Joe Biden,1,Part-time,2,Other,5,Rarely,4,Reason and evidence,1,Never,1,A lot,1,A moderate amount,3,About half the time,3,A lot easier,1,Strongly favor,5,Strongly oppose,1,Strongly favor,5,
61,Male,1,White,3,No,0,"$30,000 - $39,999",4,Donald Trump,2,Part-time,2,"By law, abortion should never be permitted.",1,Rarely,4,Religious beliefs,3,More than once a week,6,A moderate amount,3,None at all,5,About half the time,3,A lot harder,5,Strongly favor,5,Strongly favor,5,Somewhat favor,4,
47,Female,2,Hispanic,2,No,0,"$20,000 - $29,999",3,Donald Trump,2,Permanently disabled,7,"By law, a woman should always be able to obtain an abortion as a matter of perso",4,Never,5,Both equally,2,Never,1,A moderate amount,2,A moderate amount,3,Some of the time,4,A lot easier,1,Neither favor nor oppose,3,Neither favor nor oppose,3,Neither favor nor oppose,3,
44,Female,2,Hispanic,2,No,0,"$20,000 - $29,999",3,Joe Biden,1,Permanently disabled,7,"By law, a woman should always be able to obtain an abortion as a matter of perso",4,Rarely,4,Reason and evidence,1,Never,1,A moderate amount,1,None at all,5,Some of the time,4,Somewhat harder,4,Strongly favor,5,Strongly oppose,1,Strongly favor,5,
41,Male,1,Hispanic,2,No,0,"$30,000 - $39,999",4,Joe Biden,1,Full-time,1,"By law, a woman should always be able to obtain an abortion as a matter of perso",4,Very often,2,Reason and evidence,1,Never,1,A lot,1,A moderate amount,3,About half the time,3,Somewhat easier,2,Strongly favor,5,Somewhat oppose,2,Strongly favor,5,
56,Male,1,White,3,No,0,"$100,000 - $119,999",11,Donald Trump,2,Full-time,1,"The law should permit abortion only in case of rape, incest, or when the woman's",2,Never,5,Reason and evidence,1,Never,1,None at all,1,None at all,5,About half the time,3,A lot harder,5,Strongly oppose,1,Strongly oppose,1,Strongly oppose,1,
53,Male,1,White,3,No,0,"$50,000 - $59,999",6,Donald Trump,2,Full-time,1,"By law, a woman should always be able to obtain an abortion as a matter of perso",4,Rarely,4,Reason and evidence,1,Seldom,2,A lot,1,None at all,5,About half the time,3,A lot harder,5,Somewhat favor,4,Somewhat oppose,2,Neither favor nor oppose,3,
64,Male,1,White,3,Yes,1,"$150,000 - $199,999",6,Donald Trump,2,Full-time,1,"The law should permit abortion for reasons other than rape,",3,Rarely,4,Reason and evidence,1,Never,1,None at all,1,None at all,5,About half the time,3,A lot harder,5,Strongly oppose,1,Somewhat favor,4,Strongly oppose,1,
30,Female,2,Black,1,No,0,"$250,000 - $349,999",6,Joe Biden,1,Full-time,1,"The law should permit abortion for reasons other than rape,",3,Rarely,4,Reason and evidence,1,Once a week,5,A great deal,1,A great deal,1,About half the time,3,About the same,3,Somewhat favor,4,Somewhat favor,4,Somewhat favor,4,
49,Female,2,White,3,No,0,"$30,000 - $39,999",4,Joe Biden,1,Full-time,1,"By law, a woman should always be able to obtain an abortion as a matter of perso",4,Rarely,4,Both equally,2,Seldom,2,A moderate amount,2,A little,4,Most of the time,2,Somewhat easier,2,Somewhat oppose,2,Somewhat oppose,2,Somewhat favor,4,
36,Male,1,White,3,No,0,"$70,000 - $79,999",8,Joe Biden,1,Full-time,1,"By law, a woman should always be able to obtain an abortion as a matter of perso",4,Rarely,4,Reason and evidence,1,A few times a year,3,A great deal,1,A great deal,1,Some of the time,4,A lot easier,1,Strongly favor,5,Strongly oppose,1,Strongly favor,5,
62,Male,1,White,3,Yes,1,"$250,000 - $349,999",6,Donald Trump,2,Full-time,1,"By law, a woman should always be able to obtain an abortion as a matter of perso",4,Rarely,4,Reason and evidence,1,A few times a year,3,A little,1,None at all,5,Most of the time,2,About the same,3,Strongly favor,5,Strongly favor,5,Somewhat oppose,2,
58,Male,1,White,3,No,0,"$120,000 - $149,999",3,Donald Trump,2,Full-time,1,"The law should permit abortion only in case of rape, incest, or when the woman's",2,Rarely,4,Both equally,2,Once or twice a month,4,A little,2,None at all,5,About half the time,3,About the same,3,Strongly oppose,1,Somewhat favor,4,Somewhat oppose,2,
45,Male,1,Hispanic,2,No,0,"$20,000 - $29,999",3,Joe Biden,1,Permanently disabled,7,"By law, a woman should always be able to obtain an abortion as a matter of perso",4,Rarely,4,Reason and evidence,1,Seldom,2,A great deal,1,None at all,5,Some of the time,4,Somewhat harder,4,Neither favor nor oppose,3,Neither favor nor oppose,3,Neither favor nor oppose,3,
65,Female,2,Hispanic,2,No,0,"$50,000 - $59,999",6,Joe Biden,1,Retired,5,"By law, a woman should always be able to obtain an abortion as a matter of perso",4,Rarely,4,Both equally,2,Seldom,2,A great deal,2,A great deal,1,Some of the time,4,A lot easier,1,Somewhat favor,4,Neither favor nor oppose,3,Neither favor nor oppose,3,
69,Male,1,Black,1,No,0,"$40,000 - $49,999",5,Joe Biden,1,Full-time,1,"By law, a woman should always be able to obtain an abortion as a matter of perso",4,Never,5,Religious beliefs,3,Once a week,5,A lot,3,None at all,5,Some of the time,4,About the same,3,Neither favor nor oppose,3,Strongly oppose,1,Strongly favor,5,
64,Female,2,White,3,No,0,"$70,000 - $79,999",8,Donald Trump,2,Part-time,2,"The law should permit abortion for reasons other than rape,",3,Rarely,4,Both equally,2,A few times a year,3,None at all,2,None at all,5,About half the time,3,Somewhat easier,2,Somewhat favor,4,Neither favor nor oppose,3,Strongly oppose,1,
67,Female,2,White,3,No,0,"$20,000 - $29,999",3,Donald Trump,2,Retired,5,"The law should permit abortion only in case of rape, incest, or when the woman's",2,Rarely,4,Reason and evidence,1,A few times a year,3,A little,1,None at all,5,Most of the time,2,Somewhat easier,2,Somewhat oppose,2,Neither favor nor oppose,3,Somewhat oppose,2,
72,Female,2,White,3,Yes,1,"$50,000 - $59,999",6,Joe Biden,1,Retired,5,"By law, a woman should always be able to obtain an abortion as a matter of perso",4,Rarely,4,Reason and evidence,1,Once a week,5,A lot,1,A moderate amount,3,Most of the time,2,Somewhat easier,2,Strongly favor,5,Somewhat oppose,2,Strongly favor,5,
48,Female,2,White,3,No,0,"$60,000 - $69,999",7,Donald Trump,2,Homemaker,6,"By law, a woman should always be able to obtain an abortion as a matter of perso",4,Rarely,4,Both equally,2,A few times a year,3,A little,2,None at all,5,Most of the time,2,A lot harder,5,Strongly oppose,1,Strongly favor,5,Strongly oppose,1,
29,Female,2,White,3,No,0,"$150,000 - $199,999",6,Joe Biden,1,Student,4,"By law, a woman should always be able to obtain an abortion as a matter of perso",4,Rarely,4,Reason and evidence,1,Never,1,A moderate amount,1,A little,4,Some of the time,4,About the same,3,Neither favor nor oppose,3,Strongly favor,5,Somewhat oppose,2,
58,Female,2,White,3,Yes,1,"$120,000 - $149,999",3,Joe Biden,1,Homemaker,6,"By law, a woman should always be able to obtain an abortion as a matter of perso",4,Rarely,4,Reason and evidence,1,Once or twice a month,4,A great deal,1,A moderate amount,3,Most of the time,2,About the same,3,Strongly favor,5,Neither favor nor oppose,3,Strongly favor,5,
57,Female,2,White,3,Yes,1,"$70,000 - $79,999",8,Donald Trump,2,Retired,5,"The law should permit abortion only in case of rape, incest, or when the woman's",2,Never,5,Reason and evidence,1,Never,1,None at all,1,None at all,5,Some of the time,4,About the same,3,Somewhat favor,4,Strongly favor,5,Strongly oppose,1,
64,Female,2,White,3,No,0,"$40,000 - $49,999",5,Joe Biden,1,Full-time,1,"By law, a woman should always be able to obtain an abortion as a matter of perso",4,Rarely,4,Both equally,2,Seldom,2,A great deal,2,A lot,2,Some of the time,4,Somewhat harder,4,Somewhat oppose,2,Somewhat oppose,2,Somewhat favor,4,
78,Female,2,White,3,Yes,1,"$40,000 - $49,999",5,Joe Biden,1,Retired,5,"By law, a woman should always be able to obtain an abortion as a matter of perso",4,Rarely,4,Both equally,2,Once a week,5,A moderate amount,2,A little,4,About half the time,3,Somewhat harder,4,Strongly favor,5,Somewhat oppose,2,Strongly favor,5,
54,Male,1,White,3,No,0,"$20,000 - $29,999",3,Joe Biden,1,Permanently disabled,7,"By law, a woman should always be able to obtain an abortion as a matter of perso",4,Moderately often,3,Reason and evidence,1,Never,1,A moderate amount,1,A little,4,Most of the time,2,Somewhat harder,4,Strongly favor,5,Strongly oppose,1,Somewhat favor,4,
72,Male,1,White,3,No,0,"$20,000 - $29,999",3,Joe Biden,1,Retired,5,"By law, a woman should always be able to obtain an abortion as a matter of perso",4,Rarely,4,Reason and evidence,1,Seldom,2,A moderate amount,1,A little,4,Some of the time,4,A lot harder,5,Somewhat favor,4,Somewhat favor,4,Strongly favor,5,
51,Female,2,White,3,No,0,"$120,000 - $149,999",3,Joe Biden,1,Full-time,1,Other,5,Rarely,4,Both equally,2,Seldom,2,A moderate amount,2,A little,4,About half the time,3,A lot easier,1,Strongly oppose,1,Strongly oppose,1,Somewhat favor,4,
51,Male,1,White,3,No,0,"$80,000 - $99,999",9,Donald Trump,2,Full-time,1,"The law should permit abortion only in case of rape, incest, or when the woman's",2,Rarely,4,Reason and evidence,1,Seldom,2,None at all,1,None at all,5,Most of the time,2,Somewhat harder,4,Strongly oppose,1,Strongly oppose,1,Strongly oppose,1,
69,Female,2,White,3,Yes,1,"$30,000 - $39,999",4,Joe Biden,1,Part-time,2,"By law, a woman should always be able to obtain an abortion as a matter of perso",4,Rarely,4,Reason and evidence,1,Seldom,2,A lot,1,A little,4,Most of the time,2,About the same,3,Strongly favor,5,Somewhat oppose,2,Somewhat favor,4,
82,Female,2,White,3,Yes,1,"$80,000 - $99,999",9,Joe Biden,1,Retired,5,"By law, a woman should always be able to obtain an abortion as a matter of perso",4,Rarely,4,Reason and evidence,1,Never,1,A great deal,1,A moderate amount,3,Most of the time,2,Somewhat easier,2,Strongly favor,5,Neither favor nor oppose,3,Somewhat favor,4,
70,Female,2,White,3,No,0,"$80,000 - $99,999",9,Joe Biden,1,Retired,5,"By law, a woman should always be able to obtain an abortion as a matter of perso",4,Rarely,4,Reason and evidence,1,Never,1,A moderate amount,1,A moderate amount,3,Most of the time,2,About the same,3,Somewhat favor,4,Somewhat oppose,2,Somewhat favor,4,
58,Male,1,White,3,No,0,"$40,000 - $49,999",5,Donald Trump,2,Other,8,"By law, a woman should always be able to obtain an abortion as a matter of perso",4,Never,5,Reason and evidence,1,Seldom,2,A moderate amount,1,A little,4,Some of the time,4,About the same,3,Somewhat oppose,2,Strongly oppose,1,Somewhat oppose,2,
51,Male,1,White,3,Yes,1,"$200,000 - $249,999",13,Donald Trump,2,Full-time,1,"The law should permit abortion for reasons other than rape,",3,Rarely,4,Both equally,2,Once a week,5,A little,2,A great deal,1,Some of the time,4,A lot easier,1,Somewhat favor,4,Strongly favor,5,Somewhat favor,4,
67,Male,1,White,3,Yes,1,"$150,000 - $199,999",6,Donald Trump,2,Retired,5,"The law should permit abortion only in case of rape, incest, or when the woman's",2,Rarely,4,Both equally,2,More than once a week,6,None at all,2,None at all,5,Some of the time,4,About the same,3,Strongly oppose,1,Strongly favor,5,Strongly oppose,1,
62,Male,1,White,3,No,0,"$20,000 - $29,999",3,Donald Trump,2,Full-time,1,"The law should permit abortion only in case of rape, incest, or when the woman's",2,Rarely,4,Both equally,2,Never,1,None at all,2,None at all,5,Some of the time,4,A lot harder,5,Somewhat oppose,2,Somewhat favor,4,Somewhat favor,4,
62,Male,1,White,3,No,0,"$60,000 - $69,999",7,Joe Biden,1,Unemployed,3,"By law, a woman should always be able to obtain an abortion as a matter of perso",4,Moderately often,3,Reason and evidence,1,Seldom,2,A little,1,A little,4,Some of the time,4,A lot harder,5,Somewhat favor,4,Somewhat oppose,2,Neither favor nor oppose,3,
38,Male,1,White,3,Yes,1,"$150,000 - $199,999",6,Joe Biden,1,Full-time,1,"By law, a woman should always be able to obtain an abortion as a matter of perso",4,Rarely,4,Reason and evidence,1,Seldom,2,A lot,1,A moderate amount,3,Some of the time,4,Somewhat easier,2,Strongly favor,5,Strongly oppose,1,Strongly favor,5,
63,Male,1,White,3,No,0,"$10,000 - $19,999",2,Donald Trump,2,Permanently disabled,7,"By law, a woman should always be able to obtain an abortion as a matter of perso",4,Rarely,4,Both equally,2,Never,1,A great deal,2,A great deal,1,Never,5,A lot harder,5,Strongly favor,5,Strongly favor,5,Strongly favor,5,
77,Female,2,White,3,No,0,"$30,000 - $39,999",4,Donald Trump,2,Retired,5,"The law should permit abortion only in case of rape, incest, or when the woman's",2,Rarely,4,Both equally,2,Never,1,None at all,2,A little,4,Never,5,About the same,3,Somewhat oppose,2,Somewhat favor,4,Somewhat oppose,2,
40,Female,2,White,3,No,0,"$120,000 - $149,999",3,Donald Trump,2,Part-time,2,"The law should permit abortion for reasons other than rape,",3,Rarely,4,Reason and evidence,1,Never,1,A great deal,1,None at all,5,Some of the time,4,Somewhat harder,4,Somewhat favor,4,Somewhat favor,4,Neither favor nor oppose,3,
42,Male,1,White,3,No,0,"$20,000 - $29,999",3,Donald Trump,2,Full-time,1,"The law should permit abortion for reasons other than rape,",3,Rarely,4,Reason and evidence,1,Never,1,A moderate amount,1,A little,4,Most of the time,2,About the same,3,Neither favor nor oppose,3,Neither favor nor oppose,3,Neither favor nor oppose,3,
68,Female,2,White,3,No,0,"$50,000 - $59,999",6,Donald Trump,2,Retired,5,"The law should permit abortion only in case of rape, incest, or when the woman's",2,Rarely,4,Both equally,2,A few times a year,3,A little,2,None at all,5,Some of the time,4,About the same,3,Strongly favor,5,Strongly favor,5,Strongly oppose,1,
61,Male,1,White,3,No,0,"$200,000 - $249,999",13,Donald Trump,2,Other,8,"The law should permit abortion only in case of rape, incest, or when the woman's",2,Rarely,4,Both equally,2,A few times a year,3,A little,2,A little,4,Some of the time,4,A lot harder,5,Strongly favor,5,Neither favor nor oppose,3,Strongly favor,5,
57,Female,2,White,3,No,0,"$100,000 - $119,999",11,Joe Biden,1,Unemployed,3,"By law, a woman should always be able to obtain an abortion as a matter of perso",4,Rarely,4,Reason and evidence,1,Never,1,A moderate amount,1,A little,4,About half the time,3,About the same,3,Somewhat favor,4,Neither favor nor oppose,3,Somewhat favor,4,
50,Female,2,White,3,No,0,"$120,000 - $149,999",3,Joe Biden,1,Part-time,2,"By law, a woman should always be able to obtain an abortion as a matter of perso",4,Rarely,4,Both equally,2,Once a week,5,A little,2,A little,4,Some of the time,4,About the same,3,Neither favor nor oppose,3,Neither favor nor oppose,3,Neither favor nor oppose,3,
72,Female,2,Hispanic,2,No,0,"$60,000 - $69,999",7,Joe Biden,1,Retired,5,"The law should permit abortion only in case of rape, incest, or when the woman's",2,Never,5,Both equally,2,Seldom,2,A moderate amount,2,A moderate amount,3,Most of the time,2,Somewhat easier,2,Strongly favor,5,Somewhat favor,4,Somewhat oppose,2,
76,Female,2,White,3,Yes,1,"$50,000 - $59,999",6,Joe Biden,1,Part-time,2,"By law, a woman should always be able to obtain an abortion as a matter of perso",4,Rarely,4,Reason and evidence,1,Seldom,2,A moderate amount,1,A little,4,Some of the time,4,About the same,3,Strongly favor,5,Strongly favor,5,Neither favor nor oppose,3,
28,Female,2,White,3,No,0,"$50,000 - $59,999",6,Donald Trump,2,Homemaker,6,"By law, a woman should always be able to obtain an abortion as a matter of perso",4,Rarely,4,Reason and evidence,1,Never,1,A moderate amount,1,None at all,5,About half the time,3,A lot easier,1,Somewhat favor,4,Strongly oppose,1,Strongly favor,5,
58,Female,2,White,3,No,0,"$10,000 - $19,999",2,Donald Trump,2,Permanently disabled,7,"By law, abortion should never be permitted.",1,Rarely,4,Both equally,2,Once a week,5,A moderate amount,2,None at all,5,About half the time,3,About the same,3,Strongly oppose,1,Neither favor nor oppose,3,Neither favor nor oppose,3,
68,Female,2,Hispanic,2,No,0,"$80,000 - $99,999",9,Donald Trump,2,Retired,5,"The law should permit abortion only in case of rape, incest, or when the woman's",2,Rarely,4,Both equally,2,Never,1,A moderate amount,2,A moderate amount,3,Most of the time,2,Somewhat harder,4,Somewhat oppose,2,Somewhat oppose,2,Somewhat oppose,2,
56,Male,1,White,3,Yes,1,"$100,000 - $119,999",11,Joe Biden,1,Retired,5,"By law, a woman should always be able to obtain an abortion as a matter of perso",4,Rarely,4,Reason and evidence,1,Never,1,A little,1,None at all,5,Most of the time,2,About the same,3,Somewhat favor,4,Somewhat favor,4,Somewhat favor,4,
36,Female,2,Hispanic,2,No,0,"$80,000 - $99,999",9,Donald Trump,2,Homemaker,6,"The law should permit abortion for reasons other than rape,",3,Moderately often,3,Religious beliefs,3,A few times a year,3,A moderate amount,3,A moderate amount,3,Some of the time,4,Somewhat harder,4,Neither favor nor oppose,3,Neither favor nor oppose,3,Neither favor nor oppose,3,
61,Female,2,White,3,Yes,1,"$80,000 - $99,999",9,Donald Trump,2,Full-time,1,"The law should permit abortion only in case of rape, incest, or when the woman's",2,Rarely,4,Both equally,2,Seldom,2,A little,2,A little,4,About half the time,3,Somewhat harder,4,Strongly favor,5,Strongly favor,5,Neither favor nor oppose,3,
65,Female,2,White,3,Yes,1,"$30,000 - $39,999",4,Donald Trump,2,Retired,5,Other,5,Rarely,4,Reason and evidence,1,Never,1,None at all,1,None at all,5,Some of the time,4,Somewhat easier,2,Strongly oppose,1,Strongly oppose,1,Somewhat oppose,2,
65,Male,1,White,3,Yes,1,"$100,000 - $119,999",11,Joe Biden,1,Permanently disabled,7,"By law, a woman should always be able to obtain an abortion as a matter of perso",4,Rarely,4,Reason and evidence,1,Never,1,A lot,1,A lot,2,Most of the time,2,Somewhat easier,2,Strongly favor,5,Strongly oppose,1,Strongly favor,5,
21,Female,2,Hispanic,2,No,0,"$60,000 - $69,999",7,Donald Trump,2,Full-time,1,"By law, abortion should never be permitted.",1,Rarely,4,Both equally,2,Once a week,5,A moderate amount,2,A moderate amount,3,Most of the time,2,A lot harder,5,Somewhat oppose,2,Strongly favor,5,Strongly favor,5,
85,Male,1,White,3,Yes,1,"$100,000 - $119,999",11,Donald Trump,2,Retired,5,"The law should permit abortion only in case of rape, incest, or when the woman's",2,Rarely,4,Both equally,2,Once a week,5,None at all,2,None at all,5,Most of the time,2,A lot harder,5,Strongly favor,5,Strongly favor,5,Neither favor nor oppose,3,
52,Male,1,White,3,No,0,"$10,000 - $19,999",2,Donald Trump,2,Unemployed,3,"The law should permit abortion for reasons other than rape,",3,Never,5,Both equally,2,Seldom,2,None at all,2,None at all,5,About half the time,3,A lot harder,5,Neither favor nor oppose,3,Strongly oppose,1,Strongly favor,5,
66,Female,2,White,3,No,0,"$10,000 - $19,999",2,Donald Trump,2,Permanently disabled,7,"By law, a woman should always be able to obtain an abortion as a matter of perso",4,Rarely,4,Reason and evidence,1,Never,1,A little,1,A moderate amount,3,Never,5,A lot harder,5,Strongly oppose,1,Somewhat oppose,2,Somewhat oppose,2,
39,Female,2,White,3,No,0,"$10,000 - $19,999",2,Joe Biden,1,Permanently disabled,7,"By law, a woman should always be able to obtain an abortion as a matter of perso",4,Rarely,4,Both equally,2,Seldom,2,A moderate amount,2,A moderate amount,3,Some of the time,4,A lot easier,1,Somewhat favor,4,Somewhat favor,4,Neither favor nor oppose,3,
30,Male,1,Black,1,Yes,1,"$40,000 - $49,999",5,Donald Trump,2,Part-time,2,"The law should permit abortion only in case of rape, incest, or when the woman's",2,Never,5,Reason and evidence,1,More than once a week,6,A moderate amount,1,A lot,2,Most of the time,2,Somewhat easier,2,Somewhat favor,4,Somewhat favor,4,Somewhat favor,4,
69,Female,2,White,3,Yes,1,"$40,000 - $49,999",5,Donald Trump,2,Retired,5,"By law, abortion should never be permitted.",1,Rarely,4,Reason and evidence,1,More than once a week,6,A little,1,None at all,5,Never,5,A lot harder,5,Neither favor nor oppose,3,Strongly favor,5,Strongly oppose,1,
78,Female,2,Hispanic,2,No,0,"$70,000 - $79,999",8,Donald Trump,2,Retired,5,"By law, a woman should always be able to obtain an abortion as a matter of perso",4,Rarely,4,Reason and evidence,1,Never,1,None at all,1,None at all,5,Most of the time,2,About the same,3,Strongly favor,5,Strongly favor,5,Neither favor nor oppose,3,
29,Male,1,White,3,No,0,"$20,000 - $29,999",3,Joe Biden,1,Part-time,2,"By law, a woman should always be able to obtain an abortion as a matter of perso",4,Moderately often,3,Reason and evidence,1,Never,1,A lot,1,A lot,2,Most of the time,2,A lot easier,1,Strongly oppose,1,Strongly oppose,1,Strongly favor,5,
59,Male,1,White,3,Yes,1,"$60,000 - $69,999",7,Donald Trump,2,Part-time,2,"By law, abortion should never be permitted.",1,Never,5,Religious beliefs,3,Once a week,5,None at all,3,None at all,5,About half the time,3,Somewhat harder,4,Neither favor nor oppose,3,Strongly favor,5,Neither favor nor oppose,3,
76,Female,2,White,3,No,0,"$70,000 - $79,999",8,Donald Trump,2,Retired,5,"The law should permit abortion only in case of rape, incest, or when the woman's",2,Never,5,Both equally,2,A few times a year,3,A little,2,A little,4,Some of the time,4,A lot harder,5,Strongly favor,5,Somewhat favor,4,Strongly oppose,1,
82,Female,2,White,3,Yes,1,"$10,000 - $19,999",2,Donald Trump,2,Retired,5,"The law should permit abortion only in case of rape, incest, or when the woman's",2,Never,5,Both equally,2,Once a week,5,None at all,2,None at all,5,About half the time,3,Somewhat easier,2,Somewhat oppose,2,Strongly favor,5,Neither favor nor oppose,3,
66,Female,2,White,3,Yes,1,"$30,000 - $39,999",4,Donald Trump,2,Retired,5,"The law should permit abortion only in case of rape, incest, or when the woman's",2,Rarely,4,Reason and evidence,1,Seldom,2,None at all,1,None at all,5,Some of the time,4,A lot harder,5,Strongly oppose,1,Strongly oppose,1,Strongly oppose,1,
67,Female,2,White,3,Yes,1,"$80,000 - $99,999",9,Donald Trump,2,Part-time,2,"The law should permit abortion for reasons other than rape,",3,Rarely,4,Both equally,2,Never,1,None at all,2,None at all,5,Most of the time,2,A lot harder,5,Strongly favor,5,Somewhat favor,4,Somewhat oppose,2,
67,Female,2,White,3,No,0,"$20,000 - $29,999",3,Donald Trump,2,Permanently disabled,7,"The law should permit abortion only in case of rape, incest, or when the woman's",2,Never,5,Both equally,2,Once a week,5,A lot,2,None at all,5,Some of the time,4,A lot harder,5,Strongly oppose,1,Somewhat favor,4,Somewhat favor,4,
70,Male,1,Hispanic,2,No,0,"$80,000 - $99,999",9,Donald Trump,2,Full-time,1,"By law, abortion should never be permitted.",1,Rarely,4,Religious beliefs,3,More than once a week,6,None at all,3,None at all,5,About half the time,3,Somewhat harder,4,Neither favor nor oppose,3,Strongly favor,5,Neither favor nor oppose,3,
61,Female,2,White,3,No,0,"$20,000 - $29,999",3,Donald Trump,2,Unemployed,3,"The law should permit abortion only in case of rape, incest, or when the woman's",2,Rarely,4,Both equally,2,Seldom,2,None at all,2,None at all,5,Some of the time,4,A lot harder,5,Strongly oppose,1,Neither favor nor oppose,3,Neither favor nor oppose,3,
65,Female,2,White,3,Yes,1,"$50,000 - $59,999",6,Donald Trump,2,Retired,5,"The law should permit abortion only in case of rape, incest, or when the woman's",2,Rarely,4,Reason and evidence,1,Seldom,2,None at all,1,None at all,5,Some of the time,4,A lot harder,5,Strongly oppose,1,Strongly favor,5,Strongly oppose,1,
46,Female,2,White,3,No,0,"$60,000 - $69,999",7,Donald Trump,2,Permanently disabled,7,"The law should permit abortion only in case of rape, incest, or when the woman's",2,Rarely,4,Both equally,2,Never,1,A moderate amount,2,A moderate amount,3,Most of the time,2,Somewhat harder,4,Neither favor nor oppose,3,Neither favor nor oppose,3,Neither favor nor oppose,3,
78,Female,2,White,3,No,0,"$20,000 - $29,999",3,Donald Trump,2,Retired,5,Other,5,Rarely,4,Both equally,2,Once a week,5,None at all,2,None at all,5,About half the time,3,A lot harder,5,Somewhat oppose,2,Somewhat oppose,2,Neither favor nor oppose,3,
37,Female,2,Hispanic,2,No,0,"$10,000 - $19,999",2,Donald Trump,2,Part-time,2,"The law should permit abortion for reasons other than rape,",3,Rarely,4,Both equally,2,Once or twice a month,4,A great deal,2,A moderate amount,3,About half the time,3,About the same,3,Neither favor nor oppose,3,Neither favor nor oppose,3,Strongly favor,5,
62,Female,2,White,3,No,0,"$60,000 - $69,999",7,Joe Biden,1,Retired,5,"By law, a woman should always be able to obtain an abortion as a matter of perso",4,Rarely,4,Reason and evidence,1,Seldom,2,A moderate amount,1,A moderate amount,3,Most of the time,2,Somewhat harder,4,Strongly favor,5,Somewhat favor,4,Strongly favor,5,
41,Male,1,White,3,No,0,"$20,000 - $29,999",3,Joe Biden,1,Unemployed,3,"By law, a woman should always be able to obtain an abortion as a matter of perso",4,Rarely,4,Reason and evidence,1,Never,1,A little,1,A little,4,Most of the time,2,Somewhat harder,4,Strongly oppose,1,Strongly oppose,1,Somewhat favor,4,
64,Female,2,Black,1,Yes,1,"$80,000 - $99,999",9,Joe Biden,1,Full-time,1,"By law, a woman should always be able to obtain an abortion as a matter of perso",4,Rarely,4,Reason and evidence,1,Seldom,2,A moderate amount,1,A moderate amount,3,Most of the time,2,Somewhat harder,4,Neither favor nor oppose,3,Strongly oppose,1,Strongly favor,5,
24,Male,1,Black,1,No,0,"$100,000 - $119,999",11,Donald Trump,2,Part-time,2,"By law, a woman should always be able to obtain an abortion as a matter of perso",4,Never,5,Both equally,2,Never,1,A great deal,2,A great deal,1,Never,5,Somewhat easier,2,Strongly oppose,1,Somewhat favor,4,Strongly oppose,1,
55,Female,2,White,3,No,0,"$20,000 - $29,999",3,Donald Trump,2,Permanently disabled,7,"By law, abortion should never be permitted.",1,Rarely,4,Both equally,2,Never,1,None at all,2,None at all,5,Some of the time,4,A lot harder,5,Strongly oppose,1,Strongly favor,5,Strongly oppose,1,
20,Female,2,Black,1,No,0,"$100,000 - $119,999",11,Joe Biden,1,Student,4,"The law should permit abortion for reasons other than rape,",3,Very often,2,Reason and evidence,1,Never,1,A lot,1,A lot,2,Some of the time,4,Somewhat easier,2,Somewhat favor,4,Neither favor nor oppose,3,Neither favor nor oppose,3,
66,Male,1,White,3,No,0,"$70,000 - $79,999",8,Donald Trump,2,Other,8,"The law should permit abortion for reasons other than rape,",3,Rarely,4,Reason and evidence,1,A few times a year,3,A little,1,None at all,5,Most of the time,2,A lot harder,5,Somewhat favor,4,Somewhat favor,4,Somewhat favor,4,
26,Female,2,Hispanic,2,No,0,"$40,000 - $49,999",5,Joe Biden,1,Full-time,1,"The law should permit abortion only in case of rape, incest, or when the woman's",2,Rarely,4,Both equally,2,More than once a week,6,A great deal,2,A great deal,1,Some of the time,4,About the same,3,Somewhat favor,4,Somewhat favor,4,Somewhat favor,4,
27,Male,1,White,3,Yes,1,"$60,000 - $69,999",7,Donald Trump,2,Full-time,1,"The law should permit abortion for reasons other than rape,",3,Moderately often,3,Both equally,2,Once a week,5,A great deal,2,A moderate amount,3,Never,5,About the same,3,Strongly oppose,1,Strongly oppose,1,Somewhat favor,4,
70,Male,1,White,3,Yes,1,"$80,000 - $99,999",9,Joe Biden,1,Retired,5,"By law, a woman should always be able to obtain an abortion as a matter of perso",4,Rarely,4,Both equally,2,Seldom,2,A moderate amount,2,A little,4,Most of the time,2,Somewhat harder,4,Strongly favor,5,Somewhat oppose,2,Strongly favor,5,
69,Male,1,Hispanic,2,No,0,"$120,000 - $149,999",3,Donald Trump,2,Retired,5,"By law, abortion should never be permitted.",1,Never,5,Religious beliefs,3,Once a week,5,A moderate amount,3,None at all,5,Never,5,Somewhat easier,2,Strongly oppose,1,Strongly favor,5,Somewhat oppose,2,
23,Male,1,Black,1,No,0,"$20,000 - $29,999",3,Donald Trump,2,Part-time,2,"By law, abortion should never be permitted.",1,Very often,2,Both equally,2,A few times a year,3,A moderate amount,2,A little,4,Some of the time,4,About the same,3,Neither favor nor oppose,3,Somewhat favor,4,Somewhat oppose,2,
33,Female,2,Black,1,No,0,"Less than $10,000",1,Joe Biden,1,Part-time,2,"The law should permit abortion only in case of rape, incest, or when the woman's",2,Never,5,Both equally,2,More than once a week,6,A great deal,2,A moderate amount,3,Some of the time,4,About the same,3,Strongly favor,5,Strongly favor,5,Neither favor nor oppose,3,
33,Male,1,Hispanic,2,No,0,"$40,000 - $49,999",5,Donald Trump,2,Unemployed,3,"The law should permit abortion for reasons other than rape,",3,Moderately often,3,Both equally,2,A few times a year,3,A lot,2,A moderate amount,3,About half the time,3,About the same,3,Neither favor nor oppose,3,Neither favor nor oppose,3,Neither favor nor oppose,3,
32,Female,2,Black,1,No,0,"$30,000 - $39,999",4,Joe Biden,1,Full-time,1,"By law, a woman should always be able to obtain an abortion as a matter of perso",4,Moderately often,3,Reason and evidence,1,Never,1,A lot,1,A lot,2,Some of the time,4,About the same,3,Neither favor nor oppose,3,Neither favor nor oppose,3,Neither favor nor oppose,3,
25,Female,2,Hispanic,2,No,0,"$100,000 - $119,999",11,Joe Biden,1,Student,4,"By law, a woman should always be able to obtain an abortion as a matter of perso",4,Moderately often,3,Reason and evidence,1,Never,1,A great deal,1,A moderate amount,3,Some of the time,4,Somewhat easier,2,Neither favor nor oppose,3,Neither favor nor oppose,3,Neither favor nor oppose,3,
19,Male,1,Black,1,No,0,"$50,000 - $59,999",6,Joe Biden,1,Unemployed,3,"The law should permit abortion only in case of rape, incest, or when the woman's",2,Rarely,4,Both equally,2,More than once a week,6,A lot,2,A lot,2,Most of the time,2,About the same,3,Neither favor nor oppose,3,Strongly oppose,1,Strongly favor,5,
30,Male,1,White,3,Yes,1,"$50,000 - $59,999",6,Donald Trump,2,Full-time,1,"By law, a woman should always be able to obtain an abortion as a matter of perso",4,Very often,2,Reason and evidence,1,Once or twice a month,4,A great deal,1,A lot,2,About half the time,3,Somewhat easier,2,Neither favor nor oppose,3,Somewhat favor,4,Somewhat favor,4,
24,Male,1,White,3,Yes,1,"$80,000 - $99,999",9,Donald Trump,2,Full-time,1,"The law should permit abortion only in case of rape, incest, or when the woman's",2,Never,5,Reason and evidence,1,Once a week,5,None at all,1,None at all,5,Some of the time,4,A lot easier,1,Strongly oppose,1,Strongly oppose,1,Strongly oppose,1,
73,Male,1,Hispanic,2,No,0,"$20,000 - $29,999",3,Joe Biden,1,Retired,5,"By law, a woman should always be able to obtain an abortion as a matter of perso",4,Rarely,4,Religious beliefs,3,A few times a year,3,A great deal,3,A little,4,Some of the time,4,A lot harder,5,Strongly favor,5,Strongly favor,5,Strongly favor,5,
26,Male,1,White,3,Yes,1,"$150,000 - $199,999",6,Joe Biden,1,Full-time,1,"The law should permit abortion only in case of rape, incest, or when the woman's",2,Moderately often,3,Religious beliefs,3,More than once a week,6,A lot,3,A great deal,1,Most of the time,2,Somewhat easier,2,Somewhat favor,4,Strongly favor,5,Somewhat favor,4,
26,Male,1,Hispanic,2,No,0,"$150,000 - $199,999",6,Joe Biden,1,Part-time,2,"The law should permit abortion only in case of rape, incest, or when the woman's",2,Moderately often,3,Reason and evidence,1,More than once a week,6,A great deal,1,A lot,2,Most of the time,2,Somewhat easier,2,Somewhat favor,4,Somewhat favor,4,Somewhat favor,4,
71,Male,1,Hispanic,2,No,0,"$40,000 - $49,999",5,Joe Biden,1,Retired,5,"By law, a woman should always be able to obtain an abortion as a matter of perso",4,Rarely,4,Both equally,2,Seldom,2,A lot,2,A moderate amount,3,Most of the time,2,Somewhat easier,2,Strongly favor,5,Somewhat oppose,2,Strongly favor,5,
55,Male,1,White,3,Yes,1,"$80,000 - $99,999",9,Joe Biden,1,Other,8,"By law, a woman should always be able to obtain an abortion as a matter of perso",4,Rarely,4,Reason and evidence,1,Never,1,A great deal,1,A moderate amount,3,Most of the time,2,A lot easier,1,Strongly favor,5,Strongly oppose,1,Strongly favor,5,
28,Female,2,Black,1,No,0,"$20,000 - $29,999",3,Joe Biden,1,Full-time,1,"By law, a woman should always be able to obtain an abortion as a matter of perso",4,Moderately often,3,Both equally,2,A few times a year,3,A great deal,2,A great deal,1,Some of the time,4,Somewhat harder,4,Neither favor nor oppose,3,Neither favor nor oppose,3,Neither favor nor oppose,3,
69,Male,1,Black,1,No,0,"$20,000 - $29,999",3,Joe Biden,1,Retired,5,"The law should permit abortion only in case of rape, incest, or when the woman's",2,Never,5,Both equally,2,Once a week,5,A great deal,2,A great deal,1,About half the time,3,A lot harder,5,Neither favor nor oppose,3,Neither favor nor oppose,3,Strongly favor,5,
83,Male,1,Black,1,Yes,1,"$70,000 - $79,999",8,Joe Biden,1,Retired,5,"By law, a woman should always be able to obtain an abortion as a matter of perso",4,Never,5,Both equally,2,Once a week,5,A great deal,2,A lot,2,About half the time,3,A lot easier,1,Strongly favor,5,Strongly favor,5,Strongly favor,5,
23,Male,1,White,3,No,0,"$60,000 - $69,999",7,Donald Trump,2,Full-time,1,"By law, a woman should always be able to obtain an abortion as a matter of perso",4,Rarely,4,Reason and evidence,1,Seldom,2,A little,1,A moderate amount,3,Some of the time,4,Somewhat easier,2,Somewhat oppose,2,Strongly favor,5,Strongly favor,5,
66,Male,1,Black,1,No,0,"$30,000 - $39,999",4,Donald Trump,2,Retired,5,"By law, a woman should always be able to obtain an abortion as a matter of perso",4,Rarely,4,Both equally,2,Never,1,None at all,2,None at all,5,Never,5,A lot harder,5,Neither favor nor oppose,3,Neither favor nor oppose,3,Somewhat favor,4,
54,Female,2,Hispanic,2,Yes,1,"$60,000 - $69,999",7,Joe Biden,1,Part-time,2,"By law, a woman should always be able to obtain an abortion as a matter of perso",4,Rarely,4,Reason and evidence,1,Never,1,A great deal,1,A lot,2,Most of the time,2,About the same,3,Strongly favor,5,Strongly favor,5,Strongly favor,5,
71,Male,1,Black,1,No,0,"$10,000 - $19,999",2,Joe Biden,1,Retired,5,"The law should permit abortion for reasons other than rape,",3,Rarely,4,Religious beliefs,3,Once a week,5,A great deal,3,A great deal,1,Some of the time,4,About the same,3,Neither favor nor oppose,3,Somewhat favor,4,Somewhat favor,4,
34,Female,2,Black,1,No,0,"Less than $10,000",1,Donald Trump,2,Part-time,2,"By law, abortion should never be permitted.",1,Very often,2,Religious beliefs,3,More than once a week,6,A great deal,3,A lot,2,About half the time,3,About the same,3,Neither favor nor oppose,3,Neither favor nor oppose,3,Neither favor nor oppose,3,
67,Female,2,Hispanic,2,No,0,"$70,000 - $79,999",8,Donald Trump,2,Retired,5,"The law should permit abortion for reasons other than rape,",3,Rarely,4,Reason and evidence,1,A few times a year,3,A little,1,None at all,5,Most of the time,2,About the same,3,Neither favor nor oppose,3,Neither favor nor oppose,3,Somewhat favor,4,
43,Male,1,Black,1,No,0,"$20,000 - $29,999",3,Donald Trump,2,Full-time,1,"The law should permit abortion for reasons other than rape,",3,Rarely,4,Both equally,2,Don't know,7,A moderate amount,2,A moderate amount,3,Never,5,About the same,3,Neither favor nor oppose,3,Neither favor nor oppose,3,Neither favor nor oppose,3,
56,Male,1,Hispanic,2,No,0,"$70,000 - $79,999",8,Donald Trump,2,Full-time,1,"The law should permit abortion for reasons other than rape,",3,Never,5,Both equally,2,Once a week,5,A lot,2,A great deal,1,About half the time,3,About the same,3,Neither favor nor oppose,3,Neither favor nor oppose,3,Neither favor nor oppose,3,
63,Male,1,Hispanic,2,Yes,1,"$70,000 - $79,999",8,Donald Trump,2,Retired,5,"The law should permit abortion for reasons other than rape,",3,Rarely,4,Reason and evidence,1,Seldom,2,None at all,1,None at all,5,Some of the time,4,About the same,3,Neither favor nor oppose,3,Strongly favor,5,Somewhat oppose,2,
37,Male,1,White,3,No,0,"$100,000 - $119,999",11,Joe Biden,1,Full-time,1,"By law, a woman should always be able to obtain an abortion as a matter of perso",4,Rarely,4,Reason and evidence,1,Seldom,2,A lot,1,A lot,2,Most of the time,2,About the same,3,Strongly favor,5,Strongly oppose,1,Strongly favor,5,
55,Female,2,White,3,No,0,"$80,000 - $99,999",9,Joe Biden,1,Full-time,1,"By law, a woman should always be able to obtain an abortion as a matter of perso",4,Rarely,4,Reason and evidence,1,Never,1,A little,1,None at all,5,Some of the time,4,Somewhat harder,4,Strongly favor,5,Strongly oppose,1,Strongly favor,5,
40,Female,2,White,3,No,0,"$50,000 - $59,999",6,Donald Trump,2,Full-time,1,Other,5,Moderately often,3,Reason and evidence,1,A few times a year,3,A little,1,None at all,5,About half the time,3,A lot harder,5,Somewhat favor,4,Strongly favor,5,Somewhat favor,4,
42,Female,2,White,3,Yes,1,"$120,000 - $149,999",3,Joe Biden,1,Full-time,1,"By law, a woman should always be able to obtain an abortion as a matter of perso",4,Rarely,4,Reason and evidence,1,A few times a year,3,A moderate amount,1,A moderate amount,3,Most of the time,2,Somewhat easier,2,Strongly favor,5,Somewhat oppose,2,Strongly favor,5,
32,Male,1,White,3,No,0,"$120,000 - $149,999",3,Joe Biden,1,Full-time,1,"By law, a woman should always be able to obtain an abortion as a matter of perso",4,Rarely,4,Reason and evidence,1,Once or twice a month,4,A great deal,1,A moderate amount,3,Most of the time,2,A lot easier,1,Strongly favor,5,Neither favor nor oppose,3,Neither favor nor oppose,3,
42,Female,2,White,3,No,0,"$100,000 - $119,999",11,Donald Trump,2,Full-time,1,Other,5,Rarely,4,Both equally,2,Never,1,A little,2,A little,4,Most of the time,2,A lot harder,5,Somewhat oppose,2,Neither favor nor oppose,3,Somewhat favor,4,
42,Female,2,Hispanic,2,No,0,"$100,000 - $119,999",11,Joe Biden,1,Full-time,1,"The law should permit abortion only in case of rape, incest, or when the woman's",2,Rarely,4,Both equally,2,Once a week,5,A moderate amount,2,A little,4,Most of the time,2,Somewhat harder,4,Neither favor nor oppose,3,Neither favor nor oppose,3,Neither favor nor oppose,3,
37,Female,2,White,3,No,0,"$30,000 - $39,999",4,Donald Trump,2,Full-time,1,"By law, a woman should always be able to obtain an abortion as a matter of perso",4,Rarely,4,Reason and evidence,1,Never,1,A little,1,None at all,5,Some of the time,4,Somewhat easier,2,Neither favor nor oppose,3,Neither favor nor oppose,3,Neither favor nor oppose,3,
42,Male,1,Black,1,No,0,"$250,000 - $349,999",6,Joe Biden,1,Full-time,1,"By law, a woman should always be able to obtain an abortion as a matter of perso",4,Rarely,4,Religious beliefs,3,More than once a week,6,None at all,3,None at all,5,Some of the time,4,Somewhat harder,4,Strongly oppose,1,Strongly oppose,1,Strongly favor,5,
40,Female,2,Hispanic,2,No,0,"$120,000 - $149,999",3,Joe Biden,1,Full-time,1,"By law, a woman should always be able to obtain an abortion as a matter of perso",4,Rarely,4,Reason and evidence,1,Never,1,A moderate amount,1,A little,4,About half the time,3,Somewhat easier,2,Neither favor nor oppose,3,Neither favor nor oppose,3,Neither favor nor oppose,3,
55,Female,2,Black,1,No,0,"Less than $10,000",1,Joe Biden,1,Permanently disabled,7,"By law, a woman should always be able to obtain an abortion as a matter of perso",4,Rarely,4,Both equally,2,Never,1,A great deal,2,None at all,5,Some of the time,4,Somewhat harder,4,Strongly favor,5,Somewhat oppose,2,Strongly favor,5,
34,Female,2,Hispanic,2,No,0,"Less than $10,000",1,Joe Biden,1,Unemployed,3,"The law should permit abortion only in case of rape, incest, or when the woman's",2,Rarely,4,Both equally,2,Seldom,2,A lot,2,A little,4,Some of the time,4,Somewhat easier,2,Strongly favor,5,Strongly oppose,1,Strongly favor,5,
51,Female,2,Black,1,Yes,1,"$40,000 - $49,999",5,Joe Biden,1,Full-time,1,"The law should permit abortion for reasons other than rape,",3,Never,5,Both equally,2,Once a week,5,A lot,2,A great deal,1,About half the time,3,Somewhat harder,4,Somewhat favor,4,Strongly favor,5,Somewhat favor,4,
31,Male,1,White,3,No,0,"$20,000 - $29,999",3,Joe Biden,1,Part-time,2,"The law should permit abortion only in case of rape, incest, or when the woman's",2,Rarely,4,Both equally,2,A few times a year,3,A lot,2,A moderate amount,3,Most of the time,2,About the same,3,Somewhat favor,4,Somewhat favor,4,Neither favor nor oppose,3,
64,Male,1,Black,1,No,0,"$200,000 - $249,999",13,Joe Biden,1,Full-time,1,"By law, a woman should always be able to obtain an abortion as a matter of perso",4,Rarely,4,Both equally,2,Once or twice a month,4,A great deal,2,None at all,5,Some of the time,4,Somewhat easier,2,Somewhat favor,4,Neither favor nor oppose,3,Somewhat favor,4,
23,Male,1,White,3,No,0,"$150,000 - $199,999",6,Joe Biden,1,Part-time,2,"By law, a woman should always be able to obtain an abortion as a matter of perso",4,Moderately often,3,Reason and evidence,1,Seldom,2,A great deal,1,A lot,2,Always,1,A lot easier,1,Somewhat favor,4,Strongly oppose,1,Strongly favor,5,
35,Female,2,White,3,No,0,"$20,000 - $29,999",3,Joe Biden,1,Part-time,2,"By law, a woman should always be able to obtain an abortion as a matter of perso",4,Moderately often,3,Reason and evidence,1,Never,1,None at all,1,None at all,5,Some of the time,4,Somewhat harder,4,Neither favor nor oppose,3,Neither favor nor oppose,3,Neither favor nor oppose,3,
41,Male,1,White,3,No,0,"$60,000 - $69,999",7,Joe Biden,1,Full-time,1,"By law, a woman should always be able to obtain an abortion as a matter of perso",4,Rarely,4,Reason and evidence,1,Seldom,2,A moderate amount,1,A little,4,Most of the time,2,About the same,3,Strongly oppose,1,Strongly oppose,1,Strongly favor,5,
38,Female,2,White,3,Yes,1,"$20,000 - $29,999",3,Joe Biden,1,Part-time,2,"By law, a woman should always be able to obtain an abortion as a matter of perso",4,Rarely,4,Reason and evidence,1,Never,1,A lot,1,A lot,2,Some of the time,4,A lot easier,1,Strongly favor,5,Neither favor nor oppose,3,Neither favor nor oppose,3,
41,Female,2,Hispanic,2,No,0,"$40,000 - $49,999",5,Joe Biden,1,Temporarily laid off,9,"By law, a woman should always be able to obtain an abortion as a matter of perso",4,Rarely,4,Reason and evidence,1,Seldom,2,A moderate amount,1,A little,4,About half the time,3,Somewhat easier,2,Somewhat oppose,2,Somewhat oppose,2,Somewhat favor,4,
57,Female,2,Black,1,No,0,"$40,000 - $49,999",5,Joe Biden,1,Part-time,2,"By law, abortion should never be permitted.",1,Moderately often,3,Both equally,2,More than once a week,6,A little,2,A little,4,About half the time,3,About the same,3,Somewhat favor,4,Somewhat favor,4,Somewhat favor,4,
61,Male,1,Hispanic,2,No,0,"$20,000 - $29,999",3,Donald Trump,2,Retired,5,"The law should permit abortion for reasons other than rape,",3,Rarely,4,Reason and evidence,1,Seldom,2,A lot,1,A lot,2,Some of the time,4,Somewhat harder,4,Strongly oppose,1,Strongly oppose,1,Strongly oppose,1,
26,Female,2,Black,1,No,0,"Less than $10,000",1,Donald Trump,2,Part-time,2,"The law should permit abortion only in case of rape, incest, or when the woman's",2,Moderately often,3,Both equally,2,Once a week,5,A moderate amount,2,A lot,2,Some of the time,4,Somewhat easier,2,Neither favor nor oppose,3,Somewhat favor,4,Strongly favor,5,
54,Male,1,White,3,No,0,"$60,000 - $69,999",7,Joe Biden,1,Retired,5,"By law, a woman should always be able to obtain an abortion as a matter of perso",4,Never,5,Both equally,2,Don't know,7,A little,2,None at all,5,Most of the time,2,Somewhat easier,2,Somewhat favor,4,Neither favor nor oppose,3,Neither favor nor oppose,3,
20,Male,1,White,3,No,0,"$350,000 - $499,999",6,Joe Biden,1,Part-time,2,"By law, a woman should always be able to obtain an abortion as a matter of perso",4,Moderately often,3,Reason and evidence,1,Seldom,2,A moderate amount,1,A little,4,Most of the time,2,Somewhat easier,2,Strongly favor,5,Strongly oppose,1,Somewhat favor,4,
39,Male,1,White,3,No,0,"$100,000 - $119,999",11,Donald Trump,2,Full-time,1,"By law, abortion should never be permitted.",1,Never,5,Religious beliefs,3,More than once a week,6,None at all,3,None at all,5,Never,5,About the same,3,Somewhat oppose,2,Strongly favor,5,Somewhat oppose,2,
58,Male,1,Hispanic,2,Yes,1,"$20,000 - $29,999",3,Donald Trump,2,Permanently disabled,7,"The law should permit abortion only in case of rape, incest, or when the woman's",2,Rarely,4,Both equally,2,Seldom,2,A great deal,2,None at all,5,Some of the time,4,About the same,3,Somewhat favor,4,Strongly favor,5,Strongly favor,5,
56,Male,1,Hispanic,2,No,0,"$150,000 - $199,999",6,Joe Biden,1,Full-time,1,"By law, a woman should always be able to obtain an abortion as a matter of perso",4,Rarely,4,Reason and evidence,1,Never,1,A moderate amount,1,A moderate amount,3,About half the time,3,About the same,3,Strongly favor,5,Somewhat oppose,2,Strongly favor,5,
21,Male,1,White,3,No,0,"$70,000 - $79,999",8,Donald Trump,2,Part-time,2,"The law should permit abortion for reasons other than rape,",3,Rarely,4,Both equally,2,Once a week,5,A great deal,2,A great deal,1,Most of the time,2,A lot easier,1,Neither favor nor oppose,3,Neither favor nor oppose,3,Somewhat favor,4,
54,Male,1,Hispanic,2,No,0,"$10,000 - $19,999",2,Donald Trump,2,Part-time,2,"The law should permit abortion only in case of rape, incest, or when the woman's",2,Rarely,4,Both equally,2,Never,1,None at all,2,None at all,5,Some of the time,4,A lot harder,5,Strongly oppose,1,Strongly oppose,1,Strongly favor,5,
75,Male,1,White,3,No,0,"$50,000 - $59,999",6,Donald Trump,2,Retired,5,Other,5,Never,5,Both equally,2,More than once a week,6,None at all,2,None at all,5,Most of the time,2,A lot harder,5,Neither favor nor oppose,3,Strongly favor,5,Strongly oppose,1,
64,Female,2,White,3,Yes,1,"$20,000 - $29,999",3,Donald Trump,2,Homemaker,6,"The law should permit abortion only in case of rape, incest, or when the woman's",2,Rarely,4,Reason and evidence,1,A few times a year,3,A lot,1,A great deal,1,About half the time,3,Somewhat harder,4,Strongly favor,5,Strongly favor,5,Neither favor nor oppose,3,
70,Male,1,White,3,No,0,"$20,000 - $29,999",3,Donald Trump,2,Retired,5,"By law, abortion should never be permitted.",1,Never,5,Both equally,2,More than once a week,6,A little,2,None at all,5,About half the time,3,A lot harder,5,Neither favor nor oppose,3,Strongly favor,5,Somewhat oppose,2,
21,Female,2,White,3,No,0,"$40,000 - $49,999",5,Donald Trump,2,Unemployed,3,"The law should permit abortion only in case of rape, incest, or when the woman's",2,Moderately often,3,Both equally,2,Never,1,A moderate amount,2,A little,4,Some of the time,4,About the same,3,Neither favor nor oppose,3,Neither favor nor oppose,3,Neither favor nor oppose,3,
70,Male,1,White,3,No,0,"$20,000 - $29,999",3,Donald Trump,2,Retired,5,"By law, a woman should always be able to obtain an abortion as a matter of perso",4,Never,5,Both equally,2,Never,1,A lot,2,A lot,2,About half the time,3,Somewhat harder,4,Somewhat favor,4,Neither favor nor oppose,3,Neither favor nor oppose,3,
54,Male,1,White,3,No,0,"$40,000 - $49,999",5,Joe Biden,1,Temporarily laid off,9,"By law, a woman should always be able to obtain an abortion as a matter of perso",4,Very often,2,Both equally,2,Never,1,A moderate amount,2,A moderate amount,3,About half the time,3,Somewhat harder,4,Somewhat oppose,2,Somewhat oppose,2,Somewhat oppose,2,
32,Female,2,White,3,No,0,"$120,000 - $149,999",3,Joe Biden,1,Other,8,"By law, a woman should always be able to obtain an abortion as a matter of perso",4,Rarely,4,Reason and evidence,1,Seldom,2,A moderate amount,1,None at all,5,Most of the time,2,Somewhat easier,2,Neither favor nor oppose,3,Neither favor nor oppose,3,Neither favor nor oppose,3,
74,Male,1,White,3,Yes,1,"$40,000 - $49,999",5,Donald Trump,2,Retired,5,"By law, a woman should always be able to obtain an abortion as a matter of perso",4,Rarely,4,Reason and evidence,1,Seldom,2,A moderate amount,1,A little,4,Some of the time,4,Somewhat easier,2,Strongly favor,5,Strongly favor,5,Neither favor nor oppose,3,
46,Male,1,White,3,No,0,"$100,000 - $119,999",11,Donald Trump,2,Full-time,1,"By law, a woman should always be able to obtain an abortion as a matter of perso",4,Never,5,Reason and evidence,1,Never,1,A moderate amount,1,None at all,5,Some of the time,4,About the same,3,Somewhat oppose,2,Strongly favor,5,Strongly oppose,1,
85,Male,1,Hispanic,2,Yes,1,"$20,000 - $29,999",3,Donald Trump,2,Retired,5,"The law should permit abortion only in case of rape, incest, or when the woman's",2,Never,5,Religious beliefs,3,Once a week,5,A little,3,None at all,5,Most of the time,2,A lot harder,5,Neither favor nor oppose,3,Strongly favor,5,Neither favor nor oppose,3,
76,Male,1,White,3,No,0,"$80,000 - $99,999",9,Joe Biden,1,Part-time,2,"By law, a woman should always be able to obtain an abortion as a matter of perso",4,Moderately often,3,Reason and evidence,1,Never,1,A lot,1,A moderate amount,3,Some of the time,4,About the same,3,Strongly favor,5,Somewhat oppose,2,Strongly favor,5,
76,Male,1,White,3,Yes,1,"$40,000 - $49,999",5,Donald Trump,2,Retired,5,"By law, abortion should never be permitted.",1,Rarely,4,Reason and evidence,1,More than once a week,6,None at all,1,None at all,5,About half the time,3,A lot harder,5,Somewhat favor,4,Somewhat favor,4,Neither favor nor oppose,3,
29,Male,1,White,3,Yes,1,"$80,000 - $99,999",9,Donald Trump,2,Full-time,1,"The law should permit abortion only in case of rape, incest, or when the woman's",2,Moderately often,3,Reason and evidence,1,Once or twice a month,4,A lot,1,A lot,2,Some of the time,4,A lot harder,5,Strongly favor,5,Strongly favor,5,Strongly oppose,1,
20,Female,2,Hispanic,2,No,0,"$50,000 - $59,999",6,Joe Biden,1,Student,4,"By law, a woman should always be able to obtain an abortion as a matter of perso",4,Moderately often,3,Both equally,2,Never,1,A lot,2,A moderate amount,3,Some of the time,4,Somewhat easier,2,Somewhat oppose,2,Strongly oppose,1,Strongly favor,5,
30,Male,1,White,3,No,0,"Less than $10,000",1,Donald Trump,2,Full-time,1,"By law, abortion should never be permitted.",1,Rarely,4,Both equally,2,Seldom,2,A moderate amount,2,A moderate amount,3,Some of the time,4,About the same,3,Neither favor nor oppose,3,Somewhat favor,4,Neither favor nor oppose,3,
23,Female,2,White,3,No,0,"$30,000 - $39,999",4,Donald Trump,2,Part-time,2,"By law, abortion should never be permitted.",1,Moderately often,3,Both equally,2,Once a week,5,A little,2,A lot,2,About half the time,3,Somewhat easier,2,Somewhat favor,4,Somewhat favor,4,Somewhat favor,4,
20,Female,2,Hispanic,2,No,0,"$70,000 - $79,999",8,Joe Biden,1,Part-time,2,"By law, a woman should always be able to obtain an abortion as a matter of perso",4,Moderately often,3,Reason and evidence,1,A few times a year,3,A lot,1,A moderate amount,3,Most of the time,2,Somewhat harder,4,Somewhat favor,4,Neither favor nor oppose,3,Strongly favor,5,
58,Male,1,White,3,No,0,"$120,000 - $149,999",3,Donald Trump,2,Full-time,1,"The law should permit abortion for reasons other than rape,",3,Rarely,4,Reason and evidence,1,Never,1,A little,1,A little,4,About half the time,3,A lot easier,1,Somewhat oppose,2,Neither favor nor oppose,3,Strongly oppose,1,
53,Female,2,Hispanic,2,No,0,"$60,000 - $69,999",7,Donald Trump,2,Full-time,1,"The law should permit abortion for reasons other than rape,",3,Rarely,4,Both equally,2,Never,1,None at all,2,None at all,5,About half the time,3,Somewhat harder,4,Strongly oppose,1,Somewhat favor,4,Somewhat favor,4,
76,Male,1,Black,1,Yes,1,"$120,000 - $149,999",3,Donald Trump,2,Retired,5,"The law should permit abortion for reasons other than rape,",3,Very often,2,Reason and evidence,1,Seldom,2,A moderate amount,1,A moderate amount,3,About half the time,3,A lot harder,5,Strongly favor,5,Strongly favor,5,Somewhat favor,4,
43,Male,1,Hispanic,2,No,0,"$60,000 - $69,999",7,Joe Biden,1,Full-time,1,"By law, a woman should always be able to obtain an abortion as a matter of perso",4,Extremely often,1,Both equally,2,Seldom,2,A great deal,2,None at all,5,Some of the time,4,Somewhat easier,2,Neither favor nor oppose,3,Somewhat favor,4,Neither favor nor oppose,3,
83,Female,2,Hispanic,2,No,0,"$150,000 - $199,999",6,Joe Biden,1,Part-time,2,"By law, a woman should always be able to obtain an abortion as a matter of perso",4,Rarely,4,Reason and evidence,1,Once or twice a month,4,A great deal,1,A moderate amount,3,Most of the time,2,Somewhat harder,4,Strongly favor,5,Neither favor nor oppose,3,Neither favor nor oppose,3,
25,Female,2,White,3,No,0,"$80,000 - $99,999",9,Joe Biden,1,Full-time,1,"The law should permit abortion only in case of rape, incest, or when the woman's",2,Rarely,4,Reason and evidence,1,Once or twice a month,4,A lot,1,A moderate amount,3,About half the time,3,About the same,3,Strongly favor,5,Somewhat favor,4,Somewhat favor,4,
67,Female,2,White,3,Yes,1,"$20,000 - $29,999",3,Joe Biden,1,Part-time,2,"By law, a woman should always be able to obtain an abortion as a matter of perso",4,Rarely,4,Both equally,2,Once or twice a month,4,A moderate amount,2,A little,4,Most of the time,2,About the same,3,Strongly favor,5,Strongly favor,5,Somewhat favor,4,
51,Male,1,White,3,No,0,"$40,000 - $49,999",5,Donald Trump,2,Homemaker,6,"By law, a woman should always be able to obtain an abortion as a matter of perso",4,Moderately often,3,Both equally,2,Never,1,A moderate amount,2,A little,4,Some of the time,4,Somewhat easier,2,Neither favor nor oppose,3,Neither favor nor oppose,3,Neither favor nor oppose,3,
72,Female,2,White,3,Yes,1,"$30,000 - $39,999",4,Joe Biden,1,Retired,5,"By law, a woman should always be able to obtain an abortion as a matter of perso",4,Moderately often,3,Reason and evidence,1,Once or twice a month,4,A great deal,1,A moderate amount,3,Most of the time,2,Somewhat easier,2,Strongly favor,5,Somewhat oppose,2,Strongly favor,5,
61,Male,1,White,3,Yes,1,"$20,000 - $29,999",3,Donald Trump,2,Unemployed,3,"The law should permit abortion only in case of rape, incest, or when the woman's",2,Rarely,4,Reason and evidence,1,Once a week,5,A moderate amount,1,None at all,5,Some of the time,4,A lot harder,5,Strongly oppose,1,Somewhat oppose,2,Somewhat oppose,2,
20,Female,2,White,3,No,0,"$30,000 - $39,999",4,Joe Biden,1,Full-time,1,"The law should permit abortion only in case of rape, incest, or when the woman's",2,Rarely,4,Reason and evidence,1,Once or twice a month,4,A moderate amount,1,A lot,2,Most of the time,2,Somewhat easier,2,Somewhat oppose,2,Somewhat oppose,2,Somewhat favor,4,
20,Female,2,White,3,No,0,"$30,000 - $39,999",4,Donald Trump,2,Student,4,"By law, a woman should always be able to obtain an abortion as a matter of perso",4,Moderately often,3,Religious beliefs,3,Once a week,5,A lot,3,None at all,5,About half the time,3,About the same,3,Somewhat favor,4,Somewhat favor,4,Neither favor nor oppose,3,
23,Male,1,White,3,No,0,"$30,000 - $39,999",4,Joe Biden,1,Full-time,1,"By law, a woman should always be able to obtain an abortion as a matter of perso",4,Rarely,4,Reason and evidence,1,Never,1,A lot,1,A little,4,Most of the time,2,About the same,3,Neither favor nor oppose,3,Somewhat oppose,2,Somewhat favor,4,
23,Male,1,White,3,No,0,"Less than $10,000",1,Joe Biden,1,Part-time,2,"By law, abortion should never be permitted.",1,Never,5,Both equally,2,More than once a week,6,A moderate amount,2,A lot,2,About half the time,3,About the same,3,Somewhat favor,4,Neither favor nor oppose,3,Somewhat oppose,2,
69,Male,1,White,3,No,0,"$20,000 - $29,999",3,Donald Trump,2,Retired,5,Other,5,Rarely,4,Both equally,2,More than once a week,6,A little,2,None at all,5,Never,5,About the same,3,Somewhat oppose,2,Somewhat oppose,2,Somewhat oppose,2,
41,Male,1,White,3,Yes,1,"$250,000 - $349,999",6,Donald Trump,2,Full-time,1,"The law should permit abortion only in case of rape, incest, or when the woman's",2,Rarely,4,Both equally,2,Once a week,5,A little,2,None at all,5,About half the time,3,About the same,3,Somewhat oppose,2,Somewhat favor,4,Strongly oppose,1,
32,Male,1,White,3,Yes,1,"$80,000 - $99,999",9,Joe Biden,1,Part-time,2,"The law should permit abortion only in case of rape, incest, or when the woman's",2,Moderately often,3,Both equally,2,Once a week,5,A moderate amount,2,A lot,2,About half the time,3,About the same,3,Somewhat favor,4,Somewhat favor,4,Neither favor nor oppose,3,
63,Male,1,White,3,Yes,1,"$40,000 - $49,999",5,Joe Biden,1,Full-time,1,"By law, a woman should always be able to obtain an abortion as a matter of perso",4,Rarely,4,Reason and evidence,1,Never,1,A lot,1,A little,4,About half the time,3,Somewhat harder,4,Strongly favor,5,Somewhat favor,4,Strongly oppose,1,
60,Male,1,White,3,No,0,"$40,000 - $49,999",5,Joe Biden,1,Full-time,1,"The law should permit abortion for reasons other than rape,",3,Never,5,Reason and evidence,1,Once a week,5,A lot,1,A little,4,Most of the time,2,Somewhat easier,2,Strongly favor,5,Strongly oppose,1,Strongly favor,5,
30,Female,2,White,3,No,0,"$20,000 - $29,999",3,Donald Trump,2,Full-time,1,"By law, a woman should always be able to obtain an abortion as a matter of perso",4,Rarely,4,Both equally,2,Don't know,7,A moderate amount,2,A moderate amount,3,Never,5,Somewhat easier,2,Neither favor nor oppose,3,Neither favor nor oppose,3,Neither favor nor oppose,3,
22,Male,1,Hispanic,2,No,0,"$20,000 - $29,999",3,Joe Biden,1,Student,4,"By law, a woman should always be able to obtain an abortion as a matter of perso",4,Very often,2,Both equally,2,Never,1,A moderate amount,2,A moderate amount,3,About half the time,3,About the same,3,Neither favor nor oppose,3,Neither favor nor oppose,3,Somewhat favor,4,
50,Female,2,Black,1,Yes,1,"$20,000 - $29,999",3,Joe Biden,1,Homemaker,6,"By law, a woman should always be able to obtain an abortion as a matter of perso",4,Rarely,4,Reason and evidence,1,Never,1,A moderate amount,1,A little,4,Most of the time,2,Somewhat easier,2,Strongly favor,5,Strongly oppose,1,Strongly favor,5,
67,Female,2,Black,1,No,0,"$80,000 - $99,999",9,Joe Biden,1,Retired,5,"The law should permit abortion only in case of rape, incest, or when the woman's",2,Rarely,4,Reason and evidence,1,More than once a week,6,A great deal,1,A moderate amount,3,Some of the time,4,A lot harder,5,Neither favor nor oppose,3,Neither favor nor oppose,3,Neither favor nor oppose,3,
53,Male,1,White,3,Yes,1,"$20,000 - $29,999",3,Donald Trump,2,Permanently disabled,7,"The law should permit abortion for reasons other than rape,",3,Rarely,4,Reason and evidence,1,Never,1,A moderate amount,1,A moderate amount,3,About half the time,3,Somewhat easier,2,Somewhat favor,4,Somewhat oppose,2,Strongly favor,5,
33,Male,1,White,3,No,0,"$50,000 - $59,999",6,Donald Trump,2,Full-time,1,"The law should permit abortion only in case of rape, incest, or when the woman's",2,Rarely,4,Both equally,2,Once a week,5,A great deal,2,A great deal,1,About half the time,3,About the same,3,Somewhat oppose,2,Strongly oppose,1,Somewhat favor,4,
73,Male,1,White,3,Yes,1,"$20,000 - $29,999",3,Donald Trump,2,Retired,5,"By law, abortion should never be permitted.",1,Rarely,4,Both equally,2,Don't know,7,None at all,2,None at all,5,About half the time,3,Somewhat harder,4,Neither favor nor oppose,3,Neither favor nor oppose,3,Strongly oppose,1,
67,Female,2,White,3,No,0,"$80,000 - $99,999",9,Donald Trump,2,Retired,5,Other,5,Rarely,4,Both equally,2,Once a week,5,A little,2,None at all,5,Most of the time,2,About the same,3,Somewhat oppose,2,Strongly favor,5,Somewhat oppose,2,
70,Male,1,White,3,No,0,"$30,000 - $39,999",4,Joe Biden,1,Retired,5,"By law, a woman should always be able to obtain an abortion as a matter of perso",4,Rarely,4,Both equally,2,Once or twice a month,4,A moderate amount,2,A little,4,Most of the time,2,About the same,3,Strongly favor,5,Somewhat oppose,2,Somewhat favor,4,
57,Male,1,White,3,No,0,"$10,000 - $19,999",2,Joe Biden,1,Retired,5,"By law, a woman should always be able to obtain an abortion as a matter of perso",4,Rarely,4,Reason and evidence,1,Seldom,2,A lot,1,A little,4,Most of the time,2,A lot easier,1,Strongly favor,5,Somewhat oppose,2,Strongly favor,5,
70,Female,2,Black,1,No,0,"$50,000 - $59,999",6,Joe Biden,1,Full-time,1,"The law should permit abortion only in case of rape, incest, or when the woman's",2,Rarely,4,Religious beliefs,3,More than once a week,6,A great deal,3,None at all,5,About half the time,3,A lot harder,5,Neither favor nor oppose,3,Strongly oppose,1,Neither favor nor oppose,3,
55,Female,2,Black,1,No,0,"$80,000 - $99,999",9,Joe Biden,1,Permanently disabled,7,"The law should permit abortion for reasons other than rape,",3,Never,5,Both equally,2,Once or twice a month,4,A little,2,A moderate amount,3,Never,5,Somewhat harder,4,Neither favor nor oppose,3,Neither favor nor oppose,3,Neither favor nor oppose,3,
54,Male,1,White,3,No,0,"$200,000 - $249,999",13,Joe Biden,1,Full-time,1,"By law, a woman should always be able to obtain an abortion as a matter of perso",4,Rarely,4,Reason and evidence,1,Never,1,A lot,1,None at all,5,About half the time,3,About the same,3,Neither favor nor oppose,3,Neither favor nor oppose,3,Neither favor nor oppose,3,
37,Female,2,White,3,No,0,"$80,000 - $99,999",9,Donald Trump,2,Full-time,1,"By law, a woman should always be able to obtain an abortion as a matter of perso",4,Rarely,4,Reason and evidence,1,A few times a year,3,A little,1,None at all,5,Some of the time,4,A lot harder,5,Somewhat oppose,2,Somewhat oppose,2,Somewhat oppose,2,
35,Female,2,Hispanic,2,No,0,"$70,000 - $79,999",8,Donald Trump,2,Homemaker,6,"The law should permit abortion for reasons other than rape,",3,Rarely,4,Reason and evidence,1,Seldom,2,A great deal,1,None at all,5,About half the time,3,A lot harder,5,Neither favor nor oppose,3,Somewhat favor,4,Strongly favor,5,
60,Female,2,White,3,No,0,"$10,000 - $19,999",2,Donald Trump,2,Permanently disabled,7,"The law should permit abortion only in case of rape, incest, or when the woman's",2,Never,5,Both equally,2,Once or twice a month,4,None at all,2,None at all,5,Some of the time,4,A lot harder,5,Neither favor nor oppose,3,Strongly favor,5,Strongly oppose,1,
71,Male,1,White,3,Yes,1,"$80,000 - $99,999",9,Joe Biden,1,Retired,5,"By law, a woman should always be able to obtain an abortion as a matter of perso",4,Rarely,4,Reason and evidence,1,Seldom,2,A little,1,None at all,5,Some of the time,4,About the same,3,Strongly favor,5,Neither favor nor oppose,3,Neither favor nor oppose,3,
41,Male,1,White,3,No,0,"$60,000 - $69,999",7,Donald Trump,2,Full-time,1,"The law should permit abortion only in case of rape, incest, or when the woman's",2,Rarely,4,Reason and evidence,1,More than once a week,6,None at all,1,None at all,5,Some of the time,4,A lot harder,5,Somewhat favor,4,Somewhat oppose,2,Somewhat oppose,2,
33,Female,2,White,3,No,0,"$100,000 - $119,999",11,Joe Biden,1,Full-time,1,"The law should permit abortion for reasons other than rape,",3,Rarely,4,Reason and evidence,1,Once a week,5,A little,1,None at all,5,Most of the time,2,About the same,3,Strongly favor,5,Somewhat favor,4,Somewhat favor,4,
79,Male,1,White,3,Yes,1,"$50,000 - $59,999",6,Donald Trump,2,Retired,5,"The law should permit abortion only in case of rape, incest, or when the woman's",2,Rarely,4,Reason and evidence,1,More than once a week,6,A moderate amount,1,A little,4,About half the time,3,About the same,3,Neither favor nor oppose,3,Strongly favor,5,Neither favor nor oppose,3,
79,Female,2,Hispanic,2,No,0,"$20,000 - $29,999",3,Donald Trump,2,Retired,5,"The law should permit abortion only in case of rape, incest, or when the woman's",2,Rarely,4,Both equally,2,Never,1,A little,2,None at all,5,Most of the time,2,About the same,3,Strongly oppose,1,Somewhat favor,4,Strongly favor,5,
54,Female,2,Black,1,No,0,"$50,000 - $59,999",6,Donald Trump,2,Part-time,2,"By law, a woman should always be able to obtain an abortion as a matter of perso",4,Rarely,4,Religious beliefs,3,More than once a week,6,A moderate amount,3,A moderate amount,3,About half the time,3,About the same,3,Neither favor nor oppose,3,Neither favor nor oppose,3,Neither favor nor oppose,3,
76,Male,1,White,3,No,0,"$50,000 - $59,999",6,Joe Biden,1,Retired,5,"By law, a woman should always be able to obtain an abortion as a matter of perso",4,Rarely,4,Reason and evidence,1,Never,1,A moderate amount,1,A little,4,Most of the time,2,A lot easier,1,Strongly favor,5,Somewhat oppose,2,Strongly favor,5,
41,Female,2,White,3,No,0,"$30,000 - $39,999",4,Donald Trump,2,Part-time,2,"The law should permit abortion only in case of rape, incest, or when the woman's",2,Never,5,Both equally,2,Seldom,2,A moderate amount,2,A moderate amount,3,About half the time,3,About the same,3,Neither favor nor oppose,3,Neither favor nor oppose,3,Neither favor nor oppose,3,
34,Female,2,White,3,No,0,"$50,000 - $59,999",6,Donald Trump,2,Full-time,1,"By law, a woman should always be able to obtain an abortion as a matter of perso",4,Rarely,4,Both equally,2,Seldom,2,A moderate amount,2,A moderate amount,3,Some of the time,4,About the same,3,Somewhat oppose,2,Somewhat oppose,2,Neither favor nor oppose,3,
24,Female,2,White,3,No,0,"$50,000 - $59,999",6,Joe Biden,1,Part-time,2,"The law should permit abortion only in case of rape, incest, or when the woman's",2,Rarely,4,Reason and evidence,1,A few times a year,3,A moderate amount,1,A moderate amount,3,Most of the time,2,About the same,3,Neither favor nor oppose,3,Neither favor nor oppose,3,Neither favor nor oppose,3,
80,Female,2,White,3,Yes,1,"$30,000 - $39,999",4,Donald Trump,2,Retired,5,"The law should permit abortion only in case of rape, incest, or when the woman's",2,Rarely,4,Both equally,2,Once a week,5,A moderate amount,2,A moderate amount,3,Some of the time,4,A lot harder,5,Strongly favor,5,Strongly favor,5,Neither favor nor oppose,3,
77,Female,2,White,3,Yes,1,"$40,000 - $49,999",5,Donald Trump,2,Retired,5,"The law should permit abortion only in case of rape, incest, or when the woman's",2,Rarely,4,Both equally,2,Once a week,5,A little,2,None at all,5,Most of the time,2,Somewhat harder,4,Neither favor nor oppose,3,Strongly favor,5,Neither favor nor oppose,3,
35,Female,2,White,3,No,0,"Less than $10,000",1,Joe Biden,1,Unemployed,3,"By law, a woman should always be able to obtain an abortion as a matter of perso",4,Very often,2,Both equally,2,Never,1,A lot,2,A little,4,Some of the time,4,About the same,3,Neither favor nor oppose,3,Somewhat oppose,2,Somewhat favor,4,
58,Female,2,White,3,No,0,"$20,000 - $29,999",3,Donald Trump,2,Permanently disabled,7,"The law should permit abortion for reasons other than rape,",3,Rarely,4,Reason and evidence,1,Never,1,A moderate amount,1,A little,4,Most of the time,2,Somewhat harder,4,Somewhat oppose,2,Neither favor nor oppose,3,Neither favor nor oppose,3,
44,Female,2,White,3,No,0,"$40,000 - $49,999",5,Donald Trump,2,Homemaker,6,"By law, abortion should never be permitted.",1,Rarely,4,Both equally,2,Once a week,5,None at all,2,None at all,5,Some of the time,4,Somewhat harder,4,Strongly oppose,1,Somewhat favor,4,Somewhat oppose,2,
38,Female,2,Black,1,No,0,"Less than $10,000",1,Joe Biden,1,Unemployed,3,"By law, a woman should always be able to obtain an abortion as a matter of perso",4,Rarely,4,Reason and evidence,1,Seldom,2,A lot,1,A lot,2,Some of the time,4,A lot harder,5,Strongly favor,5,Neither favor nor oppose,3,Somewhat favor,4,
70,Female,2,White,3,Yes,1,"$70,000 - $79,999",8,Donald Trump,2,Retired,5,"The law should permit abortion only in case of rape, incest, or when the woman's",2,Rarely,4,Both equally,2,Once or twice a month,4,None at all,2,None at all,5,About half the time,3,A lot harder,5,Strongly oppose,1,Strongly favor,5,Somewhat favor,4,
44,Female,2,White,3,No,0,"$60,000 - $69,999",7,Donald Trump,2,Homemaker,6,"By law, abortion should never be permitted.",1,Very often,2,Both equally,2,Never,1,None at all,2,None at all,5,Some of the time,4,A lot harder,5,Strongly oppose,1,Strongly oppose,1,Strongly oppose,1,
66,Female,2,White,3,No,0,"$30,000 - $39,999",4,Donald Trump,2,Retired,5,"The law should permit abortion only in case of rape, incest, or when the woman's",2,Rarely,4,Both equally,2,Never,1,None at all,2,None at all,5,Never,5,About the same,3,Strongly oppose,1,Strongly favor,5,Strongly oppose,1,
76,Female,2,White,3,No,0,"$50,000 - $59,999",6,Donald Trump,2,Full-time,1,Other,5,Rarely,4,Reason and evidence,1,Seldom,2,None at all,1,None at all,5,Most of the time,2,A lot harder,5,Strongly oppose,1,Somewhat favor,4,Strongly oppose,1,
70,Female,2,White,3,No,0,"$40,000 - $49,999",5,Donald Trump,2,Retired,5,"The law should permit abortion only in case of rape, incest, or when the woman's",2,Rarely,4,Religious beliefs,3,Once a week,5,A little,3,None at all,5,Some of the time,4,Somewhat easier,2,Strongly oppose,1,Strongly favor,5,Somewhat oppose,2,
46,Female,2,White,3,No,0,"$20,000 - $29,999",3,Donald Trump,2,Part-time,2,"By law, abortion should never be permitted.",1,Rarely,4,Both equally,2,More than once a week,6,A little,2,None at all,5,Some of the time,4,About the same,3,Strongly oppose,1,Neither favor nor oppose,3,Neither favor nor oppose,3,
68,Female,2,White,3,No,0,"$40,000 - $49,999",5,Donald Trump,2,Retired,5,Other,5,Never,5,Both equally,2,Never,1,A little,2,None at all,5,Some of the time,4,Somewhat harder,4,Neither favor nor oppose,3,Neither favor nor oppose,3,Neither favor nor oppose,3,
73,Female,2,White,3,No,0,"$60,000 - $69,999",7,Donald Trump,2,Retired,5,"The law should permit abortion for reasons other than rape,",3,Rarely,4,Reason and evidence,1,Never,1,None at all,1,None at all,5,Most of the time,2,A lot harder,5,Somewhat favor,4,Somewhat favor,4,Neither favor nor oppose,3,
31,Female,2,White,3,No,0,"$50,000 - $59,999",6,Donald Trump,2,Unemployed,3,"The law should permit abortion only in case of rape, incest, or when the woman's",2,Rarely,4,Both equally,2,A few times a year,3,A little,2,A moderate amount,3,Some of the time,4,Somewhat easier,2,Neither favor nor oppose,3,Neither favor nor oppose,3,Somewhat favor,4,
27,Female,2,Hispanic,2,No,0,"$30,000 - $39,999",4,Joe Biden,1,Part-time,2,"By law, a woman should always be able to obtain an abortion as a matter of perso",4,Moderately often,3,Reason and evidence,1,Once a week,5,A lot,1,A lot,2,Most of the time,2,A lot easier,1,Neither favor nor oppose,3,Strongly oppose,1,Somewhat favor,4,
60,Female,2,Black,1,Yes,1,"$20,000 - $29,999",3,Joe Biden,1,Retired,5,"The law should permit abortion for reasons other than rape,",3,Never,5,Both equally,2,Once or twice a month,4,A little,2,A little,4,Some of the time,4,A lot harder,5,Strongly favor,5,Strongly favor,5,Strongly favor,5,
63,Female,2,Hispanic,2,No,0,"$70,000 - $79,999",8,Donald Trump,2,Retired,5,"By law, a woman should always be able to obtain an abortion as a matter of perso",4,Moderately often,3,Religious beliefs,3,Don't know,7,A moderate amount,3,A moderate amount,3,Never,5,About the same,3,Neither favor nor oppose,3,Neither favor nor oppose,3,Neither favor nor oppose,3,
30,Female,2,Hispanic,2,Yes,1,"Less than $10,000",1,Donald Trump,2,Homemaker,6,"The law should permit abortion for reasons other than rape,",3,Extremely often,1,Religious beliefs,3,A few times a year,3,A moderate amount,3,A moderate amount,3,About half the time,3,Somewhat easier,2,Strongly favor,5,Somewhat favor,4,Somewhat favor,4,
38,Male,1,White,3,No,0,"$70,000 - $79,999",8,Joe Biden,1,Full-time,1,"The law should permit abortion for reasons other than rape,",3,Extremely often,1,Religious beliefs,3,Once or twice a month,4,A moderate amount,3,A lot,2,Always,1,A lot easier,1,Neither favor nor oppose,3,Somewhat favor,4,Somewhat oppose,2,
24,Male,1,Hispanic,2,No,0,"$20,000 - $29,999",3,Donald Trump,2,Part-time,2,"The law should permit abortion for reasons other than rape,",3,Moderately often,3,Both equally,2,A few times a year,3,A moderate amount,2,A moderate amount,3,About half the time,3,Somewhat harder,4,Neither favor nor oppose,3,Neither favor nor oppose,3,Neither favor nor oppose,3,
34,Male,1,White,3,No,0,"$20,000 - $29,999",3,Joe Biden,1,Unemployed,3,"The law should permit abortion for reasons other than rape,",3,Rarely,4,Both equally,2,A few times a year,3,A little,2,A little,4,Most of the time,2,A lot harder,5,Strongly favor,5,Strongly favor,5,Strongly oppose,1,
26,Female,2,Hispanic,2,Yes,1,"$10,000 - $19,999",2,Joe Biden,1,Permanently disabled,7,"By law, a woman should always be able to obtain an abortion as a matter of perso",4,Rarely,4,Both equally,2,A few times a year,3,A moderate amount,2,None at all,5,Some of the time,4,About the same,3,Neither favor nor oppose,3,Neither favor nor oppose,3,Neither favor nor oppose,3,
43,Female,2,White,3,No,0,"$100,000 - $119,999",11,Donald Trump,2,Full-time,1,"The law should permit abortion for reasons other than rape,",3,Rarely,4,Both equally,2,Seldom,2,None at all,2,None at all,5,Some of the time,4,About the same,3,Strongly oppose,1,Strongly oppose,1,Strongly oppose,1,
59,Male,1,White,3,No,0,"$50,000 - $59,999",6,Donald Trump,2,Full-time,1,"The law should permit abortion for reasons other than rape,",3,Rarely,4,Both equally,2,Once or twice a month,4,A moderate amount,2,None at all,5,Most of the time,2,About the same,3,Neither favor nor oppose,3,Strongly favor,5,Somewhat oppose,2,
27,Male,1,White,3,Yes,1,"$60,000 - $69,999",7,Joe Biden,1,Part-time,2,"By law, a woman should always be able to obtain an abortion as a matter of perso",4,Very often,2,Reason and evidence,1,Once a week,5,A lot,1,A lot,2,Always,1,Somewhat easier,2,Neither favor nor oppose,3,Neither favor nor oppose,3,Somewhat favor,4,
50,Male,1,Hispanic,2,No,0,"$70,000 - $79,999",8,Joe Biden,1,Part-time,2,"By law, a woman should always be able to obtain an abortion as a matter of perso",4,Rarely,4,Both equally,2,Seldom,2,A great deal,2,None at all,5,About half the time,3,A lot easier,1,Neither favor nor oppose,3,Somewhat oppose,2,Strongly favor,5,
42,Male,1,Black,1,No,0,"$20,000 - $29,999",3,Joe Biden,1,Unemployed,3,"By law, a woman should always be able to obtain an abortion as a matter of perso",4,Never,5,Reason and evidence,1,Never,1,A moderate amount,1,A moderate amount,3,Some of the time,4,About the same,3,Somewhat favor,4,Somewhat favor,4,Somewhat favor,4,
27,Female,2,White,3,No,0,"$10,000 - $19,999",2,Donald Trump,2,Full-time,1,"The law should permit abortion only in case of rape, incest, or when the woman's",2,Rarely,4,Both equally,2,Once a week,5,A lot,2,A great deal,1,Never,5,Somewhat easier,2,Somewhat favor,4,Neither favor nor oppose,3,Neither favor nor oppose,3,
38,Female,2,Hispanic,2,Yes,1,"$120,000 - $149,999",3,Joe Biden,1,Full-time,1,"The law should permit abortion for reasons other than rape,",3,Extremely often,1,Reason and evidence,1,Seldom,2,A great deal,1,A lot,2,Most of the time,2,A lot easier,1,Strongly favor,5,Somewhat favor,4,Somewhat favor,4,
26,Female,2,Hispanic,2,No,0,"$80,000 - $99,999",9,Donald Trump,2,Full-time,1,"By law, a woman should always be able to obtain an abortion as a matter of perso",4,Never,5,Both equally,2,More than once a week,6,A great deal,2,A great deal,1,About half the time,3,About the same,3,Strongly favor,5,Neither favor nor oppose,3,Strongly favor,5,
40,Male,1,White,3,No,0,"$20,000 - $29,999",3,Joe Biden,1,Permanently disabled,7,"By law, a woman should always be able to obtain an abortion as a matter of perso",4,Rarely,4,Reason and evidence,1,Never,1,A great deal,1,A little,4,About half the time,3,Somewhat easier,2,Strongly favor,5,Strongly oppose,1,Strongly favor,5,
61,Female,2,Black,1,No,0,"$10,000 - $19,999",2,Joe Biden,1,Retired,5,Other,5,Rarely,4,Both equally,2,More than once a week,6,A lot,2,None at all,5,About half the time,3,Somewhat harder,4,Neither favor nor oppose,3,Neither favor nor oppose,3,Neither favor nor oppose,3,
29,Female,2,White,3,Yes,1,"$70,000 - $79,999",8,Donald Trump,2,Full-time,1,"The law should permit abortion for reasons other than rape,",3,Moderately often,3,Both equally,2,A few times a year,3,A moderate amount,2,A little,4,Some of the time,4,About the same,3,Somewhat oppose,2,Somewhat oppose,2,Somewhat oppose,2,
23,Male,1,White,3,Yes,1,"$20,000 - $29,999",3,Joe Biden,1,Unemployed,3,"The law should permit abortion for reasons other than rape,",3,Rarely,4,Both equally,2,Once or twice a month,4,A moderate amount,2,A moderate amount,3,Most of the time,2,About the same,3,Somewhat favor,4,Neither favor nor oppose,3,Neither favor nor oppose,3,
22,Male,1,White,3,No,0,"$40,000 - $49,999",5,Joe Biden,1,Unemployed,3,"By law, a woman should always be able to obtain an abortion as a matter of perso",4,Rarely,4,Reason and evidence,1,Never,1,A great deal,1,A lot,2,About half the time,3,A lot harder,5,Strongly favor,5,Strongly oppose,1,Strongly favor,5,
47,Male,1,Black,1,Yes,1,"Less than $10,000",1,Joe Biden,1,Unemployed,3,"By law, a woman should always be able to obtain an abortion as a matter of perso",4,Rarely,4,Both equally,2,Seldom,2,A lot,2,A little,4,About half the time,3,Somewhat harder,4,Strongly favor,5,Neither favor nor oppose,3,Somewhat favor,4,
33,Male,1,Hispanic,2,No,0,"Less than $10,000",1,Joe Biden,1,Homemaker,6,"By law, a woman should always be able to obtain an abortion as a matter of perso",4,Rarely,4,Both equally,2,Seldom,2,A little,2,A little,4,Never,5,Somewhat easier,2,Somewhat favor,4,Somewhat favor,4,Somewhat oppose,2,
42,Male,1,White,3,No,0,"$50,000 - $59,999",6,Joe Biden,1,Unemployed,3,"By law, a woman should always be able to obtain an abortion as a matter of perso",4,Rarely,4,Reason and evidence,1,Never,1,A great deal,1,A moderate amount,3,About half the time,3,About the same,3,Strongly favor,5,Strongly oppose,1,Strongly favor,5,
57,Male,1,White,3,No,0,"$40,000 - $49,999",5,Donald Trump,2,Full-time,1,"The law should permit abortion only in case of rape, incest, or when the woman's",2,Rarely,4,Reason and evidence,1,Never,1,None at all,1,None at all,5,Some of the time,4,A lot harder,5,Strongly oppose,1,Strongly favor,5,Strongly favor,5,
26,Male,1,White,3,Yes,1,"$100,000 - $119,999",11,Donald Trump,2,Full-time,1,"The law should permit abortion only in case of rape, incest, or when the woman's",2,Extremely often,1,Reason and evidence,1,Once or twice a month,4,A moderate amount,1,A moderate amount,3,Most of the time,2,About the same,3,Somewhat favor,4,Neither favor nor oppose,3,Neither favor nor oppose,3,
44,Female,2,White,3,No,0,"$30,000 - $39,999",4,Donald Trump,2,Unemployed,3,"By law, a woman should always be able to obtain an abortion as a matter of perso",4,Rarely,4,Reason and evidence,1,Never,1,A little,1,A little,4,About half the time,3,Somewhat harder,4,Strongly oppose,1,Strongly oppose,1,Strongly favor,5,
20,Female,2,White,3,No,0,"$40,000 - $49,999",5,Donald Trump,2,Part-time,2,"By law, a woman should always be able to obtain an abortion as a matter of perso",4,Very often,2,Both equally,2,Never,1,A moderate amount,2,A moderate amount,3,Some of the time,4,A lot easier,1,Somewhat oppose,2,Somewhat oppose,2,Somewhat oppose,2,
59,Male,1,White,3,No,0,"$70,000 - $79,999",8,Donald Trump,2,Permanently disabled,7,"By law, abortion should never be permitted.",1,Rarely,4,Both equally,2,Once a week,5,None at all,2,None at all,5,Some of the time,4,A lot harder,5,Neither favor nor oppose,3,Somewhat favor,4,Strongly oppose,1,
39,Male,1,White,3,No,0,"$150,000 - $199,999",6,Donald Trump,2,Full-time,1,"The law should permit abortion only in case of rape, incest, or when the woman's",2,Rarely,4,Reason and evidence,1,Never,1,A lot,1,A little,4,About half the time,3,Somewhat harder,4,Neither favor nor oppose,3,Neither favor nor oppose,3,Somewhat favor,4,
19,Male,1,Hispanic,2,No,0,"Less than $10,000",1,Joe Biden,1,Full-time,1,"The law should permit abortion only in case of rape, incest, or when the woman's",2,Very often,2,Both equally,2,Once a week,5,A moderate amount,2,A lot,2,About half the time,3,About the same,3,Somewhat favor,4,Somewhat favor,4,Neither favor nor oppose,3,
76,Female,2,White,3,No,0,"$100,000 - $119,999",11,Donald Trump,2,Retired,5,"The law should permit abortion for reasons other than rape,",3,Moderately often,3,Both equally,2,Once or twice a month,4,A moderate amount,2,None at all,5,About half the time,3,Somewhat easier,2,Somewhat favor,4,Somewhat favor,4,Somewhat favor,4,
43,Male,1,White,3,Yes,1,"$120,000 - $149,999",3,Joe Biden,1,Full-time,1,"By law, a woman should always be able to obtain an abortion as a matter of perso",4,Rarely,4,Reason and evidence,1,Never,1,A moderate amount,1,A little,4,About half the time,3,A lot harder,5,Strongly favor,5,Strongly oppose,1,Strongly favor,5,
22,Female,2,Hispanic,2,No,0,"Less than $10,000",1,Joe Biden,1,Part-time,2,"The law should permit abortion only in case of rape, incest, or when the woman's",2,Moderately often,3,Both equally,2,Once a week,5,A lot,2,A moderate amount,3,About half the time,3,Somewhat easier,2,Somewhat favor,4,Somewhat favor,4,Somewhat favor,4,
52,Female,2,Black,1,No,0,"Less than $10,000",1,Joe Biden,1,Permanently disabled,7,"The law should permit abortion for reasons other than rape,",3,Rarely,4,Both equally,2,A few times a year,3,A great deal,2,A lot,2,Never,5,A lot harder,5,Strongly favor,5,Strongly favor,5,Strongly favor,5,
54,Female,2,Black,1,No,0,"Less than $10,000",1,Joe Biden,1,Retired,5,"The law should permit abortion only in case of rape, incest, or when the woman's",2,Rarely,4,Both equally,2,Never,1,A great deal,2,A great deal,1,Some of the time,4,About the same,3,Neither favor nor oppose,3,Neither favor nor oppose,3,Neither favor nor oppose,3,
21,Male,1,Hispanic,2,Yes,1,"$30,000 - $39,999",4,Donald Trump,2,Full-time,1,"The law should permit abortion only in case of rape, incest, or when the woman's",2,Rarely,4,Reason and evidence,1,Once a week,5,A moderate amount,1,A little,4,About half the time,3,A lot easier,1,Neither favor nor oppose,3,Somewhat favor,4,Strongly favor,5,
62,Male,1,Black,1,No,0,"$40,000 - $49,999",5,Donald Trump,2,Full-time,1,"By law, a woman should always be able to obtain an abortion as a matter of perso",4,Never,5,Both equally,2,Once a week,5,A lot,2,A great deal,1,Some of the time,4,A lot harder,5,Neither favor nor oppose,3,Strongly oppose,1,Neither favor nor oppose,3,
58,Male,1,White,3,No,0,"$70,000 - $79,999",8,Donald Trump,2,Full-time,1,"By law, abortion should never be permitted.",1,Never,5,Religious beliefs,3,Once a week,5,None at all,3,None at all,5,Some of the time,4,A lot harder,5,Neither favor nor oppose,3,Strongly favor,5,Neither favor nor oppose,3,
62,Female,2,White,3,No,0,"$50,000 - $59,999",6,Donald Trump,2,Full-time,1,"The law should permit abortion only in case of rape, incest, or when the woman's",2,Rarely,4,Reason and evidence,1,Never,1,A great deal,1,None at all,5,Some of the time,4,A lot easier,1,Strongly favor,5,Neither favor nor oppose,3,Neither favor nor oppose,3,
45,Male,1,White,3,No,0,"$100,000 - $119,999",11,Donald Trump,2,Permanently disabled,7,"The law should permit abortion for reasons other than rape,",3,Moderately often,3,Both equally,2,Never,1,A moderate amount,2,A moderate amount,3,Some of the time,4,About the same,3,Neither favor nor oppose,3,Neither favor nor oppose,3,Neither favor nor oppose,3,
43,Female,2,Hispanic,2,No,0,"$20,000 - $29,999",3,Joe Biden,1,Full-time,1,"The law should permit abortion for reasons other than rape,",3,Never,5,Both equally,2,Seldom,2,A little,2,None at all,5,Some of the time,4,Somewhat harder,4,Strongly oppose,1,Somewhat oppose,2,Somewhat oppose,2,
58,Female,2,White,3,No,0,"$80,000 - $99,999",9,Donald Trump,2,Part-time,2,"By law, a woman should always be able to obtain an abortion as a matter of perso",4,Never,5,Reason and evidence,1,Seldom,2,A little,1,A little,4,Some of the time,4,Somewhat harder,4,Neither favor nor oppose,3,Neither favor nor oppose,3,Neither favor nor oppose,3,
54,Male,1,White,3,No,0,"Less than $10,000",1,Donald Trump,2,Unemployed,3,"The law should permit abortion for reasons other than rape,",3,Rarely,4,Reason and evidence,1,Never,1,A moderate amount,1,None at all,5,About half the time,3,A lot harder,5,Somewhat oppose,2,Neither favor nor oppose,3,Neither favor nor oppose,3,
36,Female,2,White,3,No,0,"$20,000 - $29,999",3,Donald Trump,2,Full-time,1,"By law, a woman should always be able to obtain an abortion as a matter of perso",4,Rarely,4,Reason and evidence,1,Never,1,A lot,1,A little,4,Never,5,A lot harder,5,Somewhat oppose,2,Somewhat oppose,2,Somewhat oppose,2,
62,Female,2,White,3,No,0,"$70,000 - $79,999",8,Donald Trump,2,Retired,5,"By law, abortion should never be permitted.",1,Rarely,4,Religious beliefs,3,Once a week,5,None at all,3,None at all,5,Some of the time,4,A lot harder,5,Somewhat oppose,2,Somewhat favor,4,Somewhat oppose,2,
47,Male,1,White,3,No,0,"$80,000 - $99,999",9,Donald Trump,2,Full-time,1,"The law should permit abortion for reasons other than rape,",3,Rarely,4,Reason and evidence,1,Never,1,A moderate amount,1,None at all,5,About half the time,3,About the same,3,Somewhat oppose,2,Somewhat oppose,2,Somewhat favor,4,
38,Male,1,Hispanic,2,Yes,1,"Less than $10,000",1,Joe Biden,1,Homemaker,6,"The law should permit abortion only in case of rape, incest, or when the woman's",2,Rarely,4,Both equally,2,A few times a year,3,A little,2,A moderate amount,3,About half the time,3,About the same,3,Somewhat favor,4,Somewhat favor,4,Somewhat favor,4,
52,Male,1,White,3,No,0,"$50,000 - $59,999",6,Donald Trump,2,Other,8,"The law should permit abortion only in case of rape, incest, or when the woman's",2,Never,5,Both equally,2,More than once a week,6,None at all,2,None at all,5,Most of the time,2,A lot harder,5,Strongly oppose,1,Strongly oppose,1,Strongly favor,5,
61,Male,1,White,3,No,0,"$100,000 - $119,999",11,Donald Trump,2,Full-time,1,"The law should permit abortion only in case of rape, incest, or when the woman's",2,Rarely,4,Both equally,2,Seldom,2,None at all,2,None at all,5,Never,5,A lot harder,5,Somewhat favor,4,Somewhat favor,4,Strongly oppose,1,
64,Male,1,White,3,Yes,1,"$30,000 - $39,999",4,Donald Trump,2,Part-time,2,"The law should permit abortion only in case of rape, incest, or when the woman's",2,Rarely,4,Both equally,2,Never,1,None at all,2,None at all,5,Some of the time,4,A lot harder,5,Somewhat oppose,2,Strongly favor,5,Strongly oppose,1,
21,Female,2,White,3,No,0,"$70,000 - $79,999",8,Donald Trump,2,Part-time,2,"The law should permit abortion for reasons other than rape,",3,Moderately often,3,Both equally,2,A few times a year,3,A moderate amount,2,A moderate amount,3,Some of the time,4,Somewhat harder,4,Somewhat favor,4,Somewhat favor,4,Somewhat favor,4,
52,Female,2,Hispanic,2,No,0,"$50,000 - $59,999",6,Donald Trump,2,Unemployed,3,"The law should permit abortion for reasons other than rape,",3,Rarely,4,Both equally,2,Once a week,5,None at all,2,None at all,5,About half the time,3,About the same,3,Somewhat favor,4,Somewhat favor,4,Somewhat favor,4,
26,Male,1,Hispanic,2,No,0,"$100,000 - $119,999",11,Donald Trump,2,Full-time,1,"The law should permit abortion for reasons other than rape,",3,Rarely,4,Both equally,2,Once a week,5,A moderate amount,2,A moderate amount,3,Most of the time,2,About the same,3,Strongly favor,5,Strongly favor,5,Strongly favor,5,
26,Female,2,Hispanic,2,No,0,"$30,000 - $39,999",4,Joe Biden,1,Unemployed,3,"The law should permit abortion for reasons other than rape,",3,Rarely,4,Both equally,2,Never,1,A moderate amount,2,A moderate amount,3,Most of the time,2,About the same,3,Neither favor nor oppose,3,Neither favor nor oppose,3,Neither favor nor oppose,3,
33,Male,1,Black,1,No,0,"$10,000 - $19,999",2,Joe Biden,1,Part-time,2,"The law should permit abortion for reasons other than rape,",3,Rarely,4,Both equally,2,More than once a week,6,A moderate amount,2,A moderate amount,3,Some of the time,4,About the same,3,Neither favor nor oppose,3,Neither favor nor oppose,3,Neither favor nor oppose,3,
25,Female,2,White,3,No,0,"$120,000 - $149,999",3,Joe Biden,1,Full-time,1,"The law should permit abortion for reasons other than rape,",3,Moderately often,3,Both equally,2,Once a week,5,A lot,2,A great deal,1,About half the time,3,About the same,3,Strongly oppose,1,Strongly oppose,1,Strongly oppose,1,
75,Female,2,Black,1,Yes,1,"$60,000 - $69,999",7,Joe Biden,1,Retired,5,"By law, a woman should always be able to obtain an abortion as a matter of perso",4,Moderately often,3,Reason and evidence,1,Never,1,A great deal,1,A lot,2,Most of the time,2,A lot easier,1,Strongly favor,5,Somewhat oppose,2,Strongly favor,5,
35,Male,1,White,3,No,0,"$50,000 - $59,999",6,Joe Biden,1,Full-time,1,"By law, a woman should always be able to obtain an abortion as a matter of perso",4,Moderately often,3,Reason and evidence,1,Never,1,A great deal,1,A great deal,1,Most of the time,2,A lot easier,1,Strongly favor,5,Strongly oppose,1,Strongly favor,5,
58,Male,1,Hispanic,2,No,0,"$80,000 - $99,999",9,Joe Biden,1,Retired,5,"By law, a woman should always be able to obtain an abortion as a matter of perso",4,Rarely,4,Reason and evidence,1,Seldom,2,A great deal,1,A great deal,1,Most of the time,2,A lot easier,1,Strongly favor,5,Neither favor nor oppose,3,Strongly favor,5,
26,Female,2,White,3,No,0,"$120,000 - $149,999",3,Joe Biden,1,Full-time,1,"By law, a woman should always be able to obtain an abortion as a matter of perso",4,Rarely,4,Reason and evidence,1,Never,1,A lot,1,A little,4,Most of the time,2,Somewhat easier,2,Neither favor nor oppose,3,Somewhat oppose,2,Somewhat favor,4,
64,Male,1,Hispanic,2,No,0,"$70,000 - $79,999",8,Joe Biden,1,Part-time,2,"By law, a woman should always be able to obtain an abortion as a matter of perso",4,Rarely,4,Reason and evidence,1,Seldom,2,A great deal,1,A lot,2,Most of the time,2,Somewhat harder,4,Strongly favor,5,Strongly oppose,1,Strongly favor,5,
69,Female,2,White,3,No,0,"$20,000 - $29,999",3,Joe Biden,1,Retired,5,"The law should permit abortion for reasons other than rape,",3,Rarely,4,Reason and evidence,1,Seldom,2,A moderate amount,1,A little,4,Most of the time,2,About the same,3,Neither favor nor oppose,3,Neither favor nor oppose,3,Neither favor nor oppose,3,